{"type": "FeatureCollection", "features": [{"type": "Feature", "geometry": {"type": "Polygon", "coordinates": [[[74.27087, 18.30424], [74.27311, 18.30392], [74.2784, 18.30122], [74.28071, 18.30069], [74.28153, 18.30091], [74.28274, 18.30298], [74.28345, 18.30294], [74.28588, 18.30149], [74.29127, 18.29987], [74.29219, 18.29826], [74.293, 18.29788], [74.29502, 18.29806], [74.29304, 18.29128], [74.28684, 18.27752], [74.2854, 18.27246], [74.28099, 18.27048], [74.27532, 18.26706], [74.27479, 18.26875], [74.27258, 18.27174], [74.26465, 18.27636], [74.26426, 18.2776], [74.2644, 18.28452], [74.26567, 18.29056], [74.26603, 18.29577], [74.26596, 18.30338], [74.27087, 18.30424]]]}, "properties": {"panchayat_id": "IND.20.26.1_1__gp185365", "name": "Ambi Bk.", "unit_type": "gram_panchayat", "area_km2": 8.794, "centroid_lat": 18.28756, "centroid_lon": 74.27786, "terrain": {"elevation_m": 636.3978374609875, "slope_deg": 0.32220747714239106, "monsoon_exposure": -0.003928599360945346, "ruggedness_m": 5.022303738613667, "roughness_m": 3.552175112949032, "local_relief_m": 11.73673013164489, "distance_to_coast_km": 125.6391664164677, "upwind_barrier_m": 165.01017315757178, "downwind_rise_m": 6.847643419340216, "upwind_max_elev_m": 801.4080106185593}, "block_id": "IND.20.26.1_1", "block_name": "Baramati", "district": "Pune"}}, {"type": "Feature", "geometry": {"type": "Polygon", "coordinates": [[[74.30249, 18.33566], [74.30265, 18.32622], [74.29674, 18.32319], [74.29466, 18.30286], [74.29466, 18.301], [74.29598, 18.30063], [74.29621, 18.29845], [74.293, 18.29788], [74.29219, 18.29826], [74.29127, 18.29987], [74.28588, 18.30149], [74.28345, 18.30294], [74.28274, 18.30298], [74.28153, 18.30091], [74.28071, 18.30069], [74.2784, 18.30122], [74.27311, 18.30392], [74.27087, 18.30424], [74.27143, 18.30434], [74.27128, 18.30525], [74.27169, 18.30563], [74.27272, 18.31837], [74.27392, 18.32261], [74.28022, 18.33351], [74.29603, 18.33563], [74.30249, 18.33566]]]}, "properties": {"panchayat_id": "IND.20.26.1_1__gp185366", "name": "Ambi Kh.", "unit_type": "gram_panchayat", "area_km2": 9.073, "centroid_lat": 18.31811, "centroid_lon": 74.28648, "terrain": {"elevation_m": 647.2625148231675, "slope_deg": 0.7746046910970642, "monsoon_exposure": 0.008757700878803537, "ruggedness_m": 11.899928429912094, "roughness_m": 3.538696083769448, "local_relief_m": 34.56617336251804, "distance_to_coast_km": 126.65915117159828, "upwind_barrier_m": 269.26936771457304, "downwind_rise_m": 14.549288027132206, "upwind_max_elev_m": 916.5318825377406}, "block_id": "IND.20.26.1_1", "block_name": "Baramati", "district": "Pune"}}, {"type": "Feature", "geometry": {"type": "Polygon", "coordinates": [[[74.48956, 18.24782], [74.49164, 18.24761], [74.5057, 18.2437], [74.51097, 18.2379], [74.51978, 18.2368], [74.52163, 18.23483], [74.52332, 18.23071], [74.52016, 18.22958], [74.51923, 18.22843], [74.51886, 18.22662], [74.51929, 18.21609], [74.51776, 18.20724], [74.51606, 18.20105], [74.5106, 18.20322], [74.50751, 18.20174], [74.50502, 18.20142], [74.50225, 18.20189], [74.50069, 18.20257], [74.49839, 18.20471], [74.49878, 18.20699], [74.49847, 18.208], [74.49473, 18.20677], [74.48982, 18.20759], [74.48846, 18.20837], [74.48659, 18.21148], [74.4837, 18.21244], [74.48116, 18.21436], [74.48294, 18.21771], [74.48647, 18.22738], [74.48912, 18.24047], [74.48956, 18.24782]]]}, "properties": {"panchayat_id": "IND.20.26.1_1__gp185367", "name": "Anjangaon", "unit_type": "gram_panchayat", "area_km2": 14.492, "centroid_lat": 18.22345, "centroid_lon": 74.50243, "terrain": {"elevation_m": 566.9484808083942, "slope_deg": 0.4253394439222368, "monsoon_exposure": 0.0027688757308512884, "ruggedness_m": 6.976854544055224, "roughness_m": 2.6148420270774104, "local_relief_m": 20.03724745193813, "distance_to_coast_km": 148.88531558435156, "upwind_barrier_m": 36.34479518928879, "downwind_rise_m": 47.101393662960845, "upwind_max_elev_m": 603.2932759976829}, "block_id": "IND.20.26.1_1", "block_name": "Baramati", "district": "Pune"}}, {"type": "Feature", "geometry": {"type": "MultiPolygon", "coordinates": [[[[74.56993, 18.17081], [74.57317, 18.17], [74.57531, 18.16892], [74.58704, 18.16648], [74.58564, 18.16198], [74.58449, 18.15301], [74.58609, 18.14811], [74.586, 18.14669], [74.58986, 18.14646], [74.58978, 18.1445], [74.58523, 18.1395], [74.5822, 18.13886], [74.58067, 18.13634], [74.5803, 18.13479], [74.57805, 18.13338], [74.57421, 18.13593], [74.56805, 18.13299], [74.55825, 18.13099], [74.55325, 18.12822], [74.54571, 18.1254], [74.54198, 18.12493], [74.53889, 18.12547], [74.53594, 18.13389], [74.53603, 18.13477], [74.53413, 18.1409], [74.53328, 18.14887], [74.53235, 18.15306], [74.53309, 18.15806], [74.53898, 18.15957], [74.54967, 18.16355], [74.55016, 18.16321], [74.55281, 18.16597], [74.55333, 18.16543], [74.55812, 18.16852], [74.56483, 18.17074], [74.56993, 18.17081]]], [[[74.35497, 18.29201], [74.38021, 18.28889], [74.39369, 18.28904], [74.39841, 18.28973], [74.40048, 18.27879], [74.40054, 18.26439], [74.39758, 18.26341], [74.39598, 18.2636], [74.39345, 18.26714], [74.39117, 18.26811], [74.38919, 18.26711], [74.38773, 18.26559], [74.38604, 18.26601], [74.38, 18.2648], [74.37976, 18.26285], [74.37877, 18.26266], [74.37525, 18.26497], [74.36446, 18.26278], [74.36074, 18.26276], [74.35684, 18.2669], [74.35561, 18.26661], [74.35228, 18.26368], [74.34996, 18.26409], [74.34519, 18.26379], [74.34458, 18.26394], [74.34284, 18.26686], [74.33974, 18.26899], [74.34043, 18.27012], [74.34133, 18.27517], [74.34399, 18.28461], [74.34778, 18.28489], [74.35101, 18.28367], [74.35497, 18.29201]]]]}, "properties": {"panchayat_id": "IND.20.26.1_1__gp185368", "name": "Baburdi", "unit_type": "gram_panchayat", "area_km2": 36.753, "centroid_lat": 18.20471, "centroid_lon": 74.47751, "terrain": {"elevation_m": 568.2859752799559, "slope_deg": 0.6763552526003707, "monsoon_exposure": -0.009689407041853523, "ruggedness_m": 9.40708566481811, "roughness_m": 6.067169321492221, "local_relief_m": 27.144298918674508, "distance_to_coast_km": 146.31307806827533, "upwind_barrier_m": 90.1140478241806, "downwind_rise_m": 39.727834565594094, "upwind_max_elev_m": 658.4000231041365}, "block_id": "IND.20.26.1_1", "block_name": "Baramati", "district": "Pune"}}, {"type": "Feature", "geometry": {"type": "Polygon", "coordinates": [[[74.53579, 18.19569], [74.52702, 18.18862], [74.5263, 18.18891], [74.52454, 18.18546], [74.52143, 18.18199], [74.51775, 18.17622], [74.51517, 18.17129], [74.51386, 18.1668], [74.50239, 18.16786], [74.51663, 18.2021], [74.51929, 18.21609], [74.51886, 18.22662], [74.51941, 18.22892], [74.52076, 18.22987], [74.54736, 18.22486], [74.54796, 18.21415], [74.55015, 18.21125], [74.55516, 18.20879], [74.55459, 18.20606], [74.55318, 18.20297], [74.55463, 18.19919], [74.54671, 18.19789], [74.54283, 18.1961], [74.53992, 18.19535], [74.53965, 18.19378], [74.53809, 18.19233], [74.53579, 18.19569]]]}, "properties": {"panchayat_id": "IND.20.26.1_1__gp185369", "name": "Bharhanpur", "unit_type": "gram_panchayat", "area_km2": 16.302, "centroid_lat": 18.20289, "centroid_lon": 74.52877, "terrain": {"elevation_m": 550.049487235844, "slope_deg": 0.21513107000932383, "monsoon_exposure": 0.003695451783008278, "ruggedness_m": 8.852201363524795, "roughness_m": 8.26996865571758, "local_relief_m": 17.543873440193465, "distance_to_coast_km": 151.65939896095773, "upwind_barrier_m": 55.700613454003815, "downwind_rise_m": 62.87964273075988, "upwind_max_elev_m": 605.7501006898478}, "block_id": "IND.20.26.1_1", "block_name": "Baramati", "district": "Pune"}}, {"type": "Feature", "geometry": {"type": "Polygon", "coordinates": [[[74.36829, 18.33188], [74.35051, 18.31244], [74.35075, 18.30787], [74.34436, 18.303], [74.3387, 18.30438], [74.3398, 18.30549], [74.33993, 18.30634], [74.33846, 18.30877], [74.33846, 18.31039], [74.33739, 18.31069], [74.33598, 18.31275], [74.3226, 18.31458], [74.32272, 18.31967], [74.30997, 18.31882], [74.3033, 18.32023], [74.2966, 18.32045], [74.29674, 18.32319], [74.30632, 18.32783], [74.30793, 18.32993], [74.31219, 18.32994], [74.31937, 18.33151], [74.3258, 18.33115], [74.33779, 18.33276], [74.34257, 18.33295], [74.3511, 18.33172], [74.35427, 18.33209], [74.36829, 18.33188]]]}, "properties": {"panchayat_id": "IND.20.26.1_1__gp185370", "name": "Bhondvewadi", "unit_type": "gram_panchayat", "area_km2": 11.766, "centroid_lat": 18.32221, "centroid_lon": 74.33524, "terrain": {"elevation_m": 633.9234606700193, "slope_deg": 0.2841995932463356, "monsoon_exposure": -0.00231922944326924, "ruggedness_m": 5.5891876176149164, "roughness_m": 2.917700136445502, "local_relief_m": 17.73845753032947, "distance_to_coast_km": 131.75089414668903, "upwind_barrier_m": 176.2032333529678, "downwind_rise_m": 32.927902590686585, "upwind_max_elev_m": 810.1266940229871}, "block_id": "IND.20.26.1_1", "block_name": "Baramati", "district": "Pune"}}, {"type": "Feature", "geometry": {"type": "Polygon", "coordinates": [[[74.33851, 18.30392], [74.33741, 18.30128], [74.33538, 18.29955], [74.33346, 18.2942], [74.33167, 18.2927], [74.32961, 18.2922], [74.32906, 18.28958], [74.32722, 18.28768], [74.32325, 18.28077], [74.32156, 18.28095], [74.31926, 18.27987], [74.31727, 18.2822], [74.31429, 18.28136], [74.31114, 18.28413], [74.31022, 18.28558], [74.30979, 18.28899], [74.30771, 18.29413], [74.30355, 18.29566], [74.29843, 18.29887], [74.29616, 18.29876], [74.29598, 18.30063], [74.29466, 18.301], [74.29645, 18.32047], [74.3033, 18.32023], [74.30997, 18.31882], [74.32272, 18.31967], [74.3226, 18.31458], [74.33598, 18.31275], [74.33739, 18.31069], [74.33846, 18.31039], [74.33846, 18.30877], [74.33993, 18.30634], [74.3398, 18.30549], [74.33851, 18.30392]]]}, "properties": {"panchayat_id": "IND.20.26.1_1__gp185371", "name": "Chandgudewadi", "unit_type": "gram_panchayat", "area_km2": 13.206, "centroid_lat": 18.30299, "centroid_lon": 74.31622, "terrain": {"elevation_m": 626.150801350976, "slope_deg": 0.3922349852451542, "monsoon_exposure": -0.00033673997312518256, "ruggedness_m": 6.612367595559635, "roughness_m": 5.429155635246163, "local_relief_m": 17.999706849038944, "distance_to_coast_km": 129.71093231291866, "upwind_barrier_m": 186.12274463128892, "downwind_rise_m": 44.14585516631951, "upwind_max_elev_m": 812.273545982265}, "block_id": "IND.20.26.1_1", "block_name": "Baramati", "district": "Pune"}}, {"type": "Feature", "geometry": {"type": "Polygon", "coordinates": [[[74.27928, 18.17875], [74.27942, 18.17505], [74.27886, 18.17011], [74.27949, 18.16776], [74.27139, 18.16784], [74.26886, 18.16694], [74.26684, 18.16513], [74.26682, 18.16356], [74.26631, 18.16309], [74.26266, 18.16158], [74.26068, 18.16193], [74.25908, 18.16257], [74.25913, 18.16291], [74.25727, 18.16273], [74.25588, 18.16196], [74.25208, 18.16291], [74.25228, 18.16093], [74.24363, 18.15859], [74.24563, 18.16073], [74.24575, 18.16314], [74.25022, 18.16766], [74.25085, 18.17203], [74.25328, 18.17544], [74.24954, 18.17893], [74.24914, 18.18066], [74.24591, 18.18269], [74.24663, 18.18521], [74.24652, 18.18796], [74.24802, 18.19214], [74.25619, 18.19212], [74.26127, 18.18927], [74.26425, 18.18866], [74.26633, 18.18657], [74.26775, 18.18391], [74.26973, 18.1816], [74.26953, 18.1808], [74.27519, 18.17859], [74.27684, 18.17934], [74.27928, 18.17875]]]}, "properties": {"panchayat_id": "IND.20.26.1_1__gp185372", "name": "Chaudharwadi", "unit_type": "gram_panchayat", "area_km2": 7.77, "centroid_lat": 18.17582, "centroid_lon": 74.26072, "terrain": {"elevation_m": 594.4511998236994, "slope_deg": 0.7900806723571678, "monsoon_exposure": -0.007943893415788597, "ruggedness_m": 16.06059187204306, "roughness_m": 13.191855054866018, "local_relief_m": 37.28112559892793, "distance_to_coast_km": 123.82670201570463, "upwind_barrier_m": 645.4831582370098, "downwind_rise_m": 29.90840267393105, "upwind_max_elev_m": 1239.9343580607092}, "block_id": "IND.20.26.1_1", "block_name": "Baramati", "district": "Pune"}}, {"type": "Feature", "geometry": {"type": "Polygon", "coordinates": [[[74.35227, 18.17078], [74.34842, 18.14819], [74.34547, 18.13702], [74.3408, 18.14092], [74.33851, 18.14086], [74.33405, 18.14385], [74.33274, 18.14379], [74.33112, 18.14229], [74.32632, 18.14664], [74.32689, 18.14912], [74.32647, 18.15166], [74.32535, 18.15201], [74.32364, 18.15157], [74.32212, 18.15263], [74.32345, 18.15819], [74.32255, 18.16349], [74.32544, 18.16866], [74.32586, 18.17224], [74.32449, 18.17476], [74.32145, 18.17722], [74.31844, 18.17677], [74.31429, 18.178], [74.31205, 18.18068], [74.31155, 18.18209], [74.31427, 18.18308], [74.3144, 18.18427], [74.31527, 18.18474], [74.31963, 18.1854], [74.32142, 18.18927], [74.3242, 18.1889], [74.32496, 18.18813], [74.33239, 18.18608], [74.35012, 18.18527], [74.34714, 18.18124], [74.3478, 18.17872], [74.34847, 18.17788], [74.35107, 18.17739], [74.34913, 18.17409], [74.35062, 18.17084], [74.35227, 18.17078]]]}, "properties": {"panchayat_id": "IND.20.26.1_1__gp185373", "name": "Chopadaj", "unit_type": "gram_panchayat", "area_km2": 13.786, "centroid_lat": 18.16585, "centroid_lon": 74.33563, "terrain": {"elevation_m": 580.5403482587859, "slope_deg": 0.8006062279432798, "monsoon_exposure": 0.00989645183584885, "ruggedness_m": 9.923315598146425, "roughness_m": 6.007764747878025, "local_relief_m": 27.48776848028217, "distance_to_coast_km": 131.6815737193922, "upwind_barrier_m": 281.0461704564974, "downwind_rise_m": 29.03248441891094, "upwind_max_elev_m": 861.5865187152833}, "block_id": "IND.20.26.1_1", "block_name": "Baramati", "district": "Pune"}}, {"type": "Feature", "geometry": {"type": "Polygon", "coordinates": [[[74.4111, 18.3624], [74.42141, 18.36553], [74.42473, 18.36534], [74.4266, 18.3615], [74.42986, 18.3575], [74.43156, 18.35636], [74.43526, 18.35584], [74.43824, 18.35667], [74.4417, 18.35859], [74.4424, 18.34925], [74.44311, 18.34919], [74.43981, 18.34757], [74.43772, 18.3453], [74.43802, 18.34081], [74.43417, 18.33874], [74.42934, 18.33384], [74.42571, 18.33231], [74.41846, 18.33199], [74.41713, 18.32959], [74.41503, 18.32781], [74.39215, 18.32958], [74.39563, 18.33409], [74.39317, 18.33575], [74.39249, 18.33707], [74.39285, 18.3388], [74.39247, 18.33898], [74.38731, 18.33716], [74.38719, 18.34221], [74.38642, 18.34781], [74.38758, 18.35129], [74.38893, 18.35329], [74.38576, 18.35503], [74.38558, 18.35388], [74.38149, 18.35424], [74.38159, 18.35567], [74.38212, 18.35556], [74.38333, 18.35678], [74.38685, 18.35526], [74.38823, 18.35539], [74.38898, 18.35658], [74.39012, 18.35631], [74.39237, 18.35734], [74.39319, 18.35585], [74.39431, 18.35583], [74.39839, 18.35883], [74.39981, 18.3621], [74.40241, 18.36307], [74.40708, 18.36347], [74.4111, 18.3624]]]}, "properties": {"panchayat_id": "IND.20.26.1_1__gp185374", "name": "Dandawadi", "unit_type": "gram_panchayat", "area_km2": 16.935, "centroid_lat": 18.3466, "centroid_lon": 74.41281, "terrain": {"elevation_m": 648.3362816464772, "slope_deg": 0.3354776755352758, "monsoon_exposure": 0.004424233757016725, "ruggedness_m": 9.9054470663684, "roughness_m": 6.764588657322561, "local_relief_m": 25.724036524407666, "distance_to_coast_km": 139.93924041393876, "upwind_barrier_m": 75.32284659197319, "downwind_rise_m": 19.522159845558235, "upwind_max_elev_m": 723.6591282384504}, "block_id": "IND.20.26.1_1", "block_name": "Baramati", "district": "Pune"}}, {"type": "Feature", "geometry": {"type": "Polygon", "coordinates": [[[74.47261, 18.31449], [74.47721, 18.31198], [74.48038, 18.30881], [74.4774, 18.30052], [74.47639, 18.29343], [74.48074, 18.29186], [74.4784, 18.28714], [74.4869, 18.28024], [74.4897, 18.27949], [74.4876, 18.26462], [74.48333, 18.26537], [74.45031, 18.26627], [74.45023, 18.26763], [74.44796, 18.27055], [74.44685, 18.27377], [74.44682, 18.29088], [74.44609, 18.29566], [74.44685, 18.30543], [74.452, 18.30633], [74.4527, 18.30685], [74.45378, 18.30958], [74.45544, 18.31187], [74.45992, 18.31511], [74.46237, 18.31591], [74.46866, 18.31444], [74.47059, 18.3149], [74.47261, 18.31449]]]}, "properties": {"panchayat_id": "IND.20.26.1_1__gp185375", "name": "Deulagaon Rasal", "unit_type": "gram_panchayat", "area_km2": 18.608, "centroid_lat": 18.28792, "centroid_lon": 74.46542, "terrain": {"elevation_m": 609.0611951912713, "slope_deg": 0.27214119271137066, "monsoon_exposure": 0.004349127548801216, "ruggedness_m": 10.241184528563288, "roughness_m": 8.146161152457074, "local_relief_m": 27.270786556095118, "distance_to_coast_km": 145.15980858952702, "upwind_barrier_m": 69.18962104497405, "downwind_rise_m": 8.719277530575141, "upwind_max_elev_m": 678.2508162362453}, "block_id": "IND.20.26.1_1", "block_name": "Baramati", "district": "Pune"}}, {"type": "Feature", "geometry": {"type": "Polygon", "coordinates": [[[74.45705, 18.1914], [74.45814, 18.18926], [74.46987, 18.18077], [74.46248, 18.1728], [74.46123, 18.17027], [74.45877, 18.16752], [74.45563, 18.16189], [74.45498, 18.15786], [74.45507, 18.15177], [74.4538, 18.14861], [74.45119, 18.14696], [74.44831, 18.14721], [74.44659, 18.14833], [74.43944, 18.14915], [74.43883, 18.15229], [74.43901, 18.15531], [74.43658, 18.15636], [74.43151, 18.15612], [74.43163, 18.15678], [74.42953, 18.15745], [74.42959, 18.15837], [74.43031, 18.15896], [74.43129, 18.16139], [74.42848, 18.16142], [74.42749, 18.16444], [74.41943, 18.16663], [74.42182, 18.17327], [74.42269, 18.17893], [74.42612, 18.19085], [74.42986, 18.19404], [74.44035, 18.19488], [74.44329, 18.19466], [74.45307, 18.19196], [74.45705, 18.1914]]]}, "properties": {"panchayat_id": "IND.20.26.1_1__gp185376", "name": "Dhakale", "unit_type": "gram_panchayat", "area_km2": 16.841, "centroid_lat": 18.17373, "centroid_lon": 74.44317, "terrain": {"elevation_m": 595.1756408042751, "slope_deg": 1.0471844192952122, "monsoon_exposure": 0.005013796011172112, "ruggedness_m": 15.51027140807533, "roughness_m": 8.372890624545525, "local_relief_m": 38.768007397167594, "distance_to_coast_km": 142.8411547738399, "upwind_barrier_m": 81.0662258734335, "downwind_rise_m": 0.0, "upwind_max_elev_m": 676.2418666777086}, "block_id": "IND.20.26.1_1", "block_name": "Baramati", "district": "Pune"}}, {"type": "Feature", "geometry": {"type": "Polygon", "coordinates": [[[74.68119, 18.11497], [74.68265, 18.11472], [74.68323, 18.11389], [74.68305, 18.10939], [74.68255, 18.10888], [74.68324, 18.10466], [74.68104, 18.10325], [74.67923, 18.10054], [74.67755, 18.0947], [74.67571, 18.09507], [74.67354, 18.09148], [74.6623, 18.09241], [74.66337, 18.09425], [74.66066, 18.0949], [74.65898, 18.09592], [74.65407, 18.0969], [74.6543, 18.09878], [74.64861, 18.09876], [74.64875, 18.09623], [74.64252, 18.09633], [74.64246, 18.09828], [74.64042, 18.10236], [74.6407, 18.10435], [74.64027, 18.10666], [74.6385, 18.10554], [74.63529, 18.10873], [74.63891, 18.11047], [74.63759, 18.11401], [74.64506, 18.11546], [74.65065, 18.11579], [74.66087, 18.1153], [74.66759, 18.11419], [74.67431, 18.11426], [74.68119, 18.11497]]]}, "properties": {"panchayat_id": "IND.20.26.1_1__gp185377", "name": "Dhekalwadi", "unit_type": "gram_panchayat", "area_km2": 9.443, "centroid_lat": 18.10534, "centroid_lon": 74.66115, "terrain": {"elevation_m": 525.6780160896014, "slope_deg": 0.4571111223567476, "monsoon_exposure": 0.0038651883183944955, "ruggedness_m": 4.834234322131023, "roughness_m": 3.547416172776421, "local_relief_m": 15.918075464491949, "distance_to_coast_km": 162.81328731203917, "upwind_barrier_m": 88.48768865505292, "downwind_rise_m": 52.711423576508196, "upwind_max_elev_m": 614.1657047446544}, "block_id": "IND.20.26.1_1", "block_name": "Baramati", "district": "Pune"}}, {"type": "Feature", "geometry": {"type": "Polygon", "coordinates": [[[74.48682, 18.10912], [74.48706, 18.09761], [74.48803, 18.09206], [74.48466, 18.09206], [74.47677, 18.0905], [74.46935, 18.09162], [74.46059, 18.09222], [74.45962, 18.09217], [74.45937, 18.0917], [74.45611, 18.09144], [74.45568, 18.09355], [74.45661, 18.10119], [74.45959, 18.10935], [74.46129, 18.10913], [74.46148, 18.11038], [74.48682, 18.10912]]]}, "properties": {"panchayat_id": "IND.20.26.1_1__gp185378", "name": "Dhumalwadi", "unit_type": "gram_panchayat", "area_km2": 6.211, "centroid_lat": 18.10032, "centroid_lon": 74.47205, "terrain": {"elevation_m": 540.4488067885104, "slope_deg": 0.358709020310023, "monsoon_exposure": -0.006234571588924457, "ruggedness_m": 4.732677929585724, "roughness_m": 1.252162412756002, "local_relief_m": 12.456116126406187, "distance_to_coast_km": 144.2345896681974, "upwind_barrier_m": 266.74328417613947, "downwind_rise_m": 8.93566722107255, "upwind_max_elev_m": 807.1920909646499}, "block_id": "IND.20.26.1_1", "block_name": "Baramati", "district": "Pune"}}, {"type": "Feature", "geometry": {"type": "Polygon", "coordinates": [[[74.6137, 18.12629], [74.61883, 18.11439], [74.61879, 18.11259], [74.61981, 18.11223], [74.61841, 18.10878], [74.61687, 18.09672], [74.61519, 18.09217], [74.61255, 18.08779], [74.61387, 18.0858], [74.61412, 18.08235], [74.61328, 18.08215], [74.59757, 18.08715], [74.59302, 18.08727], [74.58633, 18.08877], [74.58411, 18.09018], [74.58053, 18.09391], [74.58296, 18.09539], [74.58688, 18.09656], [74.59731, 18.10126], [74.59679, 18.10334], [74.60005, 18.10589], [74.59685, 18.10999], [74.60138, 18.11478], [74.60073, 18.11693], [74.60145, 18.11812], [74.60238, 18.11936], [74.60385, 18.12043], [74.60418, 18.12011], [74.61093, 18.12542], [74.61251, 18.12635], [74.6137, 18.12629]]]}, "properties": {"panchayat_id": "IND.20.26.1_1__gp185379", "name": "Dorlewadi", "unit_type": "gram_panchayat", "area_km2": 9.591, "centroid_lat": 18.10187, "centroid_lon": 74.60503, "terrain": {"elevation_m": 525.0918295022485, "slope_deg": 0.2986057872178061, "monsoon_exposure": 0.00521146542835236, "ruggedness_m": 5.7010619735444745, "roughness_m": 4.941143641678643, "local_relief_m": 11.356074285544537, "distance_to_coast_km": 157.19295617228528, "upwind_barrier_m": 130.09216502964136, "downwind_rise_m": 38.30475435760752, "upwind_max_elev_m": 655.1839945318899}, "block_id": "IND.20.26.1_1", "block_name": "Baramati", "district": "Pune"}}, {"type": "Feature", "geometry": {"type": "Polygon", "coordinates": [[[74.24503, 18.15408], [74.24942, 18.15378], [74.25619, 18.15139], [74.25649, 18.14871], [74.25743, 18.14601], [74.25877, 18.14513], [74.26208, 18.14107], [74.26294, 18.13929], [74.26238, 18.13619], [74.26267, 18.13514], [74.26152, 18.13181], [74.26162, 18.12905], [74.26191, 18.12805], [74.26288, 18.12799], [74.26429, 18.12532], [74.26379, 18.1252], [74.26132, 18.12715], [74.25811, 18.12595], [74.25252, 18.12479], [74.25199, 18.12374], [74.2485, 18.12586], [74.24498, 18.12612], [74.23836, 18.12341], [74.23711, 18.12175], [74.23561, 18.12081], [74.233, 18.12092], [74.23361, 18.12953], [74.23487, 18.13255], [74.2359, 18.13847], [74.23495, 18.14117], [74.23657, 18.1417], [74.23643, 18.14499], [74.23751, 18.14543], [74.24144, 18.14954], [74.24185, 18.15088], [74.24392, 18.15359], [74.24503, 18.15408]]]}, "properties": {"panchayat_id": "IND.20.26.1_1__gp185380", "name": "Gadadarwadi", "unit_type": "gram_panchayat", "area_km2": 7.773, "centroid_lat": 18.13719, "centroid_lon": 74.24791, "terrain": {"elevation_m": 567.2242028042965, "slope_deg": 0.5628706923819854, "monsoon_exposure": 0.0051149376809281185, "ruggedness_m": 24.08890607453735, "roughness_m": 18.489958642399237, "local_relief_m": 55.299640890708815, "distance_to_coast_km": 122.76339215446943, "upwind_barrier_m": 376.8776805474863, "downwind_rise_m": 70.16553208976984, "upwind_max_elev_m": 944.1018833517828}, "block_id": "IND.20.26.1_1", "block_name": "Baramati", "district": "Pune"}}, {"type": "Feature", "geometry": {"type": "Polygon", "coordinates": [[[74.62353, 18.30244], [74.62146, 18.28482], [74.62039, 18.26859], [74.6281, 18.26271], [74.62133, 18.26065], [74.61826, 18.25897], [74.61442, 18.25769], [74.61067, 18.25806], [74.60842, 18.25724], [74.60382, 18.2574], [74.6012, 18.25675], [74.59677, 18.25494], [74.59169, 18.2513], [74.58953, 18.25156], [74.58574, 18.253], [74.58098, 18.25808], [74.58012, 18.25828], [74.57608, 18.26966], [74.57449, 18.27179], [74.574, 18.27153], [74.57053, 18.27336], [74.56934, 18.27449], [74.56874, 18.27658], [74.56817, 18.2763], [74.56561, 18.27944], [74.56267, 18.28109], [74.56637, 18.28374], [74.56925, 18.28689], [74.57043, 18.29032], [74.5726, 18.29164], [74.58278, 18.29179], [74.58739, 18.29602], [74.58997, 18.29655], [74.59111, 18.29448], [74.59159, 18.29528], [74.59274, 18.29473], [74.59755, 18.2984], [74.60128, 18.29786], [74.60687, 18.29858], [74.60691, 18.29986], [74.60907, 18.30593], [74.6158, 18.30297], [74.61958, 18.30036], [74.61938, 18.30437], [74.62353, 18.30244]]]}, "properties": {"panchayat_id": "IND.20.26.1_1__gp185381", "name": "Gadikhel", "unit_type": "gram_panchayat", "area_km2": 23.493, "centroid_lat": 18.27781, "centroid_lon": 74.59817, "terrain": {"elevation_m": 583.9041072850232, "slope_deg": 0.9432398367148898, "monsoon_exposure": -0.016457457582349566, "ruggedness_m": 18.714422072688738, "roughness_m": 10.272994219680271, "local_relief_m": 50.61751002214385, "distance_to_coast_km": 158.9389746097787, "upwind_barrier_m": 36.40785197281696, "downwind_rise_m": 0.0, "upwind_max_elev_m": 620.3119592578402}, "block_id": "IND.20.26.1_1", "block_name": "Baramati", "district": "Pune"}}, {"type": "Feature", "geometry": {"type": "Polygon", "coordinates": [[[74.59828, 18.05285], [74.59438, 18.0551], [74.59178, 18.05593], [74.58945, 18.05554], [74.58748, 18.05459], [74.58642, 18.05303], [74.58556, 18.05109], [74.58586, 18.04751], [74.58522, 18.04611], [74.58256, 18.04592], [74.5807, 18.04685], [74.5798, 18.04835], [74.57907, 18.05323], [74.57733, 18.05424], [74.57919, 18.06328], [74.57974, 18.06317], [74.58161, 18.07177], [74.59432, 18.07292], [74.59441, 18.06716], [74.59534, 18.06727], [74.59533, 18.0681], [74.59579, 18.06814], [74.59583, 18.06727], [74.59823, 18.0676], [74.5988, 18.06545], [74.59897, 18.06304], [74.59836, 18.05796], [74.59967, 18.0578], [74.59975, 18.05567], [74.59925, 18.05578], [74.59828, 18.05285]]]}, "properties": {"panchayat_id": "IND.20.26.1_1__gp185382", "name": "Ghadagewadi", "unit_type": "gram_panchayat", "area_km2": 4.221, "centroid_lat": 18.06092, "centroid_lon": 74.58787, "terrain": {"elevation_m": 523.3538363253239, "slope_deg": 0.19793105024202282, "monsoon_exposure": 0.0028865940236779313, "ruggedness_m": 3.5416353664519598, "roughness_m": 1.3834121661991639, "local_relief_m": 10.392139800626978, "distance_to_coast_km": 153.98038946816902, "upwind_barrier_m": 181.73991219267316, "downwind_rise_m": 22.791165874595094, "upwind_max_elev_m": 705.093748517997}, "block_id": "IND.20.26.1_1", "block_name": "Baramati", "district": "Pune"}}, {"type": "Feature", "geometry": {"type": "Polygon", "coordinates": [[[74.597, 18.22156], [74.58777, 18.21713], [74.58144, 18.21192], [74.57752, 18.20694], [74.57447, 18.20597], [74.57269, 18.20435], [74.56635, 18.20121], [74.56109, 18.20145], [74.55323, 18.20227], [74.55516, 18.20879], [74.55015, 18.21125], [74.54796, 18.21415], [74.54736, 18.22486], [74.54945, 18.23034], [74.55338, 18.23666], [74.5557, 18.24585], [74.55658, 18.24646], [74.56033, 18.25293], [74.56382, 18.25503], [74.56566, 18.25536], [74.56942, 18.25713], [74.57229, 18.25896], [74.57604, 18.26242], [74.57859, 18.2627], [74.58012, 18.25828], [74.58098, 18.25808], [74.58482, 18.25361], [74.58953, 18.25156], [74.59169, 18.2513], [74.59237, 18.24995], [74.5933, 18.24759], [74.59656, 18.23377], [74.59731, 18.22811], [74.59732, 18.22769], [74.59671, 18.22749], [74.597, 18.22156]]]}, "properties": {"panchayat_id": "IND.20.26.1_1__gp185383", "name": "Gojubabi", "unit_type": "gram_panchayat", "area_km2": 23.418, "centroid_lat": 18.23038, "centroid_lon": 74.57189, "terrain": {"elevation_m": 583.0875421664969, "slope_deg": 0.6155047452440867, "monsoon_exposure": 0.010449540459177082, "ruggedness_m": 11.867958174111328, "roughness_m": 5.144318305374388, "local_relief_m": 33.665648803231306, "distance_to_coast_km": 156.12260969856968, "upwind_barrier_m": 13.589518110701533, "downwind_rise_m": 17.97904253276647, "upwind_max_elev_m": 596.6770602771984}, "block_id": "IND.20.26.1_1", "block_name": "Baramati", "district": "Pune"}}, {"type": "Feature", "geometry": {"type": "Polygon", "coordinates": [[[74.58986, 18.14646], [74.59355, 18.14598], [74.6015, 18.146], [74.61535, 18.14401], [74.61621, 18.14444], [74.61456, 18.13372], [74.61448, 18.12982], [74.61346, 18.12711], [74.6137, 18.12629], [74.61251, 18.12635], [74.60418, 18.12011], [74.60385, 18.12043], [74.60238, 18.11936], [74.60073, 18.11693], [74.60138, 18.11478], [74.59685, 18.10999], [74.60005, 18.10589], [74.59679, 18.10334], [74.59731, 18.10126], [74.58688, 18.09656], [74.58296, 18.09539], [74.58053, 18.09391], [74.57394, 18.09794], [74.57549, 18.10526], [74.57578, 18.10979], [74.57533, 18.11208], [74.57592, 18.11577], [74.5807, 18.12932], [74.58079, 18.13026], [74.57805, 18.13338], [74.5803, 18.13479], [74.58067, 18.13634], [74.5822, 18.13886], [74.58523, 18.1395], [74.58645, 18.14056], [74.58978, 18.1445], [74.58986, 18.14646]]]}, "properties": {"panchayat_id": "IND.20.26.1_1__gp185384", "name": "Gunwadi", "unit_type": "gram_panchayat", "area_km2": 15.207, "centroid_lat": 18.12303, "centroid_lon": 74.59304, "terrain": {"elevation_m": 532.0581055345829, "slope_deg": 0.3180795184724436, "monsoon_exposure": 0.004014547352264895, "ruggedness_m": 4.7906015473106836, "roughness_m": 3.0118864524895277, "local_relief_m": 10.34369675203061, "distance_to_coast_km": 156.85973584437443, "upwind_barrier_m": 80.87513596297902, "downwind_rise_m": 52.408676911158295, "upwind_max_elev_m": 612.9332414975619}, "block_id": "IND.20.26.1_1", "block_name": "Baramati", "district": "Pune"}}, {"type": "Feature", "geometry": {"type": "Polygon", "coordinates": [[[74.31273, 18.1233], [74.32131, 18.12107], [74.32721, 18.12261], [74.33002, 18.11844], [74.33099, 18.11576], [74.33226, 18.11567], [74.33189, 18.11406], [74.33436, 18.10815], [74.33618, 18.10733], [74.33802, 18.10755], [74.33828, 18.10436], [74.33968, 18.10383], [74.34248, 18.10432], [74.34588, 18.10332], [74.34886, 18.10317], [74.35063, 18.10063], [74.35168, 18.10094], [74.35197, 18.09953], [74.35148, 18.09876], [74.35194, 18.09628], [74.34904, 18.09421], [74.34324, 18.09206], [74.33946, 18.08934], [74.3381, 18.09342], [74.33603, 18.09339], [74.33512, 18.09237], [74.33447, 18.09228], [74.3294, 18.09304], [74.32389, 18.09501], [74.3211, 18.09471], [74.3147, 18.10015], [74.31383, 18.10245], [74.31414, 18.10326], [74.31283, 18.10513], [74.31273, 18.1233]]]}, "properties": {"panchayat_id": "IND.20.26.1_1__gp185385", "name": "Hol", "unit_type": "gram_panchayat", "area_km2": 8.294, "centroid_lat": 18.10535, "centroid_lon": 74.3286, "terrain": {"elevation_m": 543.7882444874695, "slope_deg": 0.270077466103999, "monsoon_exposure": -0.003245648765964671, "ruggedness_m": 4.346829800429807, "roughness_m": 2.959215021664001, "local_relief_m": 11.840553679846835, "distance_to_coast_km": 130.78564270352342, "upwind_barrier_m": 425.0158371094333, "downwind_rise_m": 59.9258104816206, "upwind_max_elev_m": 968.8040815969027}, "block_id": "IND.20.26.1_1", "block_name": "Baramati", "district": "Pune"}}, {"type": "Feature", "geometry": {"type": "Polygon", "coordinates": [[[74.66076, 18.24908], [74.65908, 18.23763], [74.65842, 18.23421], [74.65786, 18.23342], [74.65803, 18.23183], [74.65612, 18.22527], [74.65727, 18.22524], [74.6566, 18.22292], [74.65704, 18.22023], [74.6551, 18.21628], [74.65611, 18.21372], [74.65319, 18.21493], [74.64725, 18.21554], [74.64439, 18.21814], [74.63743, 18.21669], [74.63673, 18.22719], [74.63371, 18.22703], [74.63192, 18.23124], [74.63228, 18.23272], [74.63604, 18.23144], [74.63503, 18.23876], [74.63271, 18.23822], [74.63359, 18.24037], [74.6364, 18.24205], [74.63659, 18.24312], [74.63762, 18.24321], [74.63842, 18.24654], [74.63927, 18.24735], [74.64039, 18.25093], [74.6409, 18.25563], [74.64602, 18.25386], [74.65237, 18.25039], [74.65567, 18.24951], [74.66076, 18.24908]]]}, "properties": {"panchayat_id": "IND.20.26.1_1__gp185386", "name": "Jainakwadi", "unit_type": "gram_panchayat", "area_km2": 8.899, "centroid_lat": 18.2344, "centroid_lon": 74.64709, "terrain": {"elevation_m": 595.2036293064807, "slope_deg": 0.950169793544037, "monsoon_exposure": -0.014003432375802012, "ruggedness_m": 20.401483122715312, "roughness_m": 11.153389256688614, "local_relief_m": 57.95513373276606, "distance_to_coast_km": 163.95992061345825, "upwind_barrier_m": 13.67947224947477, "downwind_rise_m": 0.0, "upwind_max_elev_m": 608.8831015559555}, "block_id": "IND.20.26.1_1", "block_name": "Baramati", "district": "Pune"}}, {"type": "Feature", "geometry": {"type": "Polygon", "coordinates": [[[74.44197, 18.24719], [74.4454, 18.24636], [74.44958, 18.24301], [74.45516, 18.23433], [74.45646, 18.23116], [74.45756, 18.23067], [74.46073, 18.23129], [74.46156, 18.23297], [74.4647, 18.23168], [74.46467, 18.23063], [74.46377, 18.22893], [74.46628, 18.22764], [74.46625, 18.228], [74.46848, 18.22796], [74.46911, 18.22698], [74.46946, 18.22427], [74.47023, 18.22323], [74.47579, 18.21884], [74.47954, 18.21782], [74.47993, 18.21506], [74.47524, 18.20712], [74.47349, 18.20766], [74.47224, 18.21], [74.46715, 18.21173], [74.46466, 18.21347], [74.46266, 18.214], [74.45923, 18.21273], [74.45698, 18.21472], [74.4546, 18.21395], [74.45261, 18.21265], [74.45044, 18.21253], [74.44569, 18.21097], [74.44214, 18.21148], [74.44313, 18.21366], [74.44261, 18.21416], [74.43906, 18.215], [74.4389, 18.21457], [74.43234, 18.21619], [74.4333, 18.21957], [74.43229, 18.21987], [74.43342, 18.22443], [74.43471, 18.22823], [74.43516, 18.22802], [74.43719, 18.23463], [74.43786, 18.23522], [74.44078, 18.24206], [74.44197, 18.24719]]]}, "properties": {"panchayat_id": "IND.20.26.1_1__gp185387", "name": "Jalgaon", "unit_type": "gram_panchayat", "area_km2": 10.553, "centroid_lat": 18.22435, "centroid_lon": 74.45286, "terrain": {"elevation_m": 576.10675522703, "slope_deg": 0.13850723757342293, "monsoon_exposure": -0.002046254303733979, "ruggedness_m": 4.150006650295077, "roughness_m": 2.80809357025734, "local_relief_m": 10.107502685510553, "distance_to_coast_km": 143.7178192883499, "upwind_barrier_m": 49.64640996092453, "downwind_rise_m": 35.96041985093177, "upwind_max_elev_m": 625.7531651879546}, "block_id": "IND.20.26.1_1", "block_name": "Baramati", "district": "Pune"}}, {"type": "Feature", "geometry": {"type": "Polygon", "coordinates": [[[74.45031, 18.26627], [74.48333, 18.26537], [74.4887, 18.26421], [74.48949, 18.25247], [74.48912, 18.24047], [74.48647, 18.22738], [74.48294, 18.21771], [74.48116, 18.21436], [74.47972, 18.21529], [74.47954, 18.21782], [74.47579, 18.21884], [74.47023, 18.22323], [74.46946, 18.22427], [74.46911, 18.22698], [74.46848, 18.22796], [74.46625, 18.228], [74.46628, 18.22764], [74.46377, 18.22893], [74.46467, 18.23063], [74.4647, 18.23168], [74.46156, 18.23297], [74.46073, 18.23129], [74.45756, 18.23067], [74.45646, 18.23116], [74.45516, 18.23433], [74.45366, 18.2362], [74.45051, 18.24195], [74.4454, 18.24636], [74.44987, 18.26087], [74.45031, 18.26627]]]}, "properties": {"panchayat_id": "IND.20.26.1_1__gp185388", "name": "Jalgaon Supe", "unit_type": "gram_panchayat", "area_km2": 17.728, "centroid_lat": 18.2458, "centroid_lon": 74.47034, "terrain": {"elevation_m": 584.721292025788, "slope_deg": 0.45166231978600124, "monsoon_exposure": 0.0003183309324554186, "ruggedness_m": 6.301144826769494, "roughness_m": 4.5902915063343395, "local_relief_m": 15.394881125484972, "distance_to_coast_km": 145.547472112091, "upwind_barrier_m": 57.315249241568154, "downwind_rise_m": 25.145799678472713, "upwind_max_elev_m": 642.0365412673561}, "block_id": "IND.20.26.1_1", "block_name": "Baramati", "district": "Pune"}}, {"type": "Feature", "geometry": {"type": "Polygon", "coordinates": [[[74.55544, 18.28472], [74.56561, 18.27944], [74.56629, 18.27857], [74.56453, 18.27338], [74.56247, 18.27024], [74.56312, 18.26422], [74.56438, 18.26519], [74.5663, 18.26454], [74.56616, 18.26117], [74.56307, 18.26106], [74.56376, 18.25682], [74.5599, 18.25843], [74.55846, 18.25544], [74.55645, 18.25597], [74.5564, 18.2589], [74.55525, 18.26008], [74.55157, 18.25904], [74.54669, 18.25998], [74.54661, 18.25863], [74.54461, 18.25519], [74.54107, 18.25329], [74.53861, 18.25088], [74.53744, 18.25037], [74.53627, 18.25437], [74.53306, 18.25891], [74.52818, 18.25918], [74.52827, 18.25995], [74.52787, 18.25998], [74.52778, 18.25923], [74.52694, 18.25929], [74.52687, 18.25891], [74.52486, 18.25911], [74.52512, 18.26129], [74.52634, 18.26304], [74.52582, 18.26365], [74.52567, 18.2656], [74.52487, 18.26628], [74.52541, 18.26829], [74.52499, 18.26927], [74.5333, 18.2786], [74.53743, 18.28227], [74.53957, 18.29228], [74.54683, 18.29232], [74.54916, 18.29191], [74.5523, 18.28743], [74.55544, 18.28472]]]}, "properties": {"panchayat_id": "IND.20.26.1_1__gp185390", "name": "Jaradwadi", "unit_type": "gram_panchayat", "area_km2": 11.919, "centroid_lat": 18.27134, "centroid_lon": 74.54596, "terrain": {"elevation_m": 588.9922403212179, "slope_deg": 0.6235161083034346, "monsoon_exposure": -0.004282257751508284, "ruggedness_m": 12.288786893214468, "roughness_m": 8.701924428623116, "local_relief_m": 31.84398533565161, "distance_to_coast_km": 153.48140804721987, "upwind_barrier_m": 45.44530350102593, "downwind_rise_m": 21.41760250063885, "upwind_max_elev_m": 634.4375438222438}, "block_id": "IND.20.26.1_1", "block_name": "Baramati", "district": "Pune"}}, {"type": "Feature", "geometry": {"type": "Polygon", "coordinates": [[[74.26465, 18.27636], [74.27258, 18.27174], [74.27357, 18.27075], [74.27479, 18.26875], [74.27568, 18.26499], [74.27728, 18.26393], [74.27993, 18.25968], [74.28298, 18.25234], [74.28487, 18.24347], [74.28291, 18.23825], [74.2806, 18.23625], [74.27672, 18.23706], [74.27201, 18.23535], [74.27073, 18.23433], [74.26566, 18.23401], [74.26559, 18.2353], [74.25983, 18.23651], [74.25909, 18.23643], [74.25887, 18.23512], [74.25482, 18.23458], [74.2472, 18.23558], [74.24757, 18.23848], [74.24704, 18.23931], [74.24153, 18.24163], [74.24391, 18.24207], [74.25011, 18.25214], [74.25179, 18.2538], [74.2543, 18.25531], [74.25697, 18.25912], [74.26296, 18.26984], [74.26465, 18.27636]]]}, "properties": {"panchayat_id": "IND.20.26.1_1__gp185391", "name": "Jogawadi", "unit_type": "gram_panchayat", "area_km2": 11.732, "centroid_lat": 18.25058, "centroid_lon": 74.26618, "terrain": {"elevation_m": 653.4505322619145, "slope_deg": 0.4100697433228999, "monsoon_exposure": -0.007079231525660166, "ruggedness_m": 7.646349214260031, "roughness_m": 5.6363202722105985, "local_relief_m": 15.313340008394675, "distance_to_coast_km": 124.28186968660415, "upwind_barrier_m": 23.513251402295737, "downwind_rise_m": 0.0, "upwind_max_elev_m": 676.9637836642103}, "block_id": "IND.20.26.1_1", "block_name": "Baramati", "district": "Pune"}}, {"type": "Feature", "geometry": {"type": "Polygon", "coordinates": [[[74.45937, 18.0917], [74.45949, 18.08659], [74.46302, 18.07273], [74.46455, 18.0624], [74.46821, 18.04769], [74.46222, 18.04628], [74.46012, 18.04621], [74.45667, 18.04774], [74.4538, 18.05108], [74.45318, 18.05259], [74.44802, 18.05581], [74.44414, 18.05684], [74.44294, 18.05805], [74.44221, 18.05987], [74.44346, 18.063], [74.44421, 18.0674], [74.44764, 18.07682], [74.44996, 18.09061], [74.45937, 18.0917]]]}, "properties": {"panchayat_id": "IND.20.26.1_1__gp185392", "name": "Kambleshvar", "unit_type": "gram_panchayat", "area_km2": 7.962, "centroid_lat": 18.06732, "centroid_lon": 74.45542, "terrain": {"elevation_m": 534.0, "slope_deg": 0.15639914241044942, "monsoon_exposure": 0.002694396972264691, "ruggedness_m": 3.6261956433442672, "roughness_m": 2.0981600644189236, "local_relief_m": 12.795932824901115, "distance_to_coast_km": 141.27345960793886, "upwind_barrier_m": 286.58683993473574, "downwind_rise_m": 7.375082856218796, "upwind_max_elev_m": 820.5868399347357}, "block_id": "IND.20.26.1_1", "block_name": "Baramati", "district": "Pune"}}, {"type": "Feature", "geometry": {"type": "Polygon", "coordinates": [[[74.65425, 18.17636], [74.6545, 18.17302], [74.6568, 18.17244], [74.65638, 18.16398], [74.65683, 18.15978], [74.65319, 18.15939], [74.65331, 18.15795], [74.65401, 18.1541], [74.65704, 18.1544], [74.65722, 18.14858], [74.65477, 18.14862], [74.65483, 18.15029], [74.65293, 18.15002], [74.65238, 18.14951], [74.65233, 18.14818], [74.65338, 18.14525], [74.65147, 18.14222], [74.6505, 18.13813], [74.65039, 18.13542], [74.64903, 18.1324], [74.64973, 18.12808], [74.65046, 18.12644], [74.64973, 18.12449], [74.65115, 18.12403], [74.65131, 18.12347], [74.65071, 18.12224], [74.65103, 18.11946], [74.64972, 18.11722], [74.64693, 18.11671], [74.64445, 18.11535], [74.64316, 18.11825], [74.63761, 18.12573], [74.63239, 18.13753], [74.63125, 18.14241], [74.63134, 18.14762], [74.62892, 18.14966], [74.6279, 18.1496], [74.62735, 18.15322], [74.62751, 18.15887], [74.62708, 18.16168], [74.62646, 18.16276], [74.63805, 18.17067], [74.6419, 18.17226], [74.64617, 18.17549], [74.64994, 18.17548], [74.65425, 18.17636]]]}, "properties": {"panchayat_id": "IND.20.26.1_1__gp185393", "name": "Kanheri", "unit_type": "gram_panchayat", "area_km2": 12.957, "centroid_lat": 18.14963, "centroid_lon": 74.64287, "terrain": {"elevation_m": 547.0851224049582, "slope_deg": 0.38706964059655224, "monsoon_exposure": -0.0006729980109287292, "ruggedness_m": 11.04463416006903, "roughness_m": 7.658350197675814, "local_relief_m": 26.632756291505416, "distance_to_coast_km": 162.76293659715395, "upwind_barrier_m": 39.30580707985632, "downwind_rise_m": 32.16866295043428, "upwind_max_elev_m": 586.3909294848145}, "block_id": "IND.20.26.1_1", "block_name": "Baramati", "district": "Pune"}}, {"type": "Feature", "geometry": {"type": "Polygon", "coordinates": [[[74.28901, 18.13614], [74.29071, 18.13115], [74.28986, 18.12786], [74.28984, 18.12587], [74.28567, 18.12589], [74.28394, 18.12835], [74.28231, 18.12567], [74.27878, 18.12463], [74.27344, 18.12344], [74.27197, 18.12363], [74.26792, 18.12222], [74.26591, 18.12309], [74.26459, 18.12311], [74.26429, 18.12532], [74.26288, 18.12799], [74.26191, 18.12805], [74.26162, 18.12905], [74.26152, 18.13181], [74.26267, 18.13514], [74.26238, 18.13619], [74.26294, 18.13929], [74.26208, 18.14107], [74.25877, 18.14513], [74.25743, 18.14601], [74.25649, 18.14871], [74.25619, 18.15139], [74.24942, 18.15378], [74.24503, 18.15408], [74.24635, 18.15451], [74.24689, 18.15604], [74.24643, 18.15758], [74.24363, 18.15859], [74.25228, 18.16093], [74.25208, 18.16291], [74.25588, 18.16196], [74.25727, 18.16273], [74.25913, 18.16291], [74.25908, 18.16257], [74.26068, 18.16193], [74.26266, 18.16158], [74.26631, 18.16309], [74.26682, 18.16356], [74.26684, 18.16513], [74.26886, 18.16694], [74.27139, 18.16784], [74.27949, 18.16776], [74.28003, 18.16549], [74.27877, 18.161], [74.27885, 18.15719], [74.27758, 18.15174], [74.27845, 18.15097], [74.27752, 18.15034], [74.27755, 18.1498], [74.27661, 18.14968], [74.27687, 18.1481], [74.27881, 18.14309], [74.28443, 18.14425], [74.28475, 18.14331], [74.28805, 18.14169], [74.2877, 18.1402], [74.28833, 18.13901], [74.28971, 18.13817], [74.28901, 18.13614]]]}, "properties": {"panchayat_id": "IND.20.26.1_1__gp185394", "name": "Karanje", "unit_type": "gram_panchayat", "area_km2": 12.075, "centroid_lat": 18.14493, "centroid_lon": 74.27041, "terrain": {"elevation_m": 570.4633508313273, "slope_deg": 0.8291447434775944, "monsoon_exposure": -0.011905392742730649, "ruggedness_m": 19.951786317602988, "roughness_m": 14.813404517207855, "local_relief_m": 42.38363024252544, "distance_to_coast_km": 125.03811344681378, "upwind_barrier_m": 470.8097210086569, "downwind_rise_m": 53.98274999682326, "upwind_max_elev_m": 1041.2730718399841}, "block_id": "IND.20.26.1_1", "block_name": "Baramati", "district": "Pune"}}, {"type": "Feature", "geometry": {"type": "Polygon", "coordinates": [[[74.31196, 18.14122], [74.31087, 18.13557], [74.31086, 18.13268], [74.31199, 18.12617], [74.30932, 18.12617], [74.30518, 18.13105], [74.30188, 18.13296], [74.30096, 18.13319], [74.29829, 18.13208], [74.29724, 18.13116], [74.29654, 18.12963], [74.29528, 18.12378], [74.29434, 18.12259], [74.2913, 18.12277], [74.28951, 18.12231], [74.28511, 18.11733], [74.28502, 18.11633], [74.28634, 18.11177], [74.28482, 18.11135], [74.27893, 18.11136], [74.27778, 18.11363], [74.27582, 18.11521], [74.27378, 18.1158], [74.27279, 18.11679], [74.27166, 18.12027], [74.26792, 18.12222], [74.27073, 18.12334], [74.27344, 18.12344], [74.28231, 18.12567], [74.28394, 18.12835], [74.28567, 18.12589], [74.28984, 18.12587], [74.2907, 18.13139], [74.28921, 18.13618], [74.2983, 18.13775], [74.30072, 18.13887], [74.30508, 18.13881], [74.31196, 18.14122]]]}, "properties": {"panchayat_id": "IND.20.26.1_1__gp185395", "name": "Karnajpul", "unit_type": "gram_panchayat", "area_km2": 4.635, "centroid_lat": 18.12656, "centroid_lon": 74.2911, "terrain": {"elevation_m": 561.0, "slope_deg": 0.4166576964319731, "monsoon_exposure": -0.0003112048491187882, "ruggedness_m": 5.674556419028469, "roughness_m": 3.891689075541083, "local_relief_m": 16.751147330097524, "distance_to_coast_km": 127.35032510120192, "upwind_barrier_m": 352.9042501376721, "downwind_rise_m": 45.203181255804566, "upwind_max_elev_m": 913.9042501376721}, "block_id": "IND.20.26.1_1", "block_name": "Baramati", "district": "Pune"}}, {"type": "Feature", "geometry": {"type": "Polygon", "coordinates": [[[74.47993, 18.21506], [74.4837, 18.21244], [74.48659, 18.21148], [74.48846, 18.20837], [74.48982, 18.20759], [74.49473, 18.20677], [74.49847, 18.208], [74.49878, 18.20699], [74.49839, 18.20471], [74.50069, 18.20257], [74.50225, 18.20189], [74.50502, 18.20142], [74.50751, 18.20174], [74.5106, 18.20322], [74.51606, 18.20105], [74.50239, 18.16786], [74.4977, 18.1683], [74.49636, 18.16797], [74.48183, 18.17099], [74.48234, 18.17295], [74.48153, 18.1731], [74.48006, 18.17234], [74.4779, 18.17238], [74.47793, 18.17664], [74.47605, 18.17697], [74.47314, 18.17867], [74.46205, 18.18628], [74.45814, 18.18926], [74.45668, 18.19218], [74.45692, 18.19279], [74.46446, 18.19335], [74.46481, 18.19444], [74.47005, 18.19858], [74.47993, 18.21506]]]}, "properties": {"panchayat_id": "IND.20.26.1_1__gp185396", "name": "Karhavagaj", "unit_type": "gram_panchayat", "area_km2": 17.436, "centroid_lat": 18.18999, "centroid_lon": 74.48849, "terrain": {"elevation_m": 570.2280117634218, "slope_deg": 0.2582726929946078, "monsoon_exposure": -0.004503574674538555, "ruggedness_m": 5.284111873503792, "roughness_m": 2.026735829786507, "local_relief_m": 15.696270384691843, "distance_to_coast_km": 147.4977122938723, "upwind_barrier_m": 48.27127277935506, "downwind_rise_m": 33.015695566893555, "upwind_max_elev_m": 618.4992845427769}, "block_id": "IND.20.26.1_1", "block_name": "Baramati", "district": "Pune"}}, {"type": "Feature", "geometry": {"type": "Polygon", "coordinates": [[[74.66516, 18.15872], [74.66616, 18.15403], [74.66735, 18.1541], [74.66918, 18.14835], [74.67136, 18.14352], [74.67285, 18.14222], [74.67655, 18.14036], [74.67646, 18.13962], [74.678, 18.13894], [74.67846, 18.13113], [74.67743, 18.13082], [74.6763, 18.12818], [74.67731, 18.12795], [74.67791, 18.12394], [74.67904, 18.12394], [74.68153, 18.12147], [74.68119, 18.11497], [74.67431, 18.11426], [74.66759, 18.11419], [74.66087, 18.1153], [74.65065, 18.11579], [74.64506, 18.11546], [74.64693, 18.11671], [74.64972, 18.11722], [74.65103, 18.11946], [74.65071, 18.12224], [74.65131, 18.12347], [74.65115, 18.12403], [74.64973, 18.12449], [74.65046, 18.12644], [74.64973, 18.12808], [74.64903, 18.1324], [74.65039, 18.13542], [74.6505, 18.13813], [74.65147, 18.14222], [74.65338, 18.14525], [74.65233, 18.14818], [74.65238, 18.14951], [74.65293, 18.15002], [74.65483, 18.15029], [74.65477, 18.14862], [74.65722, 18.14858], [74.65704, 18.1544], [74.65401, 18.1541], [74.65331, 18.15795], [74.65319, 18.15939], [74.65683, 18.15978], [74.65638, 18.16398], [74.6568, 18.17244], [74.6545, 18.17302], [74.65425, 18.17636], [74.65921, 18.17818], [74.6629, 18.18039], [74.66201, 18.17655], [74.66305, 18.17269], [74.66279, 18.16993], [74.66201, 18.16915], [74.66166, 18.16768], [74.66168, 18.16502], [74.66231, 18.16459], [74.66243, 18.1619], [74.66309, 18.16004], [74.66516, 18.15872]]]}, "properties": {"panchayat_id": "IND.20.26.1_1__gp185397", "name": "Katewadi", "unit_type": "gram_panchayat", "area_km2": 13.018, "centroid_lat": 18.13709, "centroid_lon": 74.6633, "terrain": {"elevation_m": 549.7338061527765, "slope_deg": 0.5024108945881206, "monsoon_exposure": 0.008192315004906124, "ruggedness_m": 8.722241877057549, "roughness_m": 4.772953279314114, "local_relief_m": 22.399786241285483, "distance_to_coast_km": 164.2423741463414, "upwind_barrier_m": 44.49343671869735, "downwind_rise_m": 27.090115833962614, "upwind_max_elev_m": 594.2272428714739}, "block_id": "IND.20.26.1_1", "block_name": "Baramati", "district": "Pune"}}, {"type": "Feature", "geometry": {"type": "Polygon", "coordinates": [[[74.3764, 18.32495], [74.3804, 18.31241], [74.37982, 18.30624], [74.3844, 18.28915], [74.37807, 18.28896], [74.37274, 18.29001], [74.35497, 18.29201], [74.35101, 18.28367], [74.34778, 18.28489], [74.34399, 18.28461], [74.34133, 18.27517], [74.34043, 18.27012], [74.33974, 18.26899], [74.33806, 18.27001], [74.33459, 18.27098], [74.3285, 18.27658], [74.32462, 18.27824], [74.32325, 18.28077], [74.32722, 18.28768], [74.32906, 18.28958], [74.32961, 18.2922], [74.33167, 18.2927], [74.33346, 18.2942], [74.33538, 18.29955], [74.33741, 18.30128], [74.3387, 18.30438], [74.34436, 18.303], [74.35075, 18.30787], [74.35027, 18.31208], [74.36185, 18.3248], [74.36268, 18.32472], [74.36277, 18.32192], [74.36372, 18.322], [74.36427, 18.3228], [74.36493, 18.32288], [74.36451, 18.32075], [74.36548, 18.32059], [74.36646, 18.32349], [74.37157, 18.3249], [74.3764, 18.32495]]]}, "properties": {"panchayat_id": "IND.20.26.1_1__gp185398", "name": "Kalkhairewadi", "unit_type": "gram_panchayat", "area_km2": 17.343, "centroid_lat": 18.29898, "centroid_lon": 74.35615, "terrain": {"elevation_m": 620.4974698160659, "slope_deg": 0.2592965465537068, "monsoon_exposure": 0.004447559279805713, "ruggedness_m": 8.369443180371364, "roughness_m": 6.187702848622164, "local_relief_m": 27.39812110667117, "distance_to_coast_km": 133.85022856851785, "upwind_barrier_m": 125.69928270276614, "downwind_rise_m": 31.936490677588154, "upwind_max_elev_m": 746.196752518832}, "block_id": "IND.20.26.1_1", "block_name": "Baramati", "district": "Pune"}}, {"type": "Feature", "geometry": {"type": "Polygon", "coordinates": [[[74.54432, 18.10108], [74.54485, 18.08355], [74.54687, 18.07381], [74.54816, 18.06926], [74.5487, 18.06866], [74.54619, 18.06739], [74.544, 18.06323], [74.54249, 18.06167], [74.53985, 18.05975], [74.53374, 18.05771], [74.53066, 18.05764], [74.51673, 18.06068], [74.51294, 18.06031], [74.51268, 18.06061], [74.51385, 18.06499], [74.51325, 18.06602], [74.51472, 18.06757], [74.51393, 18.06918], [74.51253, 18.07007], [74.51186, 18.07183], [74.51252, 18.07876], [74.51477, 18.08992], [74.51468, 18.09666], [74.51405, 18.09689], [74.51404, 18.099], [74.52053, 18.1], [74.52501, 18.09987], [74.52834, 18.10056], [74.53398, 18.10042], [74.53868, 18.10123], [74.54432, 18.10108]]]}, "properties": {"panchayat_id": "IND.20.26.1_1__gp185399", "name": "Khandaj", "unit_type": "gram_panchayat", "area_km2": 14.823, "centroid_lat": 18.07953, "centroid_lon": 74.52964, "terrain": {"elevation_m": 526.8473950888147, "slope_deg": 0.1989403388735778, "monsoon_exposure": -0.0016769257805421371, "ruggedness_m": 3.450923837790955, "roughness_m": 1.678502751444772, "local_relief_m": 10.598289274223362, "distance_to_coast_km": 148.97417063943738, "upwind_barrier_m": 185.12768356695744, "downwind_rise_m": 30.114677477512032, "upwind_max_elev_m": 711.9750786557721}, "block_id": "IND.20.26.1_1", "block_name": "Baramati", "district": "Pune"}}, {"type": "Feature", "geometry": {"type": "Polygon", "coordinates": [[[74.26429, 18.12532], [74.26506, 18.12032], [74.26383, 18.11843], [74.26138, 18.11631], [74.26153, 18.11268], [74.2589, 18.1127], [74.25899, 18.11166], [74.25796, 18.11161], [74.25777, 18.11284], [74.24937, 18.11364], [74.24752, 18.11259], [74.24489, 18.11383], [74.24715, 18.11871], [74.24063, 18.12173], [74.24034, 18.12112], [74.23959, 18.1211], [74.23868, 18.12357], [74.24498, 18.12612], [74.2485, 18.12586], [74.25199, 18.12374], [74.25252, 18.12479], [74.25811, 18.12595], [74.26132, 18.12715], [74.26379, 18.1252], [74.26429, 18.12532]]]}, "properties": {"panchayat_id": "IND.20.26.1_1__gp185400", "name": "Khandobachiwadi", "unit_type": "gram_panchayat", "area_km2": 2.858, "centroid_lat": 18.11994, "centroid_lon": 74.25359, "terrain": {"elevation_m": 556.3664283532846, "slope_deg": 1.3031076061044724, "monsoon_exposure": 0.021019821270542673, "ruggedness_m": 23.770108204300076, "roughness_m": 17.75400030790229, "local_relief_m": 57.44860482959075, "distance_to_coast_km": 123.52092095687321, "upwind_barrier_m": 584.5902343669513, "downwind_rise_m": 38.61415261610887, "upwind_max_elev_m": 1140.956662720236}, "block_id": "IND.20.26.1_1", "block_name": "Baramati", "district": "Pune"}}, {"type": "Feature", "geometry": {"type": "Polygon", "coordinates": [[[74.47462, 18.32901], [74.48584, 18.32722], [74.48919, 18.32527], [74.49183, 18.32445], [74.49348, 18.31294], [74.49591, 18.31302], [74.49589, 18.30708], [74.49832, 18.30624], [74.49988, 18.30386], [74.50126, 18.30336], [74.50136, 18.30176], [74.50466, 18.30102], [74.50441, 18.29925], [74.50642, 18.29891], [74.50791, 18.29689], [74.51226, 18.30074], [74.51188, 18.29485], [74.50973, 18.28453], [74.51031, 18.28365], [74.51032, 18.28175], [74.51116, 18.2806], [74.51131, 18.27711], [74.50602, 18.27673], [74.50078, 18.27716], [74.4882, 18.27964], [74.4869, 18.28024], [74.4784, 18.28714], [74.48074, 18.29186], [74.47639, 18.29343], [74.4774, 18.30052], [74.48038, 18.30881], [74.47721, 18.31198], [74.47261, 18.31449], [74.47462, 18.32901]]]}, "properties": {"panchayat_id": "IND.20.26.1_1__gp185401", "name": "Kharkhel", "unit_type": "gram_panchayat", "area_km2": 13.603, "centroid_lat": 18.30005, "centroid_lon": 74.49124, "terrain": {"elevation_m": 605.6852732181432, "slope_deg": 0.5503674049749617, "monsoon_exposure": -0.009269150928927305, "ruggedness_m": 13.600422891581308, "roughness_m": 8.588605373087281, "local_relief_m": 34.99999986239709, "distance_to_coast_km": 147.90848922564427, "upwind_barrier_m": 32.11549238607415, "downwind_rise_m": 8.040580090193657, "upwind_max_elev_m": 637.8007656042173}, "block_id": "IND.20.26.1_1", "block_name": "Baramati", "district": "Pune"}}, {"type": "Feature", "geometry": {"type": "Polygon", "coordinates": [[[74.44667, 18.30436], [74.44609, 18.29566], [74.44682, 18.29088], [74.44685, 18.27377], [74.44796, 18.27055], [74.45023, 18.26763], [74.45042, 18.26468], [74.44987, 18.26087], [74.4454, 18.24636], [74.44197, 18.24719], [74.43862, 18.24892], [74.43553, 18.25334], [74.4326, 18.2551], [74.42981, 18.25765], [74.42858, 18.25801], [74.4212, 18.25752], [74.41833, 18.2561], [74.41643, 18.25613], [74.41266, 18.25881], [74.40659, 18.26093], [74.40402, 18.26338], [74.40054, 18.26439], [74.40048, 18.27879], [74.39841, 18.28973], [74.40672, 18.28989], [74.4079, 18.29241], [74.40996, 18.29291], [74.41702, 18.29169], [74.41715, 18.2926], [74.42018, 18.29375], [74.43137, 18.29567], [74.43483, 18.29574], [74.44265, 18.3043], [74.4455, 18.30497], [74.44667, 18.30436]]]}, "properties": {"panchayat_id": "IND.20.26.1_1__gp185402", "name": "Karahati", "unit_type": "gram_panchayat", "area_km2": 21.254, "centroid_lat": 18.27529, "centroid_lon": 74.42691, "terrain": {"elevation_m": 607.0, "slope_deg": 0.7498532292739736, "monsoon_exposure": 0.010739815042825358, "ruggedness_m": 11.781646674000296, "roughness_m": 7.384723846582813, "local_relief_m": 32.33774579232818, "distance_to_coast_km": 141.09677674497152, "upwind_barrier_m": 29.02184560073715, "downwind_rise_m": 15.901357109865103, "upwind_max_elev_m": 636.0218456007372}, "block_id": "IND.20.26.1_1", "block_name": "Baramati", "district": "Pune"}}, {"type": "Feature", "geometry": {"type": "Polygon", "coordinates": [[[74.6281, 18.26271], [74.63276, 18.25794], [74.63644, 18.25762], [74.6409, 18.25563], [74.64039, 18.25093], [74.63927, 18.24735], [74.63842, 18.24654], [74.63762, 18.24321], [74.63659, 18.24312], [74.6364, 18.24205], [74.63359, 18.24037], [74.63271, 18.23822], [74.63503, 18.23876], [74.63604, 18.23144], [74.63228, 18.23272], [74.63192, 18.23124], [74.63371, 18.22703], [74.63673, 18.22719], [74.63743, 18.21669], [74.63409, 18.21582], [74.62688, 18.2153], [74.62582, 18.21397], [74.62229, 18.21369], [74.61587, 18.21158], [74.60905, 18.213], [74.6092, 18.21446], [74.6043, 18.21863], [74.597, 18.22156], [74.59671, 18.22749], [74.59732, 18.22769], [74.59731, 18.22811], [74.59656, 18.23377], [74.5933, 18.24759], [74.59169, 18.2513], [74.59677, 18.25494], [74.6012, 18.25675], [74.60382, 18.2574], [74.60842, 18.25724], [74.61067, 18.25806], [74.61442, 18.25769], [74.61826, 18.25897], [74.62133, 18.26065], [74.6281, 18.26271]]]}, "properties": {"panchayat_id": "IND.20.26.1_1__gp185403", "name": "Katphal", "unit_type": "gram_panchayat", "area_km2": 20.23, "centroid_lat": 18.2376, "centroid_lon": 74.61694, "terrain": {"elevation_m": 576.5487506029021, "slope_deg": 0.8099040207511407, "monsoon_exposure": -0.010394918835031814, "ruggedness_m": 17.779593599051438, "roughness_m": 13.384553838144072, "local_relief_m": 31.298012575833127, "distance_to_coast_km": 160.8188299907585, "upwind_barrier_m": 31.988888227773714, "downwind_rise_m": 0.7838773812618456, "upwind_max_elev_m": 608.5376388306759}, "block_id": "IND.20.26.1_1", "block_name": "Baramati", "district": "Pune"}}, {"type": "Feature", "geometry": {"type": "Polygon", "coordinates": [[[74.4552, 18.34151], [74.46169, 18.34016], [74.46883, 18.33771], [74.47167, 18.33732], [74.47219, 18.33299], [74.47287, 18.33154], [74.47251, 18.32928], [74.47462, 18.32901], [74.47261, 18.31449], [74.47059, 18.3149], [74.46866, 18.31444], [74.46237, 18.31591], [74.45992, 18.31511], [74.45544, 18.31187], [74.45378, 18.30958], [74.4527, 18.30685], [74.452, 18.30633], [74.44685, 18.30543], [74.44667, 18.30436], [74.4455, 18.30497], [74.44265, 18.3043], [74.43483, 18.29574], [74.43137, 18.29567], [74.42205, 18.29387], [74.41974, 18.30501], [74.4253, 18.30687], [74.42723, 18.30707], [74.43177, 18.30907], [74.43366, 18.31094], [74.43586, 18.31142], [74.43767, 18.31701], [74.44766, 18.33177], [74.45013, 18.33394], [74.45384, 18.33848], [74.4552, 18.34151]]]}, "properties": {"panchayat_id": "IND.20.26.1_1__gp185404", "name": "Kololi", "unit_type": "gram_panchayat", "area_km2": 12.384, "centroid_lat": 18.31834, "centroid_lon": 74.45042, "terrain": {"elevation_m": 632.7825608197852, "slope_deg": 0.6233883228242982, "monsoon_exposure": 0.009396950605677468, "ruggedness_m": 9.471022123673666, "roughness_m": 8.711875771738546, "local_relief_m": 22.024127842605367, "distance_to_coast_km": 143.72723222740677, "upwind_barrier_m": 50.26281084772006, "downwind_rise_m": 22.649267283417657, "upwind_max_elev_m": 683.0453716675053}, "block_id": "IND.20.26.1_1", "block_name": "Baramati", "district": "Pune"}}, {"type": "Feature", "geometry": {"type": "Polygon", "coordinates": [[[74.36633, 18.11219], [74.3742, 18.11114], [74.37462, 18.10896], [74.37655, 18.10897], [74.37662, 18.10817], [74.37763, 18.10801], [74.37765, 18.10437], [74.37808, 18.10295], [74.38231, 18.10105], [74.38235, 18.09901], [74.38747, 18.09669], [74.39078, 18.09632], [74.39107, 18.09526], [74.39021, 18.09369], [74.39096, 18.09277], [74.39042, 18.08889], [74.38954, 18.08765], [74.38977, 18.08642], [74.38919, 18.0851], [74.38754, 18.08492], [74.38718, 18.08361], [74.38976, 18.08307], [74.38941, 18.08106], [74.39165, 18.08094], [74.39218, 18.07809], [74.39306, 18.0777], [74.39363, 18.07814], [74.3947, 18.07799], [74.39437, 18.07669], [74.39625, 18.07393], [74.38953, 18.07227], [74.38693, 18.07005], [74.38405, 18.06943], [74.38226, 18.06971], [74.37559, 18.0732], [74.37287, 18.07393], [74.37233, 18.07431], [74.36856, 18.08466], [74.36769, 18.08524], [74.36153, 18.0863], [74.3597, 18.08795], [74.35902, 18.09045], [74.3593, 18.09478], [74.35645, 18.09673], [74.35194, 18.09628], [74.35157, 18.09925], [74.35543, 18.0993], [74.35737, 18.10007], [74.35957, 18.10317], [74.36048, 18.10546], [74.36148, 18.10635], [74.36262, 18.10995], [74.36373, 18.111], [74.36565, 18.11116], [74.36633, 18.11219]]]}, "properties": {"panchayat_id": "IND.20.26.1_1__gp185405", "name": "Korhale Kh.", "unit_type": "gram_panchayat", "area_km2": 10.754, "centroid_lat": 18.09074, "centroid_lon": 74.37518, "terrain": {"elevation_m": 543.0, "slope_deg": 0.393008957787624, "monsoon_exposure": 0.006368872184396772, "ruggedness_m": 7.052550966531712, "roughness_m": 5.54949251840871, "local_relief_m": 16.420776551778772, "distance_to_coast_km": 134.53672735154154, "upwind_barrier_m": 427.61315343094157, "downwind_rise_m": 16.13869184488658, "upwind_max_elev_m": 970.6131534309416}, "block_id": "IND.20.26.1_1", "block_name": "Baramati", "district": "Pune"}}, {"type": "Feature", "geometry": {"type": "Polygon", "coordinates": [[[74.39805, 18.10875], [74.39726, 18.10452], [74.3994, 18.10415], [74.3987, 18.10161], [74.39925, 18.10152], [74.39881, 18.09651], [74.38818, 18.0965], [74.38235, 18.09901], [74.38231, 18.10105], [74.3783, 18.10271], [74.37765, 18.10437], [74.37763, 18.10801], [74.37662, 18.10817], [74.37655, 18.10897], [74.37462, 18.10896], [74.3742, 18.11114], [74.37363, 18.11151], [74.37523, 18.11555], [74.37791, 18.1298], [74.38269, 18.14878], [74.38496, 18.15221], [74.39047, 18.15113], [74.39206, 18.15265], [74.39701, 18.15439], [74.39684, 18.15559], [74.39956, 18.15536], [74.39969, 18.15845], [74.40048, 18.15856], [74.4124, 18.15571], [74.4132, 18.15344], [74.41518, 18.15298], [74.41471, 18.14995], [74.41589, 18.14926], [74.41621, 18.14494], [74.4153, 18.14336], [74.41635, 18.1423], [74.41662, 18.13939], [74.41641, 18.13883], [74.41526, 18.13846], [74.41514, 18.13778], [74.41569, 18.13695], [74.41536, 18.13558], [74.41566, 18.13445], [74.41712, 18.13251], [74.41693, 18.12694], [74.41731, 18.12352], [74.41477, 18.12297], [74.41524, 18.12122], [74.41468, 18.12115], [74.41475, 18.12039], [74.41614, 18.11883], [74.4121, 18.11907], [74.41182, 18.11736], [74.41187, 18.1154], [74.4121, 18.11464], [74.41315, 18.11387], [74.41395, 18.10839], [74.41489, 18.10736], [74.41481, 18.10596], [74.41243, 18.10757], [74.41298, 18.10866], [74.41242, 18.11103], [74.40967, 18.11147], [74.40689, 18.113], [74.40452, 18.11318], [74.40326, 18.11242], [74.40203, 18.10898], [74.40163, 18.10883], [74.40113, 18.10973], [74.40032, 18.10963], [74.4003, 18.10909], [74.39848, 18.10847], [74.39805, 18.10875]]]}, "properties": {"panchayat_id": "IND.20.26.1_1__gp185406", "name": "Korhale Bk", "unit_type": "gram_panchayat", "area_km2": 21.351, "centroid_lat": 18.12799, "centroid_lon": 74.39604, "terrain": {"elevation_m": 555.0529096390237, "slope_deg": 0.35722981425024763, "monsoon_exposure": 0.004837829802067896, "ruggedness_m": 7.913481396430167, "roughness_m": 6.485702499203735, "local_relief_m": 23.36770976373532, "distance_to_coast_km": 138.20224308008326, "upwind_barrier_m": 341.7318013972674, "downwind_rise_m": 36.82784849067684, "upwind_max_elev_m": 896.7847110362911}, "block_id": "IND.20.26.1_1", "block_name": "Baramati", "district": "Pune"}}, {"type": "Feature", "geometry": {"type": "Polygon", "coordinates": [[[74.42883, 18.12528], [74.42917, 18.12242], [74.43002, 18.12117], [74.42993, 18.11868], [74.43082, 18.11723], [74.43148, 18.11439], [74.43017, 18.11296], [74.43105, 18.11082], [74.42967, 18.10837], [74.43164, 18.10703], [74.43281, 18.10364], [74.43245, 18.10257], [74.43122, 18.10136], [74.43173, 18.09777], [74.43281, 18.09528], [74.43131, 18.09343], [74.43228, 18.09], [74.43131, 18.08997], [74.42872, 18.09191], [74.42414, 18.09198], [74.42198, 18.09333], [74.41849, 18.11386], [74.41813, 18.12078], [74.41749, 18.12127], [74.41688, 18.1323], [74.42139, 18.1344], [74.42751, 18.13537], [74.42943, 18.13622], [74.44249, 18.13834], [74.44023, 18.13575], [74.44072, 18.1356], [74.43894, 18.13289], [74.43721, 18.13283], [74.4344, 18.12996], [74.43345, 18.12993], [74.43112, 18.12735], [74.43108, 18.12662], [74.42883, 18.12528]]]}, "properties": {"panchayat_id": "IND.20.26.1_1__gp185407", "name": "Kurnewadi", "unit_type": "gram_panchayat", "area_km2": 6.543, "centroid_lat": 18.11633, "centroid_lon": 74.42608, "terrain": {"elevation_m": 548.3969751544355, "slope_deg": 0.17567752564863096, "monsoon_exposure": -0.0004376772153576708, "ruggedness_m": 6.488116699615755, "roughness_m": 6.038316941775587, "local_relief_m": 12.914273684065392, "distance_to_coast_km": 140.52313185969163, "upwind_barrier_m": 337.84905716072547, "downwind_rise_m": 13.220198983077807, "upwind_max_elev_m": 886.246032315161}, "block_id": "IND.20.26.1_1", "block_name": "Baramati", "district": "Pune"}}, {"type": "Feature", "geometry": {"type": "Polygon", "coordinates": [[[74.34474, 18.35029], [74.34476, 18.34684], [74.34664, 18.34696], [74.34888, 18.34749], [74.35044, 18.35029], [74.35449, 18.35178], [74.35653, 18.34936], [74.35038, 18.34767], [74.34962, 18.34701], [74.34915, 18.34532], [74.35217, 18.34117], [74.35575, 18.34055], [74.35463, 18.34144], [74.35508, 18.34353], [74.35621, 18.34449], [74.36034, 18.34322], [74.36062, 18.3449], [74.36737, 18.34942], [74.36777, 18.3436], [74.37087, 18.34357], [74.37216, 18.34193], [74.37229, 18.34101], [74.37424, 18.33994], [74.37417, 18.33907], [74.37187, 18.33848], [74.37151, 18.33773], [74.3727, 18.33595], [74.37078, 18.33464], [74.36829, 18.33188], [74.35427, 18.33209], [74.3511, 18.33172], [74.34257, 18.33295], [74.33779, 18.33276], [74.3258, 18.33115], [74.31937, 18.33151], [74.31219, 18.32994], [74.30793, 18.32993], [74.30632, 18.32783], [74.30266, 18.32598], [74.30249, 18.33566], [74.30667, 18.33768], [74.30848, 18.34135], [74.30949, 18.34659], [74.3091, 18.35504], [74.30963, 18.35503], [74.30954, 18.356], [74.31493, 18.35706], [74.32745, 18.35564], [74.33957, 18.35335], [74.34175, 18.35044], [74.34474, 18.35029]]]}, "properties": {"panchayat_id": "IND.20.26.1_1__gp185408", "name": "Kutavalwadi", "unit_type": "gram_panchayat", "area_km2": 14.317, "centroid_lat": 18.34163, "centroid_lon": 74.33413, "terrain": {"elevation_m": 638.2938037948043, "slope_deg": 0.2230084102794332, "monsoon_exposure": 0.0030629798685901525, "ruggedness_m": 6.055450830361695, "roughness_m": 5.281678916533456, "local_relief_m": 13.301397874043005, "distance_to_coast_km": 131.72875327530514, "upwind_barrier_m": 178.22280478664607, "downwind_rise_m": 29.73434474368696, "upwind_max_elev_m": 816.5166085814503}, "block_id": "IND.20.26.1_1", "block_name": "Baramati", "district": "Pune"}}, {"type": "Feature", "geometry": {"type": "Polygon", "coordinates": [[[74.40828, 18.08265], [74.41303, 18.08371], [74.41737, 18.08344], [74.41707, 18.08164], [74.42128, 18.08126], [74.42166, 18.08338], [74.42237, 18.08339], [74.42209, 18.08193], [74.42278, 18.08166], [74.42239, 18.07911], [74.42415, 18.0799], [74.42496, 18.08344], [74.42645, 18.08327], [74.42388, 18.07148], [74.42323, 18.06646], [74.41672, 18.06903], [74.4109, 18.07048], [74.40697, 18.07035], [74.40441, 18.06975], [74.40117, 18.07039], [74.39622, 18.07287], [74.39577, 18.07358], [74.3963, 18.07421], [74.39495, 18.07532], [74.39437, 18.07669], [74.3947, 18.07799], [74.39363, 18.07814], [74.39306, 18.0777], [74.39218, 18.07809], [74.39165, 18.08094], [74.38941, 18.08106], [74.38976, 18.08307], [74.38718, 18.08361], [74.38754, 18.08492], [74.38919, 18.0851], [74.38977, 18.08642], [74.38954, 18.08765], [74.39042, 18.08889], [74.39096, 18.09277], [74.39021, 18.09369], [74.39107, 18.09526], [74.39078, 18.09632], [74.40682, 18.09666], [74.40675, 18.09604], [74.4054, 18.09605], [74.4054, 18.09548], [74.40863, 18.09555], [74.40841, 18.09314], [74.40516, 18.09295], [74.4084, 18.09266], [74.4083, 18.09141], [74.41217, 18.09148], [74.41233, 18.08949], [74.40834, 18.08941], [74.40833, 18.08905], [74.40963, 18.08885], [74.40822, 18.0887], [74.40818, 18.08756], [74.40768, 18.08756], [74.40781, 18.08864], [74.40651, 18.08845], [74.40638, 18.08552], [74.4081, 18.08554], [74.40828, 18.08265]]]}, "properties": {"panchayat_id": "IND.20.26.1_1__gp185409", "name": "Late", "unit_type": "gram_panchayat", "area_km2": 7.443, "centroid_lat": 18.08153, "centroid_lon": 74.40574, "terrain": {"elevation_m": 535.6666653640204, "slope_deg": 0.21007361873814276, "monsoon_exposure": 0.0015207130580441653, "ruggedness_m": 4.366428248009739, "roughness_m": 2.2806038668498068, "local_relief_m": 14.70419011340573, "distance_to_coast_km": 137.06232846363483, "upwind_barrier_m": 303.4090150799966, "downwind_rise_m": 18.67257532411736, "upwind_max_elev_m": 839.075680444017}, "block_id": "IND.20.26.1_1", "block_name": "Baramati", "district": "Pune"}}, {"type": "Feature", "geometry": {"type": "Polygon", "coordinates": [[[74.38827, 18.26578], [74.38866, 18.26531], [74.38785, 18.26241], [74.38839, 18.25087], [74.38806, 18.24459], [74.3957, 18.24321], [74.39895, 18.24177], [74.39616, 18.23921], [74.40101, 18.23794], [74.40078, 18.23719], [74.3998, 18.23729], [74.3992, 18.23537], [74.39727, 18.2357], [74.39611, 18.23244], [74.39732, 18.23184], [74.398, 18.23187], [74.39911, 18.23296], [74.40088, 18.23261], [74.40061, 18.23115], [74.39929, 18.23124], [74.39917, 18.22872], [74.39968, 18.2287], [74.39972, 18.226], [74.39752, 18.2239], [74.39651, 18.224], [74.39604, 18.22153], [74.39723, 18.2202], [74.39573, 18.21921], [74.39646, 18.21625], [74.3943, 18.21497], [74.39577, 18.21325], [74.38931, 18.20531], [74.38804, 18.20507], [74.3882, 18.19772], [74.38889, 18.19608], [74.3856, 18.19347], [74.38423, 18.19343], [74.38133, 18.19507], [74.37904, 18.19518], [74.37825, 18.191], [74.3722, 18.19062], [74.36703, 18.18926], [74.36733, 18.18749], [74.36625, 18.18771], [74.36575, 18.18857], [74.36483, 18.18843], [74.36449, 18.18727], [74.36414, 18.18729], [74.36399, 18.18561], [74.36206, 18.18681], [74.36075, 18.18973], [74.36012, 18.18952], [74.35981, 18.18822], [74.35921, 18.1882], [74.36148, 18.19709], [74.36093, 18.19779], [74.36017, 18.19674], [74.35902, 18.1979], [74.35637, 18.1976], [74.35891, 18.20062], [74.35778, 18.20076], [74.36049, 18.20837], [74.35745, 18.20943], [74.35781, 18.21173], [74.35754, 18.21204], [74.35664, 18.21153], [74.35792, 18.21683], [74.35636, 18.21669], [74.35783, 18.22502], [74.36308, 18.22413], [74.36418, 18.22467], [74.36523, 18.2266], [74.36601, 18.22709], [74.36599, 18.22854], [74.36715, 18.23135], [74.36625, 18.23179], [74.36694, 18.23562], [74.36163, 18.23745], [74.35896, 18.23781], [74.35599, 18.23926], [74.35755, 18.24044], [74.35912, 18.24315], [74.35999, 18.24353], [74.36473, 18.24857], [74.3643, 18.24985], [74.3654, 18.25258], [74.36557, 18.25459], [74.36854, 18.25988], [74.36812, 18.26142], [74.36885, 18.26295], [74.36861, 18.26379], [74.37525, 18.26497], [74.37877, 18.26266], [74.37976, 18.26285], [74.38, 18.2648], [74.38604, 18.26601], [74.38827, 18.26578]]]}, "properties": {"panchayat_id": "IND.20.26.1_1__gp185410", "name": "Lonibhapkar", "unit_type": "gram_panchayat", "area_km2": 25.727, "centroid_lat": 18.22586, "centroid_lon": 74.37701, "terrain": {"elevation_m": 607.5121633444633, "slope_deg": 0.25066607727775647, "monsoon_exposure": -0.004361596879814056, "ruggedness_m": 6.9040667389611805, "roughness_m": 4.656299736933078, "local_relief_m": 20.2735386665737, "distance_to_coast_km": 135.81192987649683, "upwind_barrier_m": 28.567507064822507, "downwind_rise_m": 0.0, "upwind_max_elev_m": 636.0796704092858}, "block_id": "IND.20.26.1_1", "block_name": "Baramati", "district": "Pune"}}, {"type": "Feature", "geometry": {"type": "Polygon", "coordinates": [[[74.27928, 18.17875], [74.28473, 18.17837], [74.28469, 18.17688], [74.28694, 18.17648], [74.2941, 18.17696], [74.2942, 18.17351], [74.2956, 18.16927], [74.29818, 18.16483], [74.3087, 18.15118], [74.31318, 18.14766], [74.31218, 18.14494], [74.31196, 18.14122], [74.30508, 18.13881], [74.30072, 18.13887], [74.2983, 18.13775], [74.28901, 18.13614], [74.28971, 18.13817], [74.28833, 18.13901], [74.2877, 18.1402], [74.28805, 18.14169], [74.28475, 18.14331], [74.28443, 18.14425], [74.27881, 18.14309], [74.27661, 18.14968], [74.27755, 18.1498], [74.27752, 18.15034], [74.27845, 18.15097], [74.27763, 18.15221], [74.27829, 18.15353], [74.27885, 18.15719], [74.27877, 18.161], [74.28003, 18.16549], [74.27886, 18.17011], [74.27942, 18.17505], [74.27928, 18.17875]]]}, "properties": {"panchayat_id": "IND.20.26.1_1__gp185411", "name": "Magarwadi", "unit_type": "gram_panchayat", "area_km2": 10.52, "centroid_lat": 18.15524, "centroid_lon": 74.2923, "terrain": {"elevation_m": 583.2680380038801, "slope_deg": 0.7159799479356035, "monsoon_exposure": -0.00154658982057423, "ruggedness_m": 10.09619690350511, "roughness_m": 5.187754703611569, "local_relief_m": 29.171969600747843, "distance_to_coast_km": 127.23834915558167, "upwind_barrier_m": 335.09271682978476, "downwind_rise_m": 46.73846847988443, "upwind_max_elev_m": 918.3607548336648}, "block_id": "IND.20.26.1_1", "block_name": "Baramati", "district": "Pune"}}, {"type": "Feature", "geometry": {"type": "Polygon", "coordinates": [[[74.57805, 18.13338], [74.58079, 18.13026], [74.5807, 18.12932], [74.57592, 18.11577], [74.57533, 18.11208], [74.57578, 18.10979], [74.57549, 18.10526], [74.57394, 18.09794], [74.56941, 18.10071], [74.56166, 18.10224], [74.55408, 18.10458], [74.54457, 18.10521], [74.54522, 18.10805], [74.54523, 18.11117], [74.54348, 18.12506], [74.54571, 18.1254], [74.55325, 18.12822], [74.55825, 18.13099], [74.56805, 18.13299], [74.57421, 18.13593], [74.57805, 18.13338]]]}, "properties": {"panchayat_id": "IND.20.26.1_1__gp185412", "name": "Malad", "unit_type": "gram_panchayat", "area_km2": 10.518, "centroid_lat": 18.11751, "centroid_lon": 74.56262, "terrain": {"elevation_m": 538.9416811510323, "slope_deg": 0.1482939856274823, "monsoon_exposure": -0.0019871822844138823, "ruggedness_m": 3.426158577425065, "roughness_m": 1.7498666113375254, "local_relief_m": 9.65026751685491, "distance_to_coast_km": 153.6893814121197, "upwind_barrier_m": 88.74097041428695, "downwind_rise_m": 38.889052159253424, "upwind_max_elev_m": 627.6826515653192}, "block_id": "IND.20.26.1_1", "block_name": "Baramati", "district": "Pune"}}, {"type": "Feature", "geometry": {"type": "Polygon", "coordinates": [[[74.49526, 18.16834], [74.51386, 18.1668], [74.52366, 18.16158], [74.52543, 18.16013], [74.52896, 18.1587], [74.53309, 18.15806], [74.53235, 18.15306], [74.53328, 18.14887], [74.53413, 18.1409], [74.53614, 18.13352], [74.52294, 18.13519], [74.51715, 18.13485], [74.51227, 18.13754], [74.51021, 18.13789], [74.50986, 18.14179], [74.50514, 18.14458], [74.5016, 18.14623], [74.49964, 18.14656], [74.49878, 18.14898], [74.49739, 18.14856], [74.49697, 18.1492], [74.49693, 18.15155], [74.49457, 18.15615], [74.49491, 18.15705], [74.49428, 18.15921], [74.49526, 18.16834]]]}, "properties": {"panchayat_id": "IND.20.26.1_1__gp185414", "name": "Malegaon Kh.", "unit_type": "gram_panchayat", "area_km2": 11.078, "centroid_lat": 18.1515, "centroid_lon": 74.51519, "terrain": {"elevation_m": 561.1488690311089, "slope_deg": 0.5234622435575348, "monsoon_exposure": 0.006258929735848516, "ruggedness_m": 6.2882524159754025, "roughness_m": 4.214590963266294, "local_relief_m": 17.354433445607697, "distance_to_coast_km": 150.4640125368449, "upwind_barrier_m": 65.83280171709225, "downwind_rise_m": 37.16960270702407, "upwind_max_elev_m": 626.9816707482012}, "block_id": "IND.20.26.1_1", "block_name": "Baramati", "district": "Pune"}}, {"type": "Feature", "geometry": {"type": "Polygon", "coordinates": [[[74.40682, 18.09666], [74.41563, 18.09585], [74.42168, 18.0936], [74.42352, 18.09215], [74.42872, 18.09191], [74.42645, 18.08327], [74.42496, 18.08344], [74.42415, 18.0799], [74.42239, 18.07911], [74.42278, 18.08166], [74.42209, 18.08193], [74.42237, 18.08339], [74.42166, 18.08338], [74.42128, 18.08126], [74.41707, 18.08164], [74.41737, 18.08344], [74.41303, 18.08371], [74.40828, 18.08265], [74.4081, 18.08554], [74.40638, 18.08552], [74.40651, 18.08845], [74.40781, 18.08864], [74.40768, 18.08756], [74.40818, 18.08756], [74.40822, 18.0887], [74.40963, 18.08885], [74.40833, 18.08905], [74.40834, 18.08941], [74.41233, 18.08949], [74.41217, 18.09148], [74.4083, 18.09141], [74.4084, 18.09266], [74.40516, 18.09295], [74.40841, 18.09314], [74.40863, 18.09555], [74.4054, 18.09548], [74.4054, 18.09605], [74.40675, 18.09604], [74.40682, 18.09666]]]}, "properties": {"panchayat_id": "IND.20.26.1_1__gp185415", "name": "Malwadiloni", "unit_type": "gram_panchayat", "area_km2": 2.634, "centroid_lat": 18.08868, "centroid_lon": 74.41723, "terrain": {"elevation_m": 540.4017255307729, "slope_deg": 0.30912575392667185, "monsoon_exposure": 0.004879308025264558, "ruggedness_m": 4.687581416385561, "roughness_m": 3.5433112571128045, "local_relief_m": 12.788865561079888, "distance_to_coast_km": 138.4710191016393, "upwind_barrier_m": 309.5703166688605, "downwind_rise_m": 12.214984383362662, "upwind_max_elev_m": 849.9720421996334}, "block_id": "IND.20.26.1_1", "block_name": "Baramati", "district": "Pune"}}, {"type": "Feature", "geometry": {"type": "Polygon", "coordinates": [[[74.42879, 18.12447], [74.43048, 18.12431], [74.43446, 18.12257], [74.44125, 18.11832], [74.44475, 18.11819], [74.44904, 18.11926], [74.4542, 18.11768], [74.45301, 18.11138], [74.45562, 18.10945], [74.45831, 18.10553], [74.45661, 18.10119], [74.45568, 18.09355], [74.45611, 18.09144], [74.44996, 18.09061], [74.44334, 18.09116], [74.44328, 18.09055], [74.43228, 18.09], [74.43131, 18.09343], [74.43281, 18.09528], [74.43173, 18.09777], [74.43122, 18.10136], [74.43245, 18.10257], [74.43281, 18.10364], [74.43164, 18.10703], [74.42967, 18.10837], [74.43105, 18.11082], [74.43017, 18.11296], [74.43148, 18.11439], [74.43082, 18.11723], [74.42993, 18.11868], [74.43002, 18.12117], [74.42917, 18.12242], [74.42879, 18.12447]]]}, "properties": {"panchayat_id": "IND.20.26.1_1__gp185417", "name": "Manppawasti", "unit_type": "gram_panchayat", "area_km2": 8.124, "centroid_lat": 18.10537, "centroid_lon": 74.44296, "terrain": {"elevation_m": 546.0806120603229, "slope_deg": 0.3555261187504338, "monsoon_exposure": 0.0015639854590457768, "ruggedness_m": 5.249008800392652, "roughness_m": 0.6645953760498061, "local_relief_m": 13.135959586447143, "distance_to_coast_km": 141.6553084617357, "upwind_barrier_m": 318.0824660753424, "downwind_rise_m": 10.555907212852503, "upwind_max_elev_m": 864.1630781356653}, "block_id": "IND.20.26.1_1", "block_name": "Baramati", "district": "Pune"}}, {"type": "Feature", "geometry": {"type": "Polygon", "coordinates": [[[74.35636, 18.21669], [74.35028, 18.2151], [74.34193, 18.21408], [74.33522, 18.21414], [74.33117, 18.21334], [74.33, 18.21269], [74.32877, 18.21291], [74.32925, 18.21142], [74.32611, 18.21133], [74.32314, 18.20627], [74.32286, 18.20916], [74.32155, 18.21342], [74.31808, 18.2152], [74.32012, 18.22136], [74.32003, 18.22527], [74.32587, 18.2268], [74.32608, 18.2275], [74.32751, 18.2279], [74.33243, 18.22819], [74.33448, 18.22892], [74.33705, 18.23056], [74.33877, 18.23104], [74.34138, 18.23295], [74.34611, 18.23355], [74.34724, 18.23411], [74.34857, 18.23485], [74.34933, 18.23679], [74.35022, 18.23756], [74.35202, 18.23771], [74.35422, 18.23914], [74.35599, 18.23926], [74.35896, 18.23781], [74.36163, 18.23745], [74.36694, 18.23562], [74.36625, 18.23179], [74.36717, 18.23155], [74.36599, 18.22854], [74.36601, 18.22709], [74.36523, 18.2266], [74.36418, 18.22467], [74.36308, 18.22413], [74.35783, 18.22502], [74.35636, 18.21669]]]}, "properties": {"panchayat_id": "IND.20.26.1_1__gp185418", "name": "Masalwadi", "unit_type": "gram_panchayat", "area_km2": 8.979, "centroid_lat": 18.22418, "centroid_lon": 74.34301, "terrain": {"elevation_m": 630.206762789312, "slope_deg": 0.4799229488043541, "monsoon_exposure": -0.008355142302238064, "ruggedness_m": 10.087051506339991, "roughness_m": 10.267009305621512, "local_relief_m": 21.0131942163149, "distance_to_coast_km": 132.26904094208012, "upwind_barrier_m": 32.095878938848045, "downwind_rise_m": 0.0, "upwind_max_elev_m": 662.3026417281601}, "block_id": "IND.20.26.1_1", "block_name": "Baramati", "district": "Pune"}}, {"type": "Feature", "geometry": {"type": "Polygon", "coordinates": [[[74.56635, 18.20121], [74.56647, 18.19706], [74.56437, 18.18471], [74.56638, 18.17094], [74.55812, 18.16852], [74.55333, 18.16543], [74.55281, 18.16597], [74.55016, 18.16321], [74.54967, 18.16355], [74.53898, 18.15957], [74.53309, 18.15806], [74.52896, 18.1587], [74.52543, 18.16013], [74.52366, 18.16158], [74.51386, 18.1668], [74.51517, 18.17129], [74.51775, 18.17622], [74.52143, 18.18199], [74.52454, 18.18546], [74.5263, 18.18891], [74.52702, 18.18862], [74.53449, 18.19494], [74.53579, 18.19569], [74.53809, 18.19233], [74.53965, 18.19378], [74.53992, 18.19535], [74.54283, 18.1961], [74.54671, 18.19789], [74.55463, 18.19919], [74.55341, 18.20201], [74.56635, 18.20121]]]}, "properties": {"panchayat_id": "IND.20.26.1_1__gp185419", "name": "Medad", "unit_type": "gram_panchayat", "area_km2": 17.33, "centroid_lat": 18.17905, "centroid_lon": 74.5427, "terrain": {"elevation_m": 546.8687842517393, "slope_deg": 0.23477196353576094, "monsoon_exposure": -0.003990181896149436, "ruggedness_m": 4.827392226742252, "roughness_m": 4.294828124342351, "local_relief_m": 9.149827163426494, "distance_to_coast_km": 153.18683807974668, "upwind_barrier_m": 45.13121574826073, "downwind_rise_m": 55.951245235752936, "upwind_max_elev_m": 592.0}, "block_id": "IND.20.26.1_1", "block_name": "Baramati", "district": "Pune"}}, {"type": "Feature", "geometry": {"type": "Polygon", "coordinates": [[[74.59158, 18.08749], [74.59757, 18.08715], [74.61328, 18.08215], [74.61412, 18.08235], [74.61507, 18.08053], [74.61735, 18.08015], [74.61927, 18.08184], [74.62024, 18.08167], [74.62007, 18.08018], [74.61844, 18.07932], [74.61766, 18.07743], [74.61785, 18.07623], [74.62135, 18.07333], [74.62358, 18.07046], [74.62728, 18.07077], [74.6293, 18.0703], [74.62904, 18.06788], [74.62982, 18.06182], [74.62964, 18.05678], [74.62667, 18.05615], [74.624, 18.05138], [74.6227, 18.05003], [74.61985, 18.04832], [74.61051, 18.04632], [74.60683, 18.04674], [74.60484, 18.04752], [74.6001, 18.05195], [74.59828, 18.05285], [74.59925, 18.05578], [74.59975, 18.05567], [74.59967, 18.0578], [74.59836, 18.05796], [74.59897, 18.06304], [74.59823, 18.0676], [74.59583, 18.06727], [74.59579, 18.06814], [74.59533, 18.0681], [74.59534, 18.06727], [74.59441, 18.06716], [74.59432, 18.07292], [74.5895, 18.07232], [74.59128, 18.08292], [74.59158, 18.08749]]]}, "properties": {"panchayat_id": "IND.20.26.1_1__gp185420", "name": "Mekhali", "unit_type": "gram_panchayat", "area_km2": 12.036, "centroid_lat": 18.06667, "centroid_lon": 74.60972, "terrain": {"elevation_m": 521.7858407627209, "slope_deg": 0.28088264804542706, "monsoon_exposure": -0.0015779531019512122, "ruggedness_m": 4.20970294416353, "roughness_m": 2.6207670344934586, "local_relief_m": 10.489862873614015, "distance_to_coast_km": 156.3402575456446, "upwind_barrier_m": 156.839783406494, "downwind_rise_m": 26.85520572043606, "upwind_max_elev_m": 678.6256241692149}, "block_id": "IND.20.26.1_1", "block_name": "Baramati", "district": "Pune"}}, {"type": "Feature", "geometry": {"type": "Polygon", "coordinates": [[[74.29039, 18.20279], [74.29569, 18.20039], [74.2985, 18.20018], [74.30017, 18.19821], [74.30262, 18.19753], [74.30323, 18.19608], [74.30261, 18.19328], [74.30305, 18.19244], [74.3043, 18.19203], [74.30596, 18.19035], [74.30673, 18.18881], [74.3069, 18.18611], [74.30769, 18.18445], [74.31011, 18.18166], [74.31319, 18.17959], [74.31462, 18.17783], [74.31459, 18.17606], [74.3089, 18.17695], [74.30255, 18.1766], [74.29538, 18.17703], [74.28694, 18.17648], [74.28469, 18.17688], [74.28473, 18.17837], [74.28136, 18.17831], [74.27684, 18.17934], [74.27519, 18.17859], [74.26953, 18.1808], [74.26973, 18.1816], [74.26775, 18.18391], [74.26633, 18.18657], [74.26425, 18.18866], [74.26127, 18.18927], [74.25619, 18.19212], [74.24802, 18.19214], [74.24845, 18.19446], [74.24512, 18.20012], [74.2451, 18.20171], [74.2439, 18.20415], [74.24574, 18.20464], [74.24566, 18.20671], [74.24743, 18.21192], [74.24731, 18.21411], [74.24836, 18.21649], [74.25007, 18.21893], [74.25249, 18.21965], [74.25391, 18.21852], [74.25639, 18.21795], [74.25886, 18.21912], [74.26028, 18.21736], [74.26293, 18.2181], [74.26964, 18.21714], [74.27154, 18.21592], [74.27331, 18.2159], [74.27555, 18.21412], [74.27784, 18.21431], [74.27857, 18.21258], [74.2781, 18.21102], [74.2796, 18.21116], [74.28113, 18.20914], [74.28232, 18.20938], [74.28345, 18.20889], [74.28551, 18.20649], [74.28838, 18.20559], [74.28967, 18.20435], [74.29039, 18.20279]]]}, "properties": {"panchayat_id": "IND.20.26.1_1__gp185421", "name": "Modhave", "unit_type": "gram_panchayat", "area_km2": 19.459, "centroid_lat": 18.19649, "centroid_lon": 74.27596, "terrain": {"elevation_m": 621.7787884604115, "slope_deg": 0.4042648306347523, "monsoon_exposure": -0.0019418428064663857, "ruggedness_m": 15.622343203997584, "roughness_m": 10.812876284314651, "local_relief_m": 50.883624405384126, "distance_to_coast_km": 125.32953723932852, "upwind_barrier_m": 234.06992917142895, "downwind_rise_m": 6.799712286036765, "upwind_max_elev_m": 855.8487176318405}, "block_id": "IND.20.26.1_1", "block_name": "Baramati", "district": "Pune"}}, {"type": "Feature", "geometry": {"type": "Polygon", "coordinates": [[[74.29616, 18.29876], [74.29843, 18.29887], [74.30355, 18.29566], [74.30771, 18.29413], [74.30979, 18.28899], [74.31022, 18.28558], [74.31114, 18.28413], [74.31429, 18.28136], [74.31727, 18.2822], [74.31926, 18.27987], [74.32156, 18.28095], [74.32325, 18.28077], [74.32462, 18.27824], [74.32795, 18.27698], [74.3336, 18.27188], [74.32898, 18.26202], [74.32788, 18.26186], [74.32241, 18.25085], [74.31741, 18.25017], [74.31737, 18.24783], [74.31599, 18.24375], [74.31473, 18.24357], [74.31378, 18.24143], [74.31317, 18.23772], [74.29469, 18.24219], [74.29441, 18.24398], [74.29337, 18.2448], [74.28669, 18.24447], [74.28487, 18.24347], [74.28388, 18.24892], [74.28192, 18.25537], [74.27834, 18.2625], [74.27728, 18.26393], [74.27568, 18.26499], [74.27532, 18.26706], [74.28099, 18.27048], [74.2854, 18.27246], [74.28684, 18.27752], [74.29304, 18.29128], [74.29502, 18.29806], [74.29616, 18.29876]]]}, "properties": {"panchayat_id": "IND.20.26.1_1__gp185422", "name": "Moragon", "unit_type": "gram_panchayat", "area_km2": 22.496, "centroid_lat": 18.26605, "centroid_lon": 74.30388, "terrain": {"elevation_m": 622.9477546456153, "slope_deg": 0.3163985889208996, "monsoon_exposure": -0.005469686507619812, "ruggedness_m": 5.109702885722437, "roughness_m": 2.60509802823002, "local_relief_m": 12.635621562996107, "distance_to_coast_km": 128.2512235534702, "upwind_barrier_m": 68.53167042882592, "downwind_rise_m": 13.450370571346184, "upwind_max_elev_m": 691.4794250744412}, "block_id": "IND.20.26.1_1", "block_name": "Baramati", "district": "Pune"}}, {"type": "Feature", "geometry": {"type": "Polygon", "coordinates": [[[74.42612, 18.19085], [74.42182, 18.17508], [74.42182, 18.17327], [74.41598, 18.15816], [74.41518, 18.15298], [74.4132, 18.15344], [74.4124, 18.15571], [74.40048, 18.15856], [74.39969, 18.15845], [74.39956, 18.15536], [74.39684, 18.15559], [74.39701, 18.15439], [74.39206, 18.15265], [74.39047, 18.15113], [74.38496, 18.15221], [74.38453, 18.15153], [74.3819, 18.15291], [74.37334, 18.15572], [74.36679, 18.15912], [74.36557, 18.16014], [74.36529, 18.16134], [74.36297, 18.16418], [74.35768, 18.16889], [74.35227, 18.17078], [74.35062, 18.17084], [74.34913, 18.17409], [74.35107, 18.17739], [74.34847, 18.17788], [74.3478, 18.17872], [74.34714, 18.18124], [74.35022, 18.18526], [74.35056, 18.18655], [74.35423, 18.18665], [74.35481, 18.18712], [74.35491, 18.18563], [74.35605, 18.18537], [74.35684, 18.18655], [74.35819, 18.18644], [74.35906, 18.18818], [74.35981, 18.18822], [74.36012, 18.18952], [74.36075, 18.18973], [74.36206, 18.18681], [74.36399, 18.18561], [74.36414, 18.18729], [74.36449, 18.18727], [74.36483, 18.18843], [74.36575, 18.18857], [74.36625, 18.18771], [74.36733, 18.18749], [74.36703, 18.18926], [74.3722, 18.19062], [74.37825, 18.191], [74.37904, 18.19518], [74.38133, 18.19507], [74.38423, 18.19343], [74.3856, 18.19347], [74.38889, 18.19608], [74.38941, 18.19568], [74.39291, 18.19632], [74.39391, 18.19592], [74.39529, 18.19401], [74.39775, 18.1946], [74.39788, 18.19398], [74.39945, 18.19366], [74.40776, 18.19436], [74.40989, 18.19523], [74.41306, 18.19855], [74.41337, 18.20025], [74.41489, 18.20067], [74.41594, 18.20169], [74.42175, 18.20264], [74.42557, 18.2047], [74.42806, 18.20478], [74.42844, 18.20629], [74.43298, 18.20445], [74.44032, 18.20019], [74.44084, 18.19846], [74.44035, 18.19488], [74.42986, 18.19404], [74.42612, 18.19085]]]}, "properties": {"panchayat_id": "IND.20.26.1_1__gp185423", "name": "Mudhale", "unit_type": "gram_panchayat", "area_km2": 30.97, "centroid_lat": 18.17745, "centroid_lon": 74.393, "terrain": {"elevation_m": 591.4462338839658, "slope_deg": 0.1505050464699543, "monsoon_exposure": -0.00027601164205504704, "ruggedness_m": 11.799984780242575, "roughness_m": 9.983162295195307, "local_relief_m": 34.72509218201242, "distance_to_coast_km": 137.5976037746601, "upwind_barrier_m": 107.54376754908185, "downwind_rise_m": 15.828400389116723, "upwind_max_elev_m": 698.9900014330476}, "block_id": "IND.20.26.1_1", "block_name": "Baramati", "district": "Pune"}}, {"type": "Feature", "geometry": {"type": "Polygon", "coordinates": [[[74.31317, 18.23772], [74.31309, 18.23727], [74.31737, 18.2335], [74.31761, 18.228], [74.31915, 18.22526], [74.32003, 18.22527], [74.32012, 18.22136], [74.31808, 18.2152], [74.32155, 18.21342], [74.32286, 18.20916], [74.31007, 18.21073], [74.30947, 18.20858], [74.31026, 18.20849], [74.31063, 18.20708], [74.30945, 18.20649], [74.30779, 18.20463], [74.3076, 18.20376], [74.3071, 18.20378], [74.30639, 18.1982], [74.30589, 18.19775], [74.30452, 18.19799], [74.30245, 18.1994], [74.30086, 18.19986], [74.30017, 18.19821], [74.2985, 18.20018], [74.29569, 18.20039], [74.29078, 18.20253], [74.28838, 18.20559], [74.28551, 18.20649], [74.28427, 18.20836], [74.28232, 18.20938], [74.28113, 18.20914], [74.2796, 18.21116], [74.2781, 18.21102], [74.27857, 18.21258], [74.27784, 18.21431], [74.27555, 18.21412], [74.27331, 18.2159], [74.27154, 18.21592], [74.26964, 18.21714], [74.26293, 18.2181], [74.25991, 18.21742], [74.25886, 18.21912], [74.25639, 18.21795], [74.25391, 18.21852], [74.25249, 18.21965], [74.25007, 18.21893], [74.25052, 18.22029], [74.24801, 18.22287], [74.24599, 18.22732], [74.24634, 18.23189], [74.2472, 18.23558], [74.25482, 18.23458], [74.25887, 18.23512], [74.25909, 18.23643], [74.25983, 18.23651], [74.26559, 18.2353], [74.26566, 18.23401], [74.27073, 18.23433], [74.27201, 18.23535], [74.27672, 18.23706], [74.2806, 18.23625], [74.28291, 18.23825], [74.28487, 18.24347], [74.28669, 18.24447], [74.29337, 18.2448], [74.29441, 18.24398], [74.29469, 18.24219], [74.31317, 18.23772]]]}, "properties": {"panchayat_id": "IND.20.26.1_1__gp185424", "name": "Murti", "unit_type": "gram_panchayat", "area_km2": 22.635, "centroid_lat": 18.2234, "centroid_lon": 74.28851, "terrain": {"elevation_m": 607.37952140602, "slope_deg": 0.8787178763163833, "monsoon_exposure": 0.012622649408612205, "ruggedness_m": 14.445404044443821, "roughness_m": 13.453626121065282, "local_relief_m": 26.459600644342004, "distance_to_coast_km": 126.58901555273181, "upwind_barrier_m": 64.83420601649743, "downwind_rise_m": 23.61735289843432, "upwind_max_elev_m": 672.2137274225174}, "block_id": "IND.20.26.1_1", "block_name": "Baramati", "district": "Pune"}}, {"type": "Feature", "geometry": {"type": "Polygon", "coordinates": [[[74.30367, 18.106], [74.30627, 18.10493], [74.30749, 18.10337], [74.30941, 18.10428], [74.31182, 18.10113], [74.31442, 18.10137], [74.3147, 18.10015], [74.31567, 18.09917], [74.3211, 18.09471], [74.32389, 18.09501], [74.3294, 18.09304], [74.33447, 18.09228], [74.33512, 18.09237], [74.33603, 18.09339], [74.3381, 18.09342], [74.33946, 18.08934], [74.33205, 18.08768], [74.32668, 18.08436], [74.32549, 18.0833], [74.32151, 18.075], [74.31902, 18.07239], [74.31058, 18.07196], [74.30608, 18.06778], [74.30376, 18.06714], [74.29896, 18.06803], [74.29571, 18.07366], [74.29304, 18.07437], [74.28782, 18.07464], [74.29016, 18.08252], [74.29083, 18.08706], [74.29012, 18.08756], [74.29086, 18.08912], [74.29207, 18.08887], [74.29239, 18.09147], [74.29435, 18.09117], [74.29545, 18.09025], [74.29501, 18.0953], [74.29737, 18.09513], [74.29765, 18.09939], [74.29962, 18.10555], [74.30313, 18.10467], [74.30367, 18.106]]]}, "properties": {"panchayat_id": "IND.20.26.1_1__gp185425", "name": "Murum", "unit_type": "gram_panchayat", "area_km2": 11.799, "centroid_lat": 18.08597, "centroid_lon": 74.3091, "terrain": {"elevation_m": 545.2468185158539, "slope_deg": 0.33523127369891625, "monsoon_exposure": -0.005402126860720526, "ruggedness_m": 4.568526758534824, "roughness_m": 2.1298698967979752, "local_relief_m": 13.860703323980488, "distance_to_coast_km": 128.0440386242869, "upwind_barrier_m": 378.0496237961786, "downwind_rise_m": 27.54749583488274, "upwind_max_elev_m": 923.2964423120325}, "block_id": "IND.20.26.1_1", "block_name": "Baramati", "district": "Pune"}}, {"type": "Feature", "geometry": {"type": "Polygon", "coordinates": [[[74.44311, 18.34919], [74.45202, 18.34858], [74.45307, 18.34567], [74.45354, 18.342], [74.4552, 18.34151], [74.45384, 18.33848], [74.45013, 18.33394], [74.44766, 18.33177], [74.43767, 18.31701], [74.43586, 18.31142], [74.43366, 18.31094], [74.43177, 18.30907], [74.42723, 18.30707], [74.4253, 18.30687], [74.41974, 18.30501], [74.41816, 18.30366], [74.41557, 18.30297], [74.41553, 18.30418], [74.41759, 18.30524], [74.41578, 18.3085], [74.41606, 18.31068], [74.41375, 18.31711], [74.41468, 18.32129], [74.41368, 18.32335], [74.4145, 18.32736], [74.41713, 18.32959], [74.41846, 18.33199], [74.42571, 18.33231], [74.42934, 18.33384], [74.43417, 18.33874], [74.43802, 18.34081], [74.43772, 18.3453], [74.43981, 18.34757], [74.44311, 18.34919]]]}, "properties": {"panchayat_id": "IND.20.26.1_1__gp185426", "name": "Naroli", "unit_type": "gram_panchayat", "area_km2": 10.447, "centroid_lat": 18.32668, "centroid_lon": 74.43263, "terrain": {"elevation_m": 633.687698422058, "slope_deg": 0.8452101651974715, "monsoon_exposure": 0.008585794205765912, "ruggedness_m": 8.398566687899038, "roughness_m": 7.069973770008035, "local_relief_m": 29.00258096030359, "distance_to_coast_km": 141.90543198040208, "upwind_barrier_m": 76.86214966606349, "downwind_rise_m": 25.295741358889927, "upwind_max_elev_m": 710.5498480881215}, "block_id": "IND.20.26.1_1", "block_name": "Baramati", "district": "Pune"}}, {"type": "Feature", "geometry": {"type": "Polygon", "coordinates": [[[74.70503, 18.30922], [74.71129, 18.30693], [74.71075, 18.29723], [74.71166, 18.28668], [74.71005, 18.27409], [74.70727, 18.27375], [74.70746, 18.27479], [74.69588, 18.2772], [74.69265, 18.27713], [74.6872, 18.27577], [74.67973, 18.27499], [74.67254, 18.27301], [74.67175, 18.28575], [74.67216, 18.28848], [74.67217, 18.28963], [74.67169, 18.28981], [74.67192, 18.29476], [74.67109, 18.29523], [74.67157, 18.30157], [74.67096, 18.30736], [74.68276, 18.3098], [74.68969, 18.31027], [74.6993, 18.31062], [74.70503, 18.30922]]]}, "properties": {"panchayat_id": "IND.20.26.1_1__gp185427", "name": "Nimbodi", "unit_type": "gram_panchayat", "area_km2": 15.154, "centroid_lat": 18.29255, "centroid_lon": 74.69136, "terrain": {"elevation_m": 525.7417898101342, "slope_deg": 0.18703685793787633, "monsoon_exposure": 0.0027362905497343255, "ruggedness_m": 24.15370064859271, "roughness_m": 22.31140241017945, "local_relief_m": 45.280110001961134, "distance_to_coast_km": 168.69829460670573, "upwind_barrier_m": 87.95064371613967, "downwind_rise_m": 12.265681059432609, "upwind_max_elev_m": 613.6924335262738}, "block_id": "IND.20.26.1_1", "block_name": "Baramati", "district": "Pune"}}, {"type": "Feature", "geometry": {"type": "Polygon", "coordinates": [[[74.23495, 18.14117], [74.2359, 18.13847], [74.23487, 18.13255], [74.23361, 18.12953], [74.233, 18.12092], [74.23461, 18.12067], [74.23646, 18.1212], [74.23868, 18.12357], [74.23959, 18.1211], [74.24034, 18.12112], [74.24063, 18.12173], [74.24715, 18.11871], [74.24489, 18.11383], [74.24752, 18.11259], [74.24937, 18.11364], [74.25777, 18.11284], [74.25796, 18.11161], [74.25899, 18.11166], [74.2589, 18.1127], [74.26153, 18.11268], [74.26041, 18.10662], [74.25978, 18.10676], [74.25935, 18.10563], [74.25986, 18.10464], [74.26151, 18.10449], [74.26186, 18.103], [74.26044, 18.10141], [74.26047, 18.10003], [74.26211, 18.09765], [74.26202, 18.09315], [74.26324, 18.0927], [74.25968, 18.0836], [74.25869, 18.08489], [74.25536, 18.08633], [74.24944, 18.08985], [74.24228, 18.09658], [74.23611, 18.09943], [74.23203, 18.09949], [74.22508, 18.09857], [74.21996, 18.09649], [74.21626, 18.09666], [74.21689, 18.09792], [74.21593, 18.10555], [74.21704, 18.10968], [74.21922, 18.1122], [74.21968, 18.11424], [74.21926, 18.1143], [74.21976, 18.11597], [74.21846, 18.1162], [74.21997, 18.12419], [74.21997, 18.12736], [74.22132, 18.13325], [74.21912, 18.13332], [74.21233, 18.13194], [74.21144, 18.13472], [74.21008, 18.13492], [74.20992, 18.13588], [74.21383, 18.13546], [74.21529, 18.13611], [74.21548, 18.13568], [74.22162, 18.13436], [74.226, 18.13753], [74.22666, 18.13737], [74.22876, 18.1386], [74.22938, 18.13954], [74.23495, 18.14117]]]}, "properties": {"panchayat_id": "IND.20.26.1_1__gp185428", "name": "Nimbut", "unit_type": "gram_panchayat", "area_km2": 14.882, "centroid_lat": 18.1107, "centroid_lon": 74.23741, "terrain": {"elevation_m": 551.391997760733, "slope_deg": 0.26672320020435886, "monsoon_exposure": 0.0004515073618233576, "ruggedness_m": 5.208488377172931, "roughness_m": 2.430411336705417, "local_relief_m": 14.448056629684288, "distance_to_coast_km": 121.94279167776246, "upwind_barrier_m": 543.403851067579, "downwind_rise_m": 36.5127083067016, "upwind_max_elev_m": 1094.795848828312}, "block_id": "IND.20.26.1_1", "block_name": "Baramati", "district": "Pune"}}, {"type": "Feature", "geometry": {"type": "Polygon", "coordinates": [[[74.54457, 18.10521], [74.55217, 18.10494], [74.56166, 18.10224], [74.56941, 18.10071], [74.57268, 18.09903], [74.57555, 18.09678], [74.57838, 18.09556], [74.5859, 18.08891], [74.59158, 18.08749], [74.59128, 18.08292], [74.5895, 18.07232], [74.58161, 18.07177], [74.57974, 18.06317], [74.57919, 18.06328], [74.57733, 18.05424], [74.57597, 18.05472], [74.57164, 18.05406], [74.56955, 18.05505], [74.56731, 18.05853], [74.56559, 18.0635], [74.56124, 18.06897], [74.55793, 18.06995], [74.5487, 18.06866], [74.54816, 18.06926], [74.54485, 18.08355], [74.54419, 18.09998], [74.54457, 18.10521]]]}, "properties": {"panchayat_id": "IND.20.26.1_1__gp185429", "name": "Niravagaj", "unit_type": "gram_panchayat", "area_km2": 17.206, "centroid_lat": 18.08233, "centroid_lon": 74.56612, "terrain": {"elevation_m": 522.5590769204757, "slope_deg": 0.3059249895276428, "monsoon_exposure": 0.0028320763999128947, "ruggedness_m": 6.739318460958975, "roughness_m": 4.914851578634155, "local_relief_m": 13.638459156412864, "distance_to_coast_km": 152.64270143868058, "upwind_barrier_m": 151.57336036985475, "downwind_rise_m": 36.74128246088526, "upwind_max_elev_m": 674.1324372903305}, "block_id": "IND.20.26.1_1", "block_name": "Baramati", "district": "Pune"}}, {"type": "Feature", "geometry": {"type": "Polygon", "coordinates": [[[74.35921, 18.1882], [74.35819, 18.18644], [74.35684, 18.18655], [74.35605, 18.18537], [74.35491, 18.18563], [74.35481, 18.18712], [74.35423, 18.18665], [74.35056, 18.18655], [74.35022, 18.18526], [74.33239, 18.18608], [74.32496, 18.18813], [74.3242, 18.1889], [74.32142, 18.18927], [74.32143, 18.19002], [74.3205, 18.19055], [74.32053, 18.19115], [74.32075, 18.19165], [74.32221, 18.19159], [74.32271, 18.19204], [74.32206, 18.19488], [74.32341, 18.19949], [74.32205, 18.20201], [74.32236, 18.20294], [74.32196, 18.20417], [74.32611, 18.21133], [74.32925, 18.21142], [74.32877, 18.21291], [74.33, 18.21269], [74.33117, 18.21334], [74.33522, 18.21414], [74.34193, 18.21408], [74.35028, 18.2151], [74.35792, 18.21683], [74.35664, 18.21153], [74.35754, 18.21204], [74.35781, 18.21173], [74.35745, 18.20943], [74.36049, 18.20837], [74.35778, 18.20076], [74.35891, 18.20062], [74.35637, 18.1976], [74.35902, 18.1979], [74.36017, 18.19674], [74.36093, 18.19779], [74.36148, 18.19709], [74.35921, 18.1882]]]}, "properties": {"panchayat_id": "IND.20.26.1_1__gp185430", "name": "Palshiwadi", "unit_type": "gram_panchayat", "area_km2": 11.376, "centroid_lat": 18.19994, "centroid_lon": 74.34168, "terrain": {"elevation_m": 603.9361504869418, "slope_deg": 0.8203576530460679, "monsoon_exposure": 0.013281060376184822, "ruggedness_m": 12.885012592684989, "roughness_m": 9.037132307639673, "local_relief_m": 30.055972839858896, "distance_to_coast_km": 132.16791206105864, "upwind_barrier_m": 86.7827585131048, "downwind_rise_m": 23.81417002347314, "upwind_max_elev_m": 690.7189090000466}, "block_id": "IND.20.26.1_1", "block_name": "Baramati", "district": "Pune"}}, {"type": "Feature", "geometry": {"type": "Polygon", "coordinates": [[[74.43997, 18.1491], [74.44659, 18.14833], [74.44831, 18.14721], [74.45119, 18.14696], [74.45327, 18.14807], [74.45601, 18.14604], [74.46077, 18.14351], [74.4613, 18.14213], [74.46314, 18.14143], [74.4635, 18.14456], [74.46478, 18.14594], [74.46622, 18.14652], [74.46782, 18.14667], [74.47424, 18.14573], [74.47561, 18.14336], [74.47767, 18.1434], [74.47771, 18.1422], [74.48056, 18.14333], [74.482, 18.14334], [74.48498, 18.1384], [74.48691, 18.13695], [74.4866, 18.11925], [74.47866, 18.11898], [74.47523, 18.12427], [74.47463, 18.1273], [74.475, 18.1288], [74.47396, 18.13054], [74.46745, 18.12982], [74.46606, 18.13334], [74.46587, 18.13657], [74.46524, 18.13648], [74.46485, 18.13452], [74.46102, 18.13234], [74.45608, 18.12468], [74.4565, 18.11904], [74.45499, 18.11781], [74.4542, 18.11768], [74.44904, 18.11926], [74.44475, 18.11819], [74.44125, 18.11832], [74.43446, 18.12257], [74.43048, 18.12431], [74.42879, 18.12447], [74.42883, 18.12528], [74.43108, 18.12662], [74.43112, 18.12735], [74.43345, 18.12993], [74.4344, 18.12996], [74.43721, 18.13283], [74.43894, 18.13289], [74.44072, 18.1356], [74.44023, 18.13575], [74.44316, 18.13909], [74.43922, 18.14211], [74.43871, 18.14417], [74.43997, 18.1491]]]}, "properties": {"panchayat_id": "IND.20.26.1_1__gp185431", "name": "Pandare", "unit_type": "gram_panchayat", "area_km2": 12.347, "centroid_lat": 18.13326, "centroid_lon": 74.45928, "terrain": {"elevation_m": 553.4862600126203, "slope_deg": 0.5049570717813073, "monsoon_exposure": -0.006585842813538388, "ruggedness_m": 6.678876397756799, "roughness_m": 2.513218541594855, "local_relief_m": 20.888234850004665, "distance_to_coast_km": 144.4383278877287, "upwind_barrier_m": 139.78468532776492, "downwind_rise_m": 26.065250899076545, "upwind_max_elev_m": 693.2709453403852}, "block_id": "IND.20.26.1_1", "block_name": "Baramati", "district": "Pune"}}, {"type": "Feature", "geometry": {"type": "Polygon", "coordinates": [[[74.41503, 18.32781], [74.4145, 18.32736], [74.41374, 18.32436], [74.41378, 18.32259], [74.41468, 18.32129], [74.41375, 18.31711], [74.41606, 18.31068], [74.41578, 18.3085], [74.41759, 18.30524], [74.41553, 18.30418], [74.41557, 18.30297], [74.41816, 18.30366], [74.41974, 18.30501], [74.42205, 18.29387], [74.42018, 18.29375], [74.41715, 18.2926], [74.41702, 18.29169], [74.40996, 18.29291], [74.4079, 18.29241], [74.40672, 18.28989], [74.40151, 18.29], [74.39369, 18.28904], [74.3844, 18.28915], [74.37982, 18.30624], [74.3804, 18.31241], [74.3764, 18.32495], [74.37895, 18.32451], [74.37973, 18.32397], [74.38041, 18.32531], [74.38093, 18.32504], [74.38022, 18.32359], [74.38127, 18.32223], [74.3862, 18.32198], [74.39146, 18.32499], [74.39215, 18.32958], [74.41503, 18.32781]]]}, "properties": {"panchayat_id": "IND.20.26.1_1__gp185432", "name": "Pansarewadi", "unit_type": "gram_panchayat", "area_km2": 15.136, "centroid_lat": 18.30843, "centroid_lon": 74.39902, "terrain": {"elevation_m": 615.7750444632256, "slope_deg": 0.514196916657177, "monsoon_exposure": 0.005534195485832986, "ruggedness_m": 7.50933065848233, "roughness_m": 3.9075266701731346, "local_relief_m": 25.04663862917812, "distance_to_coast_km": 138.3465834784709, "upwind_barrier_m": 66.24313859516394, "downwind_rise_m": 44.880374392319936, "upwind_max_elev_m": 682.0181830583896}, "block_id": "IND.20.26.1_1", "block_name": "Baramati", "district": "Pune"}}, {"type": "Feature", "geometry": {"type": "Polygon", "coordinates": [[[74.65331, 18.31217], [74.65896, 18.31144], [74.66676, 18.30832], [74.67096, 18.30736], [74.67147, 18.3035], [74.67109, 18.29523], [74.67192, 18.29476], [74.67169, 18.28981], [74.67217, 18.28963], [74.67216, 18.28848], [74.67175, 18.28575], [74.67254, 18.27301], [74.6716, 18.27296], [74.67179, 18.27197], [74.66923, 18.26304], [74.66369, 18.25877], [74.66178, 18.25055], [74.66076, 18.24908], [74.65567, 18.24951], [74.65237, 18.25039], [74.64602, 18.25386], [74.63644, 18.25762], [74.63276, 18.25794], [74.62886, 18.2621], [74.62039, 18.26859], [74.62273, 18.29731], [74.62358, 18.30258], [74.62479, 18.30276], [74.62449, 18.3064], [74.64151, 18.31064], [74.64987, 18.31138], [74.65331, 18.31217]]]}, "properties": {"panchayat_id": "IND.20.26.1_1__gp185433", "name": "Parwadi", "unit_type": "gram_panchayat", "area_km2": 29.739, "centroid_lat": 18.28276, "centroid_lon": 74.64751, "terrain": {"elevation_m": 542.4492377622519, "slope_deg": 0.13897639853265048, "monsoon_exposure": -0.00135607546892522, "ruggedness_m": 5.72029253351483, "roughness_m": 5.510686820758107, "local_relief_m": 15.32459656576259, "distance_to_coast_km": 164.09462209845086, "upwind_barrier_m": 60.24649159196997, "downwind_rise_m": 27.844577319549444, "upwind_max_elev_m": 602.6957293542218}, "block_id": "IND.20.26.1_1", "block_name": "Baramati", "district": "Pune"}}, {"type": "Feature", "geometry": {"type": "Polygon", "coordinates": [[[74.4866, 18.11925], [74.48682, 18.10912], [74.46148, 18.11038], [74.46129, 18.10913], [74.45959, 18.10935], [74.45831, 18.10553], [74.45562, 18.10945], [74.45301, 18.11138], [74.4542, 18.11768], [74.45563, 18.11811], [74.4565, 18.11904], [74.45608, 18.12468], [74.46102, 18.13234], [74.46485, 18.13452], [74.46524, 18.13648], [74.46587, 18.13657], [74.46606, 18.13334], [74.46745, 18.12982], [74.47396, 18.13054], [74.475, 18.1288], [74.47463, 18.1273], [74.47523, 18.12427], [74.47866, 18.11898], [74.4866, 18.11925]]]}, "properties": {"panchayat_id": "IND.20.26.1_1__gp185434", "name": "Pawaimal", "unit_type": "gram_panchayat", "area_km2": 6.219, "centroid_lat": 18.11877, "centroid_lon": 74.4685, "terrain": {"elevation_m": 541.0, "slope_deg": 0.3656191514966337, "monsoon_exposure": -0.004264525768176024, "ruggedness_m": 5.886687167906476, "roughness_m": 2.6389136596100253, "local_relief_m": 15.434200819197713, "distance_to_coast_km": 144.68056530978595, "upwind_barrier_m": 179.70801081776153, "downwind_rise_m": 40.12092622403861, "upwind_max_elev_m": 720.7080108177615}, "block_id": "IND.20.26.1_1", "block_name": "Baramati", "district": "Pune"}}, {"type": "Feature", "geometry": {"type": "Polygon", "coordinates": [[[74.54416, 18.1188], [74.54523, 18.11117], [74.54432, 18.10108], [74.53868, 18.10123], [74.53398, 18.10042], [74.52834, 18.10056], [74.52501, 18.09987], [74.52053, 18.1], [74.51532, 18.09924], [74.5136, 18.1018], [74.51279, 18.10876], [74.51319, 18.11459], [74.52805, 18.11317], [74.52843, 18.11623], [74.54199, 18.11708], [74.54176, 18.11878], [74.54416, 18.1188]]]}, "properties": {"panchayat_id": "IND.20.26.1_1__gp185435", "name": "Pavanewadi", "unit_type": "gram_panchayat", "area_km2": 5.462, "centroid_lat": 18.1081, "centroid_lon": 74.52954, "terrain": {"elevation_m": 531.9988171754129, "slope_deg": 0.2587142812786913, "monsoon_exposure": 0.003904709412591991, "ruggedness_m": 6.680529934073288, "roughness_m": 5.401656952644466, "local_relief_m": 17.0, "distance_to_coast_km": 150.1046063414623, "upwind_barrier_m": 122.1146139612348, "downwind_rise_m": 43.658904941326114, "upwind_max_elev_m": 654.1134311366477}, "block_id": "IND.20.26.1_1", "block_name": "Baramati", "district": "Pune"}}, {"type": "Feature", "geometry": {"type": "Polygon", "coordinates": [[[74.6225, 18.14842], [74.62892, 18.14966], [74.63134, 18.14762], [74.63125, 18.14241], [74.63239, 18.13753], [74.63761, 18.12573], [74.64316, 18.11825], [74.64445, 18.11535], [74.62944, 18.11225], [74.61976, 18.11185], [74.61981, 18.11223], [74.61879, 18.11259], [74.61883, 18.11439], [74.61346, 18.12711], [74.61457, 18.13039], [74.61456, 18.13372], [74.61587, 18.14347], [74.61621, 18.14444], [74.6225, 18.14842]]]}, "properties": {"panchayat_id": "IND.20.26.1_1__gp185436", "name": "Pimpali", "unit_type": "gram_panchayat", "area_km2": 8.27, "centroid_lat": 18.12857, "centroid_lon": 74.62633, "terrain": {"elevation_m": 531.9990653045825, "slope_deg": 0.5647427920908537, "monsoon_exposure": 0.0054909857645541625, "ruggedness_m": 14.897062235129233, "roughness_m": 12.81891210862458, "local_relief_m": 29.09453911286255, "distance_to_coast_km": 160.31247832254223, "upwind_barrier_m": 80.33646884255666, "downwind_rise_m": 36.55229650193928, "upwind_max_elev_m": 612.3355341471391}, "block_id": "IND.20.26.1_1", "block_name": "Baramati", "district": "Pune"}}, {"type": "Feature", "geometry": {"type": "Polygon", "coordinates": [[[74.55535, 18.33577], [74.55701, 18.32951], [74.56005, 18.32842], [74.55969, 18.32468], [74.56774, 18.32092], [74.56712, 18.31914], [74.56358, 18.31916], [74.56358, 18.31548], [74.56314, 18.31528], [74.56546, 18.30727], [74.56731, 18.30599], [74.56831, 18.3059], [74.5721, 18.30781], [74.57306, 18.31033], [74.57388, 18.31116], [74.57651, 18.3119], [74.57928, 18.31154], [74.57889, 18.30732], [74.5726, 18.29164], [74.57043, 18.29032], [74.56925, 18.28689], [74.56637, 18.28374], [74.56267, 18.28109], [74.55544, 18.28472], [74.5523, 18.28743], [74.54916, 18.29191], [74.54683, 18.29232], [74.53957, 18.29228], [74.53718, 18.29376], [74.53598, 18.29554], [74.53227, 18.29851], [74.53183, 18.29943], [74.53185, 18.3054], [74.52735, 18.30648], [74.52632, 18.30841], [74.5249, 18.30898], [74.52374, 18.31148], [74.52257, 18.31266], [74.52232, 18.31834], [74.52337, 18.32283], [74.52449, 18.32276], [74.527, 18.32414], [74.53505, 18.33061], [74.53873, 18.33245], [74.54335, 18.333], [74.54595, 18.33437], [74.55055, 18.33395], [74.55535, 18.33577]]]}, "properties": {"panchayat_id": "IND.20.26.1_1__gp185438", "name": "Sablewadi", "unit_type": "gram_panchayat", "area_km2": 19.993, "centroid_lat": 18.30924, "centroid_lon": 74.54999, "terrain": {"elevation_m": 587.1809304234339, "slope_deg": 0.44031596793302274, "monsoon_exposure": -0.005600626772714298, "ruggedness_m": 5.5701153963241765, "roughness_m": 5.8740100409162554, "local_relief_m": 18.354335688316496, "distance_to_coast_km": 154.07031055006158, "upwind_barrier_m": 38.031522013217796, "downwind_rise_m": 0.0, "upwind_max_elev_m": 625.2124524366517}, "block_id": "IND.20.26.1_1", "block_name": "Baramati", "district": "Pune"}}, {"type": "Feature", "geometry": {"type": "Polygon", "coordinates": [[[74.48803, 18.09206], [74.48799, 18.08741], [74.49013, 18.07011], [74.49058, 18.05679], [74.48605, 18.05571], [74.47578, 18.04918], [74.47276, 18.04813], [74.46821, 18.04769], [74.46455, 18.0624], [74.46302, 18.07273], [74.45949, 18.08659], [74.45937, 18.0917], [74.45962, 18.09217], [74.46182, 18.09214], [74.46935, 18.09162], [74.47677, 18.0905], [74.48466, 18.09206], [74.48803, 18.09206]]]}, "properties": {"panchayat_id": "IND.20.26.1_1__gp185439", "name": "Sangavi", "unit_type": "gram_panchayat", "area_km2": 12.054, "centroid_lat": 18.07218, "centroid_lon": 74.47568, "terrain": {"elevation_m": 530.221937207591, "slope_deg": 0.22529675368409566, "monsoon_exposure": -0.0022124922490645896, "ruggedness_m": 4.5352337630176205, "roughness_m": 3.3227550180015535, "local_relief_m": 8.018302845679727, "distance_to_coast_km": 143.43461701722202, "upwind_barrier_m": 294.4951459309791, "downwind_rise_m": 15.366095205394686, "upwind_max_elev_m": 824.7170831385702}, "block_id": "IND.20.26.1_1", "block_name": "Baramati", "district": "Pune"}}, {"type": "Feature", "geometry": {"type": "Polygon", "coordinates": [[[74.65611, 18.21372], [74.65549, 18.20477], [74.65581, 18.20326], [74.66219, 18.1964], [74.6679, 18.19143], [74.6651, 18.18629], [74.6629, 18.18039], [74.65921, 18.17818], [74.65425, 18.17636], [74.64994, 18.17548], [74.64617, 18.17549], [74.6419, 18.17226], [74.63805, 18.17067], [74.62646, 18.16276], [74.62528, 18.16666], [74.62321, 18.16979], [74.62204, 18.17676], [74.62302, 18.17967], [74.62721, 18.18738], [74.62797, 18.19411], [74.627, 18.20515], [74.62564, 18.20854], [74.62582, 18.21397], [74.62688, 18.2153], [74.63409, 18.21582], [74.64439, 18.21814], [74.64725, 18.21554], [74.65319, 18.21493], [74.65611, 18.21372]]]}, "properties": {"panchayat_id": "IND.20.26.1_1__gp185440", "name": "Saval", "unit_type": "gram_panchayat", "area_km2": 17.47, "centroid_lat": 18.19232, "centroid_lon": 74.64218, "terrain": {"elevation_m": 584.0993074126517, "slope_deg": 0.5352987949629592, "monsoon_exposure": 0.001450728784806291, "ruggedness_m": 7.777474385288125, "roughness_m": 7.246766435245204, "local_relief_m": 20.41927162608829, "distance_to_coast_km": 163.50699390325497, "upwind_barrier_m": 0.0, "downwind_rise_m": 13.377787383980035, "upwind_max_elev_m": 577.9171331030084}, "block_id": "IND.20.26.1_1", "block_name": "Baramati", "district": "Pune"}}, {"type": "Feature", "geometry": {"type": "Polygon", "coordinates": [[[74.40088, 18.23261], [74.40668, 18.23244], [74.4102, 18.23079], [74.41611, 18.2313], [74.42049, 18.2306], [74.42187, 18.22959], [74.42433, 18.22926], [74.42509, 18.22801], [74.42842, 18.22799], [74.43219, 18.22873], [74.43195, 18.22763], [74.43298, 18.22711], [74.43342, 18.22852], [74.43471, 18.22823], [74.42806, 18.20478], [74.42557, 18.2047], [74.42175, 18.20264], [74.41594, 18.20169], [74.41489, 18.20067], [74.41337, 18.20025], [74.41306, 18.19855], [74.40989, 18.19523], [74.40776, 18.19436], [74.39945, 18.19366], [74.39788, 18.19398], [74.39775, 18.1946], [74.39529, 18.19401], [74.39391, 18.19592], [74.39291, 18.19632], [74.38898, 18.19568], [74.3882, 18.19772], [74.38804, 18.20507], [74.38931, 18.20531], [74.39577, 18.21325], [74.3943, 18.21497], [74.39646, 18.21625], [74.39573, 18.21921], [74.39723, 18.2202], [74.39604, 18.22153], [74.39651, 18.224], [74.39752, 18.2239], [74.39972, 18.226], [74.39968, 18.2287], [74.39917, 18.22872], [74.39929, 18.23124], [74.40061, 18.23115], [74.40088, 18.23261]]]}, "properties": {"panchayat_id": "IND.20.26.1_1__gp185441", "name": "Sayabachiwadi", "unit_type": "gram_panchayat", "area_km2": 13.585, "centroid_lat": 18.21349, "centroid_lon": 74.41054, "terrain": {"elevation_m": 597.8222433379694, "slope_deg": 0.5520336066128434, "monsoon_exposure": -0.005148877857996646, "ruggedness_m": 8.081346209947895, "roughness_m": 7.302694544839676, "local_relief_m": 23.870788563973065, "distance_to_coast_km": 139.3179499165005, "upwind_barrier_m": 42.45628132768047, "downwind_rise_m": 0.0, "upwind_max_elev_m": 640.2785246656499}, "block_id": "IND.20.26.1_1", "block_name": "Baramati", "district": "Pune"}}, {"type": "Feature", "geometry": {"type": "Polygon", "coordinates": [[[74.5851, 18.35628], [74.60063, 18.34958], [74.60845, 18.34505], [74.61051, 18.3434], [74.61177, 18.33909], [74.61395, 18.33962], [74.61715, 18.34188], [74.61949, 18.34042], [74.62175, 18.34204], [74.62294, 18.3418], [74.62245, 18.33322], [74.62525, 18.33298], [74.62522, 18.32361], [74.62361, 18.30625], [74.62449, 18.3064], [74.62479, 18.30276], [74.62353, 18.30244], [74.61938, 18.30437], [74.61958, 18.30036], [74.6158, 18.30297], [74.60907, 18.30593], [74.60691, 18.29986], [74.60687, 18.29858], [74.60128, 18.29786], [74.59755, 18.2984], [74.59274, 18.29473], [74.59159, 18.29528], [74.59111, 18.29448], [74.58997, 18.29655], [74.58739, 18.29602], [74.58278, 18.29179], [74.5726, 18.29164], [74.57889, 18.30732], [74.57928, 18.31154], [74.57651, 18.3119], [74.57388, 18.31116], [74.57306, 18.31033], [74.5721, 18.30781], [74.56831, 18.3059], [74.56731, 18.30599], [74.56546, 18.30727], [74.56314, 18.31528], [74.56358, 18.31548], [74.56358, 18.31916], [74.56712, 18.31914], [74.56774, 18.32092], [74.55969, 18.32468], [74.56005, 18.32842], [74.55701, 18.32951], [74.55535, 18.33577], [74.55717, 18.33647], [74.5606, 18.33896], [74.56274, 18.34218], [74.56495, 18.34173], [74.56771, 18.3421], [74.57099, 18.34423], [74.5725, 18.34432], [74.5747, 18.34773], [74.57851, 18.34858], [74.5833, 18.3511], [74.58458, 18.35573], [74.5851, 18.35628]]]}, "properties": {"panchayat_id": "IND.20.26.1_1__gp185442", "name": "Shirsuphal", "unit_type": "gram_panchayat", "area_km2": 32.881, "centroid_lat": 18.32376, "centroid_lon": 74.59257, "terrain": {"elevation_m": 558.7003607557272, "slope_deg": 0.2048872749729683, "monsoon_exposure": -0.001995666989340438, "ruggedness_m": 6.8566320986338845, "roughness_m": 5.4138906518189485, "local_relief_m": 21.448431787061395, "distance_to_coast_km": 158.54357603650365, "upwind_barrier_m": 65.7156493912538, "downwind_rise_m": 30.884292874252424, "upwind_max_elev_m": 624.416010146981}, "block_id": "IND.20.26.1_1", "block_name": "Baramati", "district": "Pune"}}, {"type": "Feature", "geometry": {"type": "Polygon", "coordinates": [[[74.48733, 18.09758], [74.502, 18.09639], [74.51468, 18.09666], [74.51464, 18.0887], [74.51252, 18.07876], [74.51186, 18.07183], [74.51253, 18.07007], [74.51393, 18.06918], [74.51472, 18.06757], [74.51325, 18.06602], [74.51385, 18.06499], [74.51268, 18.06061], [74.51294, 18.06031], [74.51041, 18.05929], [74.50875, 18.05917], [74.50541, 18.0601], [74.50089, 18.05991], [74.49776, 18.05896], [74.49506, 18.05726], [74.49058, 18.05679], [74.49013, 18.07011], [74.48799, 18.08741], [74.48814, 18.09072], [74.48733, 18.09758]]]}, "properties": {"panchayat_id": "IND.20.26.1_1__gp185443", "name": "Shiravali", "unit_type": "gram_panchayat", "area_km2": 10.48, "centroid_lat": 18.07849, "centroid_lon": 74.50111, "terrain": {"elevation_m": 528.0, "slope_deg": 0.11234832614078077, "monsoon_exposure": -0.0017972587405066724, "ruggedness_m": 2.0490332897558603, "roughness_m": 1.6459349069903033, "local_relief_m": 6.689723720401162, "distance_to_coast_km": 146.15616846959742, "upwind_barrier_m": 249.36678126320476, "downwind_rise_m": 11.53240145376185, "upwind_max_elev_m": 777.3667812632048}, "block_id": "IND.20.26.1_1", "block_name": "Baramati", "district": "Pune"}}, {"type": "Feature", "geometry": {"type": "Polygon", "coordinates": [[[74.44764, 18.07682], [74.44421, 18.0674], [74.44346, 18.063], [74.44221, 18.05987], [74.44038, 18.06226], [74.43647, 18.06461], [74.42731, 18.06656], [74.42323, 18.06646], [74.42388, 18.07148], [74.42698, 18.08603], [74.42872, 18.09191], [74.43131, 18.08997], [74.44328, 18.09055], [74.44334, 18.09116], [74.44996, 18.09061], [74.44764, 18.07682]]]}, "properties": {"panchayat_id": "IND.20.26.1_1__gp185444", "name": "Shirashne", "unit_type": "gram_panchayat", "area_km2": 6.459, "centroid_lat": 18.07772, "centroid_lon": 74.43673, "terrain": {"elevation_m": 530.0152632479501, "slope_deg": 0.09911852815523378, "monsoon_exposure": 0.0015003280814094072, "ruggedness_m": 6.192965686249369, "roughness_m": 5.373395711809739, "local_relief_m": 15.202221409998288, "distance_to_coast_km": 139.8871682945972, "upwind_barrier_m": 304.4694752164007, "downwind_rise_m": 19.40556625990712, "upwind_max_elev_m": 834.4847384643508}, "block_id": "IND.20.26.1_1", "block_name": "Baramati", "district": "Pune"}}, {"type": "Feature", "geometry": {"type": "Polygon", "coordinates": [[[74.51131, 18.27711], [74.5132, 18.27533], [74.5174, 18.27265], [74.52166, 18.27033], [74.52499, 18.26927], [74.52541, 18.26829], [74.52487, 18.26628], [74.52567, 18.2656], [74.52582, 18.26365], [74.52634, 18.26304], [74.52512, 18.26129], [74.52433, 18.25359], [74.52331, 18.25029], [74.52349, 18.24881], [74.52228, 18.24607], [74.52249, 18.24273], [74.52142, 18.2403], [74.51968, 18.23812], [74.51978, 18.2368], [74.51097, 18.2379], [74.5057, 18.2437], [74.49164, 18.24761], [74.48956, 18.24782], [74.4887, 18.26421], [74.4876, 18.26462], [74.4897, 18.27949], [74.50078, 18.27716], [74.50602, 18.27673], [74.51131, 18.27711]]]}, "properties": {"panchayat_id": "IND.20.26.1_1__gp185445", "name": "Sonvdisupe", "unit_type": "gram_panchayat", "area_km2": 13.458, "centroid_lat": 18.2593, "centroid_lon": 74.50676, "terrain": {"elevation_m": 585.2410806220435, "slope_deg": 0.6853507385307221, "monsoon_exposure": -0.01065849694775787, "ruggedness_m": 8.848762367107021, "roughness_m": 4.049003258285868, "local_relief_m": 23.909953274560394, "distance_to_coast_km": 149.3653718576291, "upwind_barrier_m": 41.300102714419836, "downwind_rise_m": 26.498904910501892, "upwind_max_elev_m": 626.5411833364633}, "block_id": "IND.20.26.1_1", "block_name": "Baramati", "district": "Pune"}}, {"type": "Feature", "geometry": {"type": "Polygon", "coordinates": [[[74.67354, 18.09148], [74.66914, 18.08099], [74.66647, 18.07778], [74.66591, 18.0742], [74.66617, 18.07292], [74.66685, 18.07196], [74.66866, 18.07161], [74.66661, 18.07143], [74.66646, 18.06925], [74.66404, 18.06995], [74.65845, 18.06953], [74.65435, 18.06833], [74.65336, 18.06546], [74.65413, 18.06252], [74.65383, 18.05895], [74.64991, 18.05271], [74.64515, 18.04962], [74.64257, 18.04461], [74.64027, 18.04405], [74.63835, 18.0447], [74.63708, 18.04679], [74.63584, 18.05153], [74.63231, 18.05513], [74.62964, 18.05678], [74.62982, 18.06182], [74.62917, 18.06992], [74.6293, 18.0703], [74.63081, 18.0694], [74.63453, 18.06865], [74.63548, 18.06792], [74.63715, 18.07145], [74.63784, 18.07438], [74.63845, 18.07425], [74.63886, 18.07585], [74.63941, 18.07573], [74.63879, 18.07617], [74.63924, 18.07831], [74.63975, 18.07835], [74.64037, 18.08054], [74.64177, 18.08973], [74.64211, 18.09371], [74.64176, 18.09621], [74.64875, 18.09623], [74.64861, 18.09876], [74.6543, 18.09878], [74.65407, 18.0969], [74.65898, 18.09592], [74.66066, 18.0949], [74.66337, 18.09425], [74.6623, 18.09241], [74.67354, 18.09148]]]}, "properties": {"panchayat_id": "IND.20.26.1_1__gp185446", "name": "Songaon", "unit_type": "gram_panchayat", "area_km2": 13.755, "centroid_lat": 18.07406, "centroid_lon": 74.64946, "terrain": {"elevation_m": 516.3231010988877, "slope_deg": 0.2900189501488919, "monsoon_exposure": -0.001993933282721245, "ruggedness_m": 3.806968732960009, "roughness_m": 2.837928744961957, "local_relief_m": 11.482502205174342, "distance_to_coast_km": 160.52134031063144, "upwind_barrier_m": 142.22234227895694, "downwind_rise_m": 56.970617208159524, "upwind_max_elev_m": 658.5454433778447}, "block_id": "IND.20.26.1_1", "block_name": "Baramati", "district": "Pune"}}, {"type": "Feature", "geometry": {"type": "Polygon", "coordinates": [[[74.46987, 18.18077], [74.47605, 18.17697], [74.47793, 18.17664], [74.4779, 18.17238], [74.48006, 18.17234], [74.48153, 18.1731], [74.48234, 18.17295], [74.48183, 18.17099], [74.48288, 18.17104], [74.48187, 18.16922], [74.4844, 18.16069], [74.4855, 18.15355], [74.48865, 18.14947], [74.48702, 18.14218], [74.4868, 18.13735], [74.48498, 18.1384], [74.482, 18.14334], [74.48056, 18.14333], [74.47771, 18.1422], [74.47767, 18.1434], [74.47561, 18.14336], [74.47424, 18.14573], [74.46782, 18.14667], [74.46622, 18.14652], [74.46478, 18.14594], [74.4635, 18.14456], [74.46314, 18.14143], [74.4613, 18.14213], [74.46077, 18.14351], [74.45601, 18.14604], [74.45327, 18.14807], [74.45507, 18.15177], [74.45498, 18.15786], [74.45563, 18.16189], [74.45877, 18.16752], [74.46123, 18.17027], [74.46248, 18.1728], [74.46987, 18.18077]]]}, "properties": {"panchayat_id": "IND.20.26.1_1__gp185447", "name": "Sonakaswadi", "unit_type": "gram_panchayat", "area_km2": 10.209, "centroid_lat": 18.15853, "centroid_lon": 74.4712, "terrain": {"elevation_m": 570.8920545258152, "slope_deg": 1.307184265952244, "monsoon_exposure": 0.009275584968343244, "ruggedness_m": 19.56463007217564, "roughness_m": 7.281738151271325, "local_relief_m": 51.96697114003564, "distance_to_coast_km": 145.84063253354978, "upwind_barrier_m": 84.87289397060522, "downwind_rise_m": 25.563049270072952, "upwind_max_elev_m": 655.7649484964204}, "block_id": "IND.20.26.1_1", "block_name": "Baramati", "district": "Pune"}}, {"type": "Feature", "geometry": {"type": "Polygon", "coordinates": [[[74.3128, 18.12426], [74.31283, 18.10513], [74.314, 18.10357], [74.31383, 18.10245], [74.31442, 18.10137], [74.31182, 18.10113], [74.30941, 18.10428], [74.30793, 18.10336], [74.3071, 18.10361], [74.30627, 18.10493], [74.30367, 18.106], [74.30269, 18.10911], [74.30211, 18.10915], [74.30068, 18.10799], [74.29964, 18.10839], [74.29709, 18.11191], [74.29705, 18.11263], [74.29492, 18.11228], [74.28997, 18.1125], [74.28634, 18.11177], [74.2859, 18.11269], [74.28511, 18.11733], [74.28951, 18.12231], [74.2913, 18.12277], [74.29434, 18.12259], [74.29528, 18.12378], [74.29724, 18.13116], [74.29829, 18.13208], [74.30096, 18.13319], [74.30518, 18.13105], [74.30932, 18.12617], [74.31199, 18.12617], [74.31214, 18.12441], [74.3128, 18.12426]]]}, "properties": {"panchayat_id": "IND.20.26.1_1__gp185448", "name": "Sortewadi", "unit_type": "gram_panchayat", "area_km2": 5.678, "centroid_lat": 18.11769, "centroid_lon": 74.30198, "terrain": {"elevation_m": 550.3979249150143, "slope_deg": 0.23305220866498194, "monsoon_exposure": 0.0028923375216909895, "ruggedness_m": 6.3272808520751775, "roughness_m": 4.36868384718249, "local_relief_m": 16.957735659938294, "distance_to_coast_km": 128.56870610663955, "upwind_barrier_m": 427.1947502511573, "downwind_rise_m": 48.28197275417051, "upwind_max_elev_m": 977.5926751661716}, "block_id": "IND.20.26.1_1", "block_name": "Baramati", "district": "Pune"}}, {"type": "Feature", "geometry": {"type": "Polygon", "coordinates": [[[74.36752, 18.36009], [74.36738, 18.35936], [74.37446, 18.35836], [74.37549, 18.35741], [74.37613, 18.35596], [74.38159, 18.35567], [74.38149, 18.35424], [74.38558, 18.35388], [74.38576, 18.35503], [74.38893, 18.35329], [74.38758, 18.35129], [74.38642, 18.34781], [74.38719, 18.34221], [74.38731, 18.33716], [74.39247, 18.33898], [74.39285, 18.3388], [74.39249, 18.33707], [74.39317, 18.33575], [74.39563, 18.33409], [74.39215, 18.32958], [74.39164, 18.32526], [74.38841, 18.32294], [74.38769, 18.32317], [74.3862, 18.32198], [74.38127, 18.32223], [74.38022, 18.32359], [74.38093, 18.32504], [74.38041, 18.32531], [74.37973, 18.32397], [74.37776, 18.32483], [74.37157, 18.3249], [74.36646, 18.32349], [74.36548, 18.32059], [74.36451, 18.32075], [74.36493, 18.32288], [74.36427, 18.3228], [74.36372, 18.322], [74.36277, 18.32192], [74.36268, 18.32472], [74.36185, 18.3248], [74.37027, 18.33413], [74.3727, 18.33595], [74.37151, 18.33773], [74.37187, 18.33848], [74.37417, 18.33907], [74.37424, 18.33994], [74.37229, 18.34101], [74.37216, 18.34193], [74.37087, 18.34357], [74.36777, 18.3436], [74.36737, 18.34942], [74.36062, 18.3449], [74.36034, 18.34322], [74.35621, 18.34449], [74.35508, 18.34353], [74.35463, 18.34144], [74.35575, 18.34055], [74.35217, 18.34117], [74.34915, 18.34532], [74.34962, 18.34701], [74.35038, 18.34767], [74.35653, 18.34936], [74.35449, 18.35178], [74.35044, 18.35029], [74.34888, 18.34749], [74.34476, 18.34684], [74.34474, 18.35029], [74.34715, 18.35038], [74.35952, 18.35359], [74.36063, 18.35463], [74.36575, 18.35693], [74.36752, 18.36009]]]}, "properties": {"panchayat_id": "IND.20.26.1_1__gp185449", "name": "Supe", "unit_type": "gram_panchayat", "area_km2": 9.923, "centroid_lat": 18.34073, "centroid_lon": 74.37473, "terrain": {"elevation_m": 637.520677872856, "slope_deg": 0.5646944308870551, "monsoon_exposure": -0.005106231879138546, "ruggedness_m": 9.459315291170155, "roughness_m": 5.998045581591259, "local_relief_m": 26.607014515165247, "distance_to_coast_km": 135.946436352563, "upwind_barrier_m": 89.45925181171867, "downwind_rise_m": 30.45186257895773, "upwind_max_elev_m": 726.9799296845747}, "block_id": "IND.20.26.1_1", "block_name": "Baramati", "district": "Pune"}}, {"type": "Feature", "geometry": {"type": "Polygon", "coordinates": [[[74.3336, 18.27188], [74.33528, 18.27059], [74.33852, 18.26982], [74.34284, 18.26686], [74.34458, 18.26394], [74.34846, 18.26371], [74.34996, 18.26409], [74.35228, 18.26368], [74.35561, 18.26661], [74.35684, 18.2669], [74.36074, 18.26276], [74.36446, 18.26278], [74.36861, 18.26379], [74.36885, 18.26295], [74.36812, 18.26142], [74.36854, 18.25988], [74.36557, 18.25459], [74.3654, 18.25258], [74.3643, 18.24985], [74.36473, 18.24857], [74.35999, 18.24353], [74.35912, 18.24315], [74.35675, 18.23953], [74.35381, 18.239], [74.35202, 18.23771], [74.35022, 18.23756], [74.34933, 18.23679], [74.34857, 18.23485], [74.34724, 18.23411], [74.34611, 18.23355], [74.34138, 18.23295], [74.33877, 18.23104], [74.33705, 18.23056], [74.33448, 18.22892], [74.33243, 18.22819], [74.32751, 18.2279], [74.32608, 18.2275], [74.32587, 18.2268], [74.31915, 18.22526], [74.31761, 18.228], [74.31737, 18.2335], [74.31309, 18.23727], [74.31378, 18.24143], [74.31473, 18.24357], [74.31599, 18.24375], [74.31737, 18.24783], [74.31741, 18.25017], [74.32241, 18.25085], [74.32788, 18.26186], [74.32898, 18.26202], [74.3336, 18.27188]]]}, "properties": {"panchayat_id": "IND.20.26.1_1__gp185451", "name": "Tardoli", "unit_type": "gram_panchayat", "area_km2": 16.668, "centroid_lat": 18.24819, "centroid_lon": 74.33945, "terrain": {"elevation_m": 618.3376297310942, "slope_deg": 0.5102735908016203, "monsoon_exposure": -0.0064790652428330835, "ruggedness_m": 6.630445329933461, "roughness_m": 2.9901876966222125, "local_relief_m": 17.60523383479449, "distance_to_coast_km": 131.9115300293488, "upwind_barrier_m": 32.42206316747104, "downwind_rise_m": 10.377888791985356, "upwind_max_elev_m": 650.7596928985653}, "block_id": "IND.20.26.1_1", "block_name": "Baramati", "district": "Pune"}}, {"type": "Feature", "geometry": {"type": "Polygon", "coordinates": [[[74.57859, 18.2627], [74.57604, 18.26242], [74.57229, 18.25896], [74.56942, 18.25713], [74.56566, 18.25536], [74.56382, 18.25503], [74.56033, 18.25293], [74.55658, 18.24646], [74.5557, 18.24585], [74.55338, 18.23666], [74.54945, 18.23034], [74.54736, 18.22486], [74.52076, 18.22987], [74.52332, 18.23071], [74.52163, 18.23483], [74.51961, 18.23745], [74.52249, 18.24273], [74.52228, 18.24607], [74.52349, 18.24881], [74.52331, 18.25029], [74.52433, 18.25359], [74.52486, 18.25911], [74.52687, 18.25891], [74.52694, 18.25929], [74.52778, 18.25923], [74.52787, 18.25998], [74.52827, 18.25995], [74.52818, 18.25918], [74.53306, 18.25891], [74.53627, 18.25437], [74.53744, 18.25037], [74.53861, 18.25088], [74.54107, 18.25329], [74.54461, 18.25519], [74.54661, 18.25863], [74.54669, 18.25998], [74.55157, 18.25904], [74.55525, 18.26008], [74.5564, 18.2589], [74.55645, 18.25597], [74.55846, 18.25544], [74.5599, 18.25843], [74.56376, 18.25682], [74.56307, 18.26106], [74.56616, 18.26117], [74.5663, 18.26454], [74.56438, 18.26519], [74.56312, 18.26422], [74.56247, 18.27024], [74.56453, 18.27338], [74.56629, 18.27857], [74.56817, 18.2763], [74.56874, 18.27658], [74.56934, 18.27449], [74.57053, 18.27336], [74.574, 18.27153], [74.57449, 18.27179], [74.57608, 18.26966], [74.57859, 18.2627]]]}, "properties": {"panchayat_id": "IND.20.26.1_1__gp185452", "name": "Undawadi K.P.", "unit_type": "gram_panchayat", "area_km2": 13.513, "centroid_lat": 18.24717, "centroid_lon": 74.54471, "terrain": {"elevation_m": 581.4270681756144, "slope_deg": 0.850240419687718, "monsoon_exposure": 0.013659311915992256, "ruggedness_m": 13.960114396621918, "roughness_m": 6.370923119917128, "local_relief_m": 35.81518690568032, "distance_to_coast_km": 153.29901089605588, "upwind_barrier_m": 30.57293182438559, "downwind_rise_m": 35.22366626870905, "upwind_max_elev_m": 612.0}, "block_id": "IND.20.26.1_1", "block_name": "Baramati", "district": "Pune"}}, {"type": "Feature", "geometry": {"type": "Polygon", "coordinates": [[[74.52374, 18.31148], [74.52424, 18.30987], [74.5249, 18.30898], [74.52632, 18.30841], [74.52735, 18.30648], [74.53185, 18.3054], [74.53174, 18.30092], [74.53227, 18.29851], [74.53598, 18.29554], [74.53718, 18.29376], [74.53957, 18.29228], [74.53743, 18.28227], [74.5333, 18.2786], [74.52499, 18.26927], [74.52166, 18.27033], [74.5174, 18.27265], [74.5132, 18.27533], [74.51131, 18.27711], [74.51116, 18.2806], [74.51032, 18.28175], [74.51031, 18.28365], [74.50973, 18.28453], [74.51188, 18.29485], [74.51274, 18.30302], [74.51975, 18.3104], [74.52374, 18.31148]]]}, "properties": {"panchayat_id": "IND.20.26.1_1__gp185453", "name": "Untwadi Supe", "unit_type": "gram_panchayat", "area_km2": 9.343, "centroid_lat": 18.28971, "centroid_lon": 74.52342, "terrain": {"elevation_m": 597.0062214028715, "slope_deg": 0.4458903509959353, "monsoon_exposure": 0.006762648083759644, "ruggedness_m": 8.490316787910238, "roughness_m": 5.642603589163569, "local_relief_m": 21.926305941938494, "distance_to_coast_km": 151.2045395890692, "upwind_barrier_m": 28.193632303901722, "downwind_rise_m": 12.079468210788036, "upwind_max_elev_m": 625.1998537067732}, "block_id": "IND.20.26.1_1", "block_name": "Baramati", "district": "Pune"}}, {"type": "Feature", "geometry": {"type": "Polygon", "coordinates": [[[74.38453, 18.15153], [74.38269, 18.14878], [74.38086, 18.14255], [74.37791, 18.1298], [74.37561, 18.11713], [74.37363, 18.11151], [74.36704, 18.11195], [74.35984, 18.11432], [74.35436, 18.12113], [74.34947, 18.12605], [74.34608, 18.12784], [74.34182, 18.13184], [74.34337, 18.13306], [74.34608, 18.13859], [74.34842, 18.14819], [74.35227, 18.17078], [74.35768, 18.16889], [74.36297, 18.16418], [74.36529, 18.16134], [74.36557, 18.16014], [74.36679, 18.15912], [74.37334, 18.15572], [74.3819, 18.15291], [74.38453, 18.15153]]]}, "properties": {"panchayat_id": "IND.20.26.1_1__gp185454", "name": "Vadgaon Ni.", "unit_type": "gram_panchayat", "area_km2": 16.535, "centroid_lat": 18.13944, "centroid_lon": 74.36312, "terrain": {"elevation_m": 557.1967152125937, "slope_deg": 0.2301434977674626, "monsoon_exposure": 0.0016190674601564803, "ruggedness_m": 4.708557086461358, "roughness_m": 1.6113926256793771, "local_relief_m": 12.21715712867615, "distance_to_coast_km": 134.72462469851934, "upwind_barrier_m": 513.1179343378697, "downwind_rise_m": 41.9027306954456, "upwind_max_elev_m": 1070.3146495504634}, "block_id": "IND.20.26.1_1", "block_name": "Baramati", "district": "Pune"}}, {"type": "Feature", "geometry": {"type": "Polygon", "coordinates": [[[74.35725, 18.39095], [74.36044, 18.39136], [74.36247, 18.38593], [74.36454, 18.38323], [74.36628, 18.38178], [74.36514, 18.37842], [74.36806, 18.37835], [74.37017, 18.37628], [74.36823, 18.36967], [74.36752, 18.36009], [74.36575, 18.35693], [74.35794, 18.35303], [74.34715, 18.35038], [74.344, 18.35026], [74.34175, 18.35044], [74.33957, 18.35335], [74.32745, 18.35564], [74.31493, 18.35706], [74.30954, 18.356], [74.30787, 18.3654], [74.30791, 18.37326], [74.30673, 18.37925], [74.30973, 18.37857], [74.31393, 18.37661], [74.32511, 18.37768], [74.32686, 18.37748], [74.32868, 18.3782], [74.33029, 18.38022], [74.33295, 18.38033], [74.33355, 18.38181], [74.33492, 18.38231], [74.33546, 18.38313], [74.3361, 18.38515], [74.33736, 18.38565], [74.33868, 18.38515], [74.34066, 18.3863], [74.34165, 18.3848], [74.34383, 18.3845], [74.34398, 18.38545], [74.34573, 18.38481], [74.34681, 18.38558], [74.34883, 18.38861], [74.34766, 18.38906], [74.34744, 18.38981], [74.34968, 18.39064], [74.35069, 18.38944], [74.35244, 18.38919], [74.35265, 18.39012], [74.35193, 18.39033], [74.35188, 18.3912], [74.35253, 18.39169], [74.35519, 18.39195], [74.35725, 18.39095]]]}, "properties": {"panchayat_id": "IND.20.26.1_1__gp185455", "name": "Vadhane", "unit_type": "gram_panchayat", "area_km2": 19.567, "centroid_lat": 18.3692, "centroid_lon": 74.34114, "terrain": {"elevation_m": 644.9867172056788, "slope_deg": 1.127347987347834, "monsoon_exposure": -0.016399705256758053, "ruggedness_m": 17.163777623866846, "roughness_m": 8.42096244737093, "local_relief_m": 46.701318166130136, "distance_to_coast_km": 132.64793576052898, "upwind_barrier_m": 270.4246470949047, "downwind_rise_m": 0.0, "upwind_max_elev_m": 915.4113643005835}, "block_id": "IND.20.26.1_1", "block_name": "Baramati", "district": "Pune"}}, {"type": "Feature", "geometry": {"type": "Polygon", "coordinates": [[[74.62582, 18.21397], [74.62564, 18.20854], [74.627, 18.20515], [74.62783, 18.19874], [74.62762, 18.1916], [74.62076, 18.19212], [74.62083, 18.19128], [74.61997, 18.18975], [74.61497, 18.19182], [74.61505, 18.19237], [74.61072, 18.19422], [74.61101, 18.19541], [74.60894, 18.19602], [74.60867, 18.19451], [74.60716, 18.19492], [74.60763, 18.19781], [74.60746, 18.2063], [74.60796, 18.21008], [74.60905, 18.213], [74.61587, 18.21158], [74.62229, 18.21369], [74.62582, 18.21397]]]}, "properties": {"panchayat_id": "IND.20.26.1_1__gp185456", "name": "Vanjarwadi", "unit_type": "gram_panchayat", "area_km2": 4.462, "centroid_lat": 18.20219, "centroid_lon": 74.6178, "terrain": {"elevation_m": 567.5946800972451, "slope_deg": 0.4913028085427252, "monsoon_exposure": -0.006227916869702128, "ruggedness_m": 14.908978849444008, "roughness_m": 14.456825808838088, "local_relief_m": 21.354868803638965, "distance_to_coast_km": 160.94015979318633, "upwind_barrier_m": 21.758704213396186, "downwind_rise_m": 26.859039273240114, "upwind_max_elev_m": 589.3533843106413}, "block_id": "IND.20.26.1_1", "block_name": "Baramati", "district": "Pune"}}, {"type": "Feature", "geometry": {"type": "Polygon", "coordinates": [[[74.26459, 18.12311], [74.26591, 18.12309], [74.27166, 18.12027], [74.27279, 18.11679], [74.27378, 18.1158], [74.27582, 18.11521], [74.27778, 18.11363], [74.27893, 18.11136], [74.28482, 18.11135], [74.28997, 18.1125], [74.29492, 18.11228], [74.29705, 18.11263], [74.29709, 18.11191], [74.2991, 18.10897], [74.28933, 18.10863], [74.28892, 18.10608], [74.29013, 18.10394], [74.28992, 18.10175], [74.28899, 18.10091], [74.28715, 18.10111], [74.2835, 18.10386], [74.27985, 18.10297], [74.2786, 18.10365], [74.27807, 18.09805], [74.27854, 18.09657], [74.26977, 18.09879], [74.26796, 18.09669], [74.26479, 18.09555], [74.26193, 18.09553], [74.26211, 18.09765], [74.26039, 18.10069], [74.26069, 18.10186], [74.26186, 18.103], [74.26151, 18.10449], [74.25986, 18.10464], [74.25935, 18.10563], [74.25978, 18.10676], [74.26041, 18.10662], [74.26139, 18.11074], [74.26138, 18.11631], [74.26383, 18.11843], [74.26506, 18.12032], [74.26459, 18.12311]]]}, "properties": {"panchayat_id": "IND.20.26.1_1__gp185457", "name": "Vaghalwadi", "unit_type": "gram_panchayat", "area_km2": 5.73, "centroid_lat": 18.10797, "centroid_lon": 74.27368, "terrain": {"elevation_m": 562.6961118586478, "slope_deg": 0.9695248466511587, "monsoon_exposure": 0.009744879468699928, "ruggedness_m": 12.59940653796009, "roughness_m": 11.473212409967706, "local_relief_m": 33.83477059522704, "distance_to_coast_km": 125.73668934090114, "upwind_barrier_m": 537.8350459248406, "downwind_rise_m": 27.11911787496797, "upwind_max_elev_m": 1100.5311577834884}, "block_id": "IND.20.26.1_1", "block_name": "Baramati", "district": "Pune"}}, {"type": "Feature", "geometry": {"type": "Polygon", "coordinates": [[[74.31462, 18.17783], [74.31844, 18.17677], [74.32145, 18.17722], [74.32449, 18.17476], [74.32599, 18.17183], [74.32581, 18.17011], [74.32494, 18.16761], [74.32255, 18.16349], [74.32345, 18.15819], [74.32212, 18.15263], [74.32364, 18.15157], [74.32535, 18.15201], [74.32647, 18.15166], [74.32689, 18.14912], [74.32632, 18.14664], [74.33018, 18.14284], [74.33112, 18.14229], [74.33274, 18.14379], [74.33405, 18.14385], [74.33851, 18.14086], [74.3408, 18.14092], [74.34547, 18.13702], [74.34337, 18.13306], [74.34182, 18.13184], [74.33879, 18.13345], [74.33632, 18.13645], [74.32988, 18.13901], [74.32705, 18.14163], [74.31309, 18.14736], [74.31206, 18.14868], [74.3087, 18.15118], [74.29818, 18.16483], [74.2956, 18.16927], [74.2942, 18.17351], [74.2941, 18.17696], [74.30255, 18.1766], [74.3089, 18.17695], [74.31459, 18.17606], [74.31462, 18.17783]]]}, "properties": {"panchayat_id": "IND.20.26.1_1__gp185458", "name": "Vaki", "unit_type": "gram_panchayat", "area_km2": 9.397, "centroid_lat": 18.16011, "centroid_lon": 74.31562, "terrain": {"elevation_m": 572.6485858918221, "slope_deg": 0.27334967116614867, "monsoon_exposure": -0.004386458956919572, "ruggedness_m": 5.157415366135046, "roughness_m": 3.123816665380097, "local_relief_m": 13.400983019661226, "distance_to_coast_km": 129.63297613978872, "upwind_barrier_m": 320.6409012115953, "downwind_rise_m": 36.59947372082604, "upwind_max_elev_m": 893.2894871034174}, "block_id": "IND.20.26.1_1", "block_name": "Baramati", "district": "Pune"}}, {"type": "Feature", "geometry": {"type": "Polygon", "coordinates": [[[74.2991, 18.10897], [74.30068, 18.10799], [74.30211, 18.10915], [74.30269, 18.10911], [74.30367, 18.106], [74.30313, 18.10467], [74.29962, 18.10555], [74.29765, 18.09939], [74.29737, 18.09513], [74.29501, 18.0953], [74.29545, 18.09025], [74.29435, 18.09117], [74.29239, 18.09147], [74.29207, 18.08887], [74.29086, 18.08912], [74.29012, 18.08756], [74.29083, 18.08706], [74.29016, 18.08252], [74.28782, 18.07464], [74.27911, 18.07487], [74.27487, 18.07648], [74.27106, 18.0787], [74.26619, 18.07961], [74.2631, 18.08091], [74.25968, 18.0836], [74.26324, 18.0927], [74.26202, 18.09315], [74.26193, 18.09553], [74.26479, 18.09555], [74.26796, 18.09669], [74.26977, 18.09879], [74.27854, 18.09657], [74.27807, 18.09805], [74.2786, 18.10365], [74.27985, 18.10297], [74.2835, 18.10386], [74.28715, 18.10111], [74.28899, 18.10091], [74.28992, 18.10175], [74.29013, 18.10394], [74.28892, 18.10608], [74.28933, 18.10863], [74.2991, 18.10897]]]}, "properties": {"panchayat_id": "IND.20.26.1_1__gp185459", "name": "Wanewadi", "unit_type": "gram_panchayat", "area_km2": 8.98, "centroid_lat": 18.0909, "centroid_lon": 74.28082, "terrain": {"elevation_m": 546.452140329621, "slope_deg": 0.15959384947461336, "monsoon_exposure": -2.4735195236450396e-06, "ruggedness_m": 6.44183166437683, "roughness_m": 4.959147773898996, "local_relief_m": 15.981785601587262, "distance_to_coast_km": 125.60862169826953, "upwind_barrier_m": 493.41439995623773, "downwind_rise_m": 25.969821639832503, "upwind_max_elev_m": 1039.8665402858587}, "block_id": "IND.20.26.1_1", "block_name": "Baramati", "district": "Pune"}}, {"type": "Feature", "geometry": {"type": "Polygon", "coordinates": [[[74.63759, 18.11401], [74.63891, 18.11047], [74.63529, 18.10873], [74.6385, 18.10554], [74.64027, 18.10666], [74.6407, 18.10435], [74.64042, 18.10236], [74.64152, 18.10078], [74.64257, 18.09734], [74.64252, 18.09633], [74.64176, 18.09621], [74.64211, 18.09371], [74.64094, 18.08339], [74.63879, 18.07617], [74.63941, 18.07573], [74.63886, 18.07585], [74.63845, 18.07425], [74.63784, 18.07438], [74.63715, 18.07145], [74.63548, 18.06792], [74.63453, 18.06865], [74.63081, 18.0694], [74.62839, 18.07068], [74.62358, 18.07046], [74.62135, 18.07333], [74.61785, 18.07623], [74.61766, 18.07743], [74.61844, 18.07932], [74.62007, 18.08018], [74.62024, 18.08167], [74.61927, 18.08184], [74.61735, 18.08015], [74.61507, 18.08053], [74.6139, 18.08314], [74.61387, 18.0858], [74.61255, 18.08779], [74.61519, 18.09217], [74.61687, 18.09672], [74.61841, 18.10878], [74.61897, 18.11085], [74.61976, 18.11185], [74.62944, 18.11225], [74.63759, 18.11401]]]}, "properties": {"panchayat_id": "IND.20.26.1_1__gp185460", "name": "Zargadwadi", "unit_type": "gram_panchayat", "area_km2": 11.111, "centroid_lat": 18.09142, "centroid_lon": 74.62868, "terrain": {"elevation_m": 528.2414654192025, "slope_deg": 0.43025379260341134, "monsoon_exposure": -0.007475908046224381, "ruggedness_m": 6.836216589248613, "roughness_m": 6.812590554569715, "local_relief_m": 18.018516995966706, "distance_to_coast_km": 159.11126964943352, "upwind_barrier_m": 111.27137847300855, "downwind_rise_m": 55.42750777177605, "upwind_max_elev_m": 639.5128438922111}, "block_id": "IND.20.26.1_1", "block_name": "Baramati", "district": "Pune"}}, {"type": "Feature", "geometry": {"type": "Polygon", "coordinates": [[[74.69121, 18.13377], [74.69142, 18.13306], [74.69288, 18.13196], [74.69008, 18.12875], [74.68953, 18.12452], [74.69228, 18.11909], [74.69239, 18.11806], [74.69162, 18.11755], [74.68833, 18.11706], [74.68587, 18.11422], [74.68323, 18.11389], [74.68265, 18.11472], [74.68099, 18.11515], [74.68164, 18.11818], [74.68153, 18.12147], [74.67904, 18.12394], [74.67791, 18.12394], [74.67731, 18.12795], [74.6763, 18.12818], [74.67665, 18.12919], [74.67743, 18.13082], [74.68962, 18.13227], [74.69121, 18.13377]]]}, "properties": {"panchayat_id": "IND.20.26.1_1__gp185876", "name": "Sansar", "unit_type": "gram_panchayat", "area_km2": 2.126, "centroid_lat": 18.12417, "centroid_lon": 74.68495, "terrain": {"elevation_m": 551.2702419781126, "slope_deg": 0.0776919296862681, "monsoon_exposure": 0.0010013335376390607, "ruggedness_m": 9.962788675676359, "roughness_m": 9.541512032244654, "local_relief_m": 21.67319482545804, "distance_to_coast_km": 165.85279415971635, "upwind_barrier_m": 37.38486845116131, "downwind_rise_m": 30.211308191370108, "upwind_max_elev_m": 588.6551104292739}, "block_id": "IND.20.26.1_1", "block_name": "Baramati", "district": "Pune"}}, {"type": "Feature", "geometry": {"type": "Polygon", "coordinates": [[[74.34681, 18.12757], [74.34947, 18.12605], [74.35325, 18.12236], [74.35984, 18.11432], [74.36633, 18.11219], [74.36565, 18.11116], [74.36324, 18.11072], [74.36239, 18.10944], [74.36148, 18.10635], [74.36048, 18.10546], [74.35957, 18.10317], [74.35737, 18.10007], [74.35604, 18.09945], [74.35197, 18.09953], [74.35168, 18.10094], [74.35063, 18.10063], [74.34886, 18.10317], [74.34588, 18.10332], [74.34248, 18.10432], [74.33968, 18.10383], [74.33828, 18.10436], [74.33802, 18.10755], [74.33618, 18.10733], [74.33436, 18.10815], [74.33377, 18.1089], [74.33189, 18.11406], [74.33226, 18.11567], [74.33099, 18.11576], [74.33002, 18.11844], [74.3274, 18.12233], [74.32864, 18.12234], [74.32875, 18.12304], [74.32919, 18.12301], [74.32933, 18.12171], [74.32994, 18.12177], [74.32984, 18.12274], [74.33159, 18.12258], [74.3326, 18.12346], [74.33995, 18.12446], [74.34255, 18.1252], [74.34681, 18.12757]]]}, "properties": {"panchayat_id": "IND.20.26.1_1__gp259675", "name": "Sadobachiwadi", "unit_type": "gram_panchayat", "area_km2": 6.749, "centroid_lat": 18.11354, "centroid_lon": 74.34659, "terrain": {"elevation_m": 542.0127018609143, "slope_deg": 0.3874882496920008, "monsoon_exposure": 0.004464911761739136, "ruggedness_m": 7.079150934094342, "roughness_m": 3.116637957086961, "local_relief_m": 17.415334768783282, "distance_to_coast_km": 132.86390588920125, "upwind_barrier_m": 427.6105637428318, "downwind_rise_m": 61.83444106981028, "upwind_max_elev_m": 969.6232656037461}, "block_id": "IND.20.26.1_1", "block_name": "Baramati", "district": "Pune"}}, {"type": "Feature", "geometry": {"type": "Polygon", "coordinates": [[[74.31309, 18.14736], [74.32705, 18.14163], [74.32988, 18.13901], [74.33632, 18.13645], [74.33879, 18.13345], [74.3432, 18.13095], [74.34437, 18.12939], [74.34681, 18.12757], [74.34255, 18.1252], [74.33826, 18.12412], [74.3326, 18.12346], [74.33159, 18.12258], [74.32984, 18.12274], [74.32994, 18.12177], [74.32933, 18.12171], [74.32919, 18.12301], [74.32875, 18.12304], [74.32864, 18.12234], [74.32678, 18.12259], [74.3268, 18.12221], [74.32131, 18.12107], [74.31273, 18.1233], [74.3128, 18.12426], [74.31214, 18.12441], [74.311, 18.13085], [74.31087, 18.13557], [74.31181, 18.13972], [74.31218, 18.14494], [74.31309, 18.14736]]]}, "properties": {"panchayat_id": "IND.20.26.1_1__gp259676", "name": "Sastewadi", "unit_type": "gram_panchayat", "area_km2": 6.361, "centroid_lat": 18.13218, "centroid_lon": 74.3248, "terrain": {"elevation_m": 554.3887634730199, "slope_deg": 0.5086514601852696, "monsoon_exposure": 0.004375950182947139, "ruggedness_m": 7.825573766095293, "roughness_m": 5.505566703183166, "local_relief_m": 18.971333206249028, "distance_to_coast_km": 130.80100242185327, "upwind_barrier_m": 586.0362584805403, "downwind_rise_m": 48.37419093953213, "upwind_max_elev_m": 1140.4250219535602}, "block_id": "IND.20.26.1_1", "block_name": "Baramati", "district": "Pune"}}, {"type": "Feature", "geometry": {"type": "Polygon", "coordinates": [[[74.32286, 18.20916], [74.32314, 18.20627], [74.32196, 18.20417], [74.32236, 18.20294], [74.32205, 18.20201], [74.32341, 18.19949], [74.32206, 18.19488], [74.32271, 18.19204], [74.32221, 18.19159], [74.32075, 18.19165], [74.3205, 18.19055], [74.32156, 18.18963], [74.31963, 18.1854], [74.31896, 18.18557], [74.3144, 18.18427], [74.31427, 18.18308], [74.31155, 18.18209], [74.31205, 18.18068], [74.31011, 18.18166], [74.30769, 18.18445], [74.3069, 18.18611], [74.30673, 18.18881], [74.30596, 18.19035], [74.3043, 18.19203], [74.30305, 18.19244], [74.30261, 18.19328], [74.30323, 18.19608], [74.30262, 18.19753], [74.30017, 18.19821], [74.30086, 18.19986], [74.30245, 18.1994], [74.30452, 18.19799], [74.30589, 18.19775], [74.30639, 18.1982], [74.3071, 18.20378], [74.3076, 18.20376], [74.30779, 18.20463], [74.30945, 18.20649], [74.31063, 18.20708], [74.31026, 18.20849], [74.30947, 18.20858], [74.31007, 18.21073], [74.32286, 18.20916]]]}, "properties": {"panchayat_id": "IND.20.26.1_1__gp259677", "name": "Moralwadi", "unit_type": "gram_panchayat", "area_km2": 4.707, "centroid_lat": 18.1967, "centroid_lon": 74.31376, "terrain": {"elevation_m": 594.2494964846992, "slope_deg": 0.5038397479156758, "monsoon_exposure": 0.0027075588085767838, "ruggedness_m": 7.8610361166546445, "roughness_m": 2.326659065741946, "local_relief_m": 21.777468495411426, "distance_to_coast_km": 129.267461942097, "upwind_barrier_m": 158.68198259631754, "downwind_rise_m": 25.711613585299347, "upwind_max_elev_m": 752.9314790810167}, "block_id": "IND.20.26.1_1", "block_name": "Baramati", "district": "Pune"}}, {"type": "Feature", "geometry": {"type": "Polygon", "coordinates": [[[74.42198, 18.09333], [74.41774, 18.09525], [74.41303, 18.09626], [74.40683, 18.09676], [74.39881, 18.09651], [74.39925, 18.10152], [74.3987, 18.10161], [74.3994, 18.10415], [74.39726, 18.10452], [74.39805, 18.10875], [74.39848, 18.10847], [74.40113, 18.10973], [74.40163, 18.10883], [74.40203, 18.10898], [74.40326, 18.11242], [74.40452, 18.11318], [74.40689, 18.113], [74.40967, 18.11147], [74.41242, 18.11103], [74.41298, 18.10866], [74.41243, 18.10757], [74.41481, 18.10596], [74.41489, 18.10736], [74.41395, 18.10839], [74.41315, 18.11387], [74.4121, 18.11464], [74.41187, 18.1154], [74.41182, 18.11736], [74.4121, 18.11907], [74.41614, 18.11883], [74.41475, 18.12039], [74.41468, 18.12115], [74.41524, 18.12122], [74.41477, 18.12297], [74.41731, 18.12352], [74.41749, 18.12127], [74.41813, 18.12078], [74.41849, 18.11386], [74.42198, 18.09333]]]}, "properties": {"panchayat_id": "IND.20.26.1_1__gp259678", "name": "Thopatewadi", "unit_type": "gram_panchayat", "area_km2": 4.329, "centroid_lat": 18.10544, "centroid_lon": 74.41063, "terrain": {"elevation_m": 550.4787323393448, "slope_deg": 0.7463509834329716, "monsoon_exposure": 0.006484238537766965, "ruggedness_m": 9.354065499122198, "roughness_m": 6.285673830517286, "local_relief_m": 26.21971635944567, "distance_to_coast_km": 138.56738464846688, "upwind_barrier_m": 422.5595290179717, "downwind_rise_m": 12.136644377687844, "upwind_max_elev_m": 973.0382613573165}, "block_id": "IND.20.26.1_1", "block_name": "Baramati", "district": "Pune"}}, {"type": "Feature", "geometry": {"type": "Polygon", "coordinates": [[[74.51309, 18.32634], [74.52337, 18.32283], [74.52232, 18.31834], [74.52226, 18.3153], [74.52257, 18.31266], [74.52374, 18.31148], [74.51975, 18.3104], [74.51389, 18.30465], [74.51274, 18.30302], [74.51226, 18.30074], [74.50791, 18.29689], [74.50642, 18.29891], [74.50441, 18.29925], [74.50466, 18.30102], [74.50136, 18.30176], [74.50126, 18.30336], [74.49988, 18.30386], [74.49832, 18.30624], [74.49589, 18.30708], [74.49591, 18.31302], [74.49348, 18.31294], [74.49183, 18.32445], [74.49675, 18.32372], [74.50272, 18.32649], [74.50425, 18.32667], [74.5085, 18.32601], [74.51309, 18.32634]]]}, "properties": {"panchayat_id": "IND.20.26.1_1__gp261742", "name": "Kharadewadi", "unit_type": "gram_panchayat", "area_km2": 6.911, "centroid_lat": 18.31453, "centroid_lon": 74.50767, "terrain": {"elevation_m": 620.8893897258407, "slope_deg": 0.9999273010268747, "monsoon_exposure": 0.006431990452751556, "ruggedness_m": 12.060799205988818, "roughness_m": 6.812879352939655, "local_relief_m": 35.12453213130357, "distance_to_coast_km": 149.67672902798566, "upwind_barrier_m": 27.17699339865578, "downwind_rise_m": 7.725720016317155, "upwind_max_elev_m": 648.0663831244965}, "block_id": "IND.20.26.1_1", "block_name": "Baramati", "district": "Pune"}}, {"type": "Feature", "geometry": {"type": "Polygon", "coordinates": [[[74.43229, 18.21987], [74.4333, 18.21957], [74.43234, 18.21619], [74.4389, 18.21457], [74.43906, 18.215], [74.44261, 18.21416], [74.44313, 18.21366], [74.44214, 18.21148], [74.44569, 18.21097], [74.45044, 18.21253], [74.45261, 18.21265], [74.4546, 18.21395], [74.45698, 18.21472], [74.45923, 18.21273], [74.46266, 18.214], [74.46466, 18.21347], [74.46715, 18.21173], [74.47224, 18.21], [74.47349, 18.20766], [74.47524, 18.20712], [74.47005, 18.19858], [74.46481, 18.19444], [74.46446, 18.19335], [74.45692, 18.19279], [74.45705, 18.1914], [74.45307, 18.19196], [74.44329, 18.19466], [74.44035, 18.19488], [74.44084, 18.19846], [74.44032, 18.20019], [74.43298, 18.20445], [74.42844, 18.20629], [74.43229, 18.21987]]]}, "properties": {"panchayat_id": "IND.20.26.1_1__gp272754", "name": "Bhillarwadi", "unit_type": "gram_panchayat", "area_km2": 8.27, "centroid_lat": 18.20447, "centroid_lon": 74.45209, "terrain": {"elevation_m": 580.0, "slope_deg": 0.490549784750691, "monsoon_exposure": -0.006448568536103123, "ruggedness_m": 12.048354912123715, "roughness_m": 6.404202584414158, "local_relief_m": 33.6005632893648, "distance_to_coast_km": 143.66408443917373, "upwind_barrier_m": 153.04398594721408, "downwind_rise_m": 35.83779033178769, "upwind_max_elev_m": 733.0439859472141}, "block_id": "IND.20.26.1_1", "block_name": "Baramati", "district": "Pune"}}, {"type": "Feature", "geometry": {"type": "Polygon", "coordinates": [[[74.41943, 18.16663], [74.42749, 18.16444], [74.42848, 18.16142], [74.43129, 18.16139], [74.43031, 18.15896], [74.42959, 18.15837], [74.42953, 18.15745], [74.43163, 18.15678], [74.43151, 18.15612], [74.43658, 18.15636], [74.43901, 18.15531], [74.43883, 18.15229], [74.43944, 18.14915], [74.43997, 18.1491], [74.43871, 18.14417], [74.43922, 18.14211], [74.44298, 18.13952], [74.44316, 18.13909], [74.44249, 18.13834], [74.42943, 18.13622], [74.42751, 18.13537], [74.42139, 18.1344], [74.41712, 18.13251], [74.41566, 18.13445], [74.41536, 18.13558], [74.41569, 18.13695], [74.41514, 18.13778], [74.41526, 18.13846], [74.41641, 18.13883], [74.41662, 18.13939], [74.41635, 18.1423], [74.4153, 18.14336], [74.41621, 18.14494], [74.41603, 18.1487], [74.41589, 18.14926], [74.41471, 18.14995], [74.41598, 18.15816], [74.41943, 18.16663]]]}, "properties": {"panchayat_id": "IND.20.26.1_1__gp305223", "name": "Khamgalwadi", "unit_type": "gram_panchayat", "area_km2": 6.948, "centroid_lat": 18.14847, "centroid_lon": 74.42645, "terrain": {"elevation_m": 568.2600536497484, "slope_deg": 1.3294334377312547, "monsoon_exposure": 0.019583698558981705, "ruggedness_m": 15.039676374567291, "roughness_m": 13.812895719394849, "local_relief_m": 42.30887353931348, "distance_to_coast_km": 141.24694057261894, "upwind_barrier_m": 159.49870508423942, "downwind_rise_m": 31.994371159349157, "upwind_max_elev_m": 727.7587587339879}, "block_id": "IND.20.26.1_1", "block_name": "Baramati", "district": "Pune"}}, {"type": "Feature", "geometry": {"type": "MultiPolygon", "coordinates": [[[[74.50734, 18.09629], [74.48733, 18.09758], [74.48708, 18.09861], [74.48656, 18.1115], [74.48673, 18.13757], [74.48702, 18.14218], [74.48865, 18.14947], [74.4855, 18.15355], [74.4844, 18.16069], [74.48187, 18.16922], [74.48288, 18.17104], [74.48976, 18.16907], [74.49526, 18.16834], [74.49428, 18.15921], [74.49491, 18.15705], [74.49469, 18.15565], [74.49693, 18.15155], [74.49697, 18.1492], [74.49774, 18.1484], [74.49878, 18.14898], [74.49964, 18.14656], [74.5016, 18.14623], [74.50514, 18.14458], [74.50986, 18.14179], [74.51021, 18.13789], [74.51227, 18.13754], [74.51715, 18.13485], [74.52294, 18.13519], [74.53614, 18.13352], [74.53889, 18.12547], [74.54348, 18.12506], [74.54394, 18.12256], [74.54416, 18.1188], [74.54176, 18.11878], [74.54199, 18.11708], [74.52843, 18.11623], [74.52805, 18.11317], [74.51319, 18.11459], [74.51285, 18.10705], [74.5136, 18.1018], [74.51532, 18.09924], [74.51404, 18.099], [74.51405, 18.09689], [74.50734, 18.09629]]], [[[74.62321, 18.16979], [74.62528, 18.16666], [74.62596, 18.16368], [74.62708, 18.16168], [74.62762, 18.15776], [74.62735, 18.15322], [74.6279, 18.1496], [74.6225, 18.14842], [74.61535, 18.14401], [74.6015, 18.146], [74.59355, 18.14598], [74.586, 18.14669], [74.58609, 18.14811], [74.58449, 18.15301], [74.58564, 18.16198], [74.58704, 18.16648], [74.57531, 18.16892], [74.57317, 18.17], [74.56993, 18.17081], [74.56638, 18.17094], [74.56437, 18.18471], [74.56647, 18.19706], [74.56637, 18.20146], [74.57269, 18.20435], [74.57447, 18.20597], [74.57752, 18.20694], [74.58144, 18.21192], [74.58777, 18.21713], [74.597, 18.22156], [74.6043, 18.21863], [74.6092, 18.21446], [74.60746, 18.2063], [74.60763, 18.19781], [74.60716, 18.19492], [74.60867, 18.19451], [74.60894, 18.19602], [74.61101, 18.19541], [74.61072, 18.19422], [74.61505, 18.19237], [74.61497, 18.19182], [74.61997, 18.18975], [74.62083, 18.19128], [74.62076, 18.19212], [74.62762, 18.1916], [74.62721, 18.18738], [74.62302, 18.17967], [74.62204, 18.17676], [74.62321, 18.16979]]], [[[74.39117, 18.26811], [74.39345, 18.26714], [74.39598, 18.2636], [74.39758, 18.26341], [74.39988, 18.26442], [74.40324, 18.26371], [74.40659, 18.26093], [74.41266, 18.25881], [74.41643, 18.25613], [74.41833, 18.2561], [74.4212, 18.25752], [74.42858, 18.25801], [74.42981, 18.25765], [74.4326, 18.2551], [74.43505, 18.2538], [74.43862, 18.24892], [74.44197, 18.24719], [74.44078, 18.24206], [74.43786, 18.23522], [74.43719, 18.23463], [74.43516, 18.22802], [74.43342, 18.22852], [74.43298, 18.22711], [74.43195, 18.22763], [74.43219, 18.22873], [74.42842, 18.22799], [74.42509, 18.22801], [74.42433, 18.22926], [74.42187, 18.22959], [74.42049, 18.2306], [74.41611, 18.2313], [74.4102, 18.23079], [74.40668, 18.23244], [74.40285, 18.23226], [74.39911, 18.23296], [74.398, 18.23187], [74.39732, 18.23184], [74.39611, 18.23244], [74.39727, 18.2357], [74.3992, 18.23537], [74.3998, 18.23729], [74.40078, 18.23719], [74.40101, 18.23794], [74.39616, 18.23921], [74.39895, 18.24177], [74.3957, 18.24321], [74.38806, 18.24459], [74.38839, 18.25087], [74.38785, 18.26241], [74.38866, 18.26531], [74.38827, 18.26578], [74.38919, 18.26711], [74.39117, 18.26811]]]]}, "properties": {"panchayat_id": "IND.20.26.1_1__pch000", "name": "Tandulwadi", "unit_type": "village_cluster", "area_km2": 75.22, "centroid_lat": 18.17722, "centroid_lon": 74.53098, "terrain": {"elevation_m": 552.5273454311828, "slope_deg": 0.22941881022856386, "monsoon_exposure": -0.003811853277638374, "ruggedness_m": 5.5566168036929495, "roughness_m": 2.483214240928999, "local_relief_m": 17.609796102347445, "distance_to_coast_km": 151.97318520403118, "upwind_barrier_m": 47.53515897903094, "downwind_rise_m": 58.317089582415065, "upwind_max_elev_m": 600.0625044102137}, "block_id": "IND.20.26.1_1", "block_name": "Baramati", "district": "Pune"}}, {"type": "Feature", "geometry": {"type": "Polygon", "coordinates": [[[73.91647, 18.19758], [73.91567, 18.19726], [73.91511, 18.19612], [73.9153, 18.19506], [73.91707, 18.19357], [73.91876, 18.19117], [73.91765, 18.18578], [73.92132, 18.18153], [73.92191, 18.17934], [73.92155, 18.17843], [73.91538, 18.17795], [73.90704, 18.17838], [73.90494, 18.17804], [73.90248, 18.17885], [73.90078, 18.18068], [73.90081, 18.18165], [73.90027, 18.1823], [73.89873, 18.1834], [73.90249, 18.18456], [73.90232, 18.1864], [73.90321, 18.18618], [73.90448, 18.18854], [73.9065, 18.18875], [73.90777, 18.19272], [73.90583, 18.19259], [73.90227, 18.19386], [73.90366, 18.19987], [73.91647, 18.19758]]]}, "properties": {"panchayat_id": "IND.20.26.2_1__gp185461", "name": "Alande", "unit_type": "gram_panchayat", "area_km2": 3.57, "centroid_lat": 18.18738, "centroid_lon": 73.91069, "terrain": {"elevation_m": 604.362048264555, "slope_deg": 0.6136863215635208, "monsoon_exposure": -0.010645203561717448, "ruggedness_m": 11.791491462789702, "roughness_m": 8.541603484160396, "local_relief_m": 29.015227790668177, "distance_to_coast_km": 87.31321140732335, "upwind_barrier_m": 270.50568679756054, "downwind_rise_m": 340.0417602447293, "upwind_max_elev_m": 874.8677350621156}, "block_id": "IND.20.26.2_1", "block_name": "Bhor", "district": "Pune"}}, {"type": "Feature", "geometry": {"type": "Polygon", "coordinates": [[[73.90366, 18.19987], [73.90227, 18.19386], [73.90583, 18.19259], [73.90777, 18.19272], [73.9065, 18.18875], [73.90448, 18.18854], [73.90321, 18.18618], [73.90232, 18.1864], [73.90249, 18.18456], [73.89873, 18.1834], [73.89427, 18.18748], [73.88888, 18.1902], [73.88442, 18.19349], [73.88294, 18.20061], [73.88917, 18.2], [73.89246, 18.20082], [73.89779, 18.20078], [73.90366, 18.19987]]]}, "properties": {"panchayat_id": "IND.20.26.2_1__gp185462", "name": "Alandewadi", "unit_type": "gram_panchayat", "area_km2": 2.98, "centroid_lat": 18.19358, "centroid_lon": 73.89544, "terrain": {"elevation_m": 640.8512749839967, "slope_deg": 4.961721033574647, "monsoon_exposure": -0.06654691817507163, "ruggedness_m": 74.46866671037523, "roughness_m": 54.43356502766726, "local_relief_m": 177.1941458452235, "distance_to_coast_km": 85.69400111991976, "upwind_barrier_m": 243.14764393304324, "downwind_rise_m": 330.14509669797224, "upwind_max_elev_m": 883.99891891704}, "block_id": "IND.20.26.2_1", "block_name": "Bhor", "district": "Pune"}}, {"type": "Feature", "geometry": {"type": "Polygon", "coordinates": [[[73.84892, 18.06754], [73.84945, 18.06487], [73.8511, 18.06312], [73.85227, 18.06107], [73.85266, 18.0593], [73.85307, 18.05935], [73.85366, 18.05583], [73.85569, 18.0549], [73.86289, 18.04822], [73.86441, 18.04642], [73.86556, 18.0431], [73.86429, 18.04101], [73.86303, 18.03734], [73.8624, 18.03721], [73.86248, 18.03641], [73.86048, 18.03511], [73.85858, 18.03103], [73.85805, 18.03121], [73.8575, 18.0305], [73.85589, 18.03072], [73.85416, 18.03022], [73.85262, 18.03278], [73.85028, 18.03349], [73.8503, 18.03536], [73.8471, 18.03759], [73.84669, 18.03949], [73.84524, 18.03973], [73.84439, 18.03907], [73.84307, 18.04209], [73.84271, 18.04423], [73.841, 18.0468], [73.84095, 18.04932], [73.84233, 18.05657], [73.84281, 18.05728], [73.84282, 18.06189], [73.84201, 18.06559], [73.84282, 18.06627], [73.84256, 18.06826], [73.8429, 18.06869], [73.84453, 18.06846], [73.84667, 18.06901], [73.84733, 18.06805], [73.84892, 18.06754]]]}, "properties": {"panchayat_id": "IND.20.26.2_1__gp185463", "name": "Aambade", "unit_type": "gram_panchayat", "area_km2": 6.031, "centroid_lat": 18.04801, "centroid_lon": 73.85173, "terrain": {"elevation_m": 810.9701627199356, "slope_deg": 5.266393503405941, "monsoon_exposure": 0.008063761969936934, "ruggedness_m": 144.9296317139318, "roughness_m": 105.94719579732501, "local_relief_m": 294.269975909967, "distance_to_coast_km": 82.94182776183092, "upwind_barrier_m": 516.4317676123408, "downwind_rise_m": 198.61578343076735, "upwind_max_elev_m": 1327.4019303322764}, "block_id": "IND.20.26.2_1", "block_name": "Bhor", "district": "Pune"}}, {"type": "Feature", "geometry": {"type": "Polygon", "coordinates": [[[73.81355, 18.1257], [73.80888, 18.12404], [73.80309, 18.1228], [73.80295, 18.1223], [73.80384, 18.12154], [73.80357, 18.11938], [73.79812, 18.12394], [73.79529, 18.12522], [73.79392, 18.12655], [73.79545, 18.12836], [73.79659, 18.13164], [73.79834, 18.13335], [73.79962, 18.13714], [73.80109, 18.13922], [73.80218, 18.13921], [73.80537, 18.13581], [73.80804, 18.1351], [73.81004, 18.13371], [73.8103, 18.13234], [73.8132, 18.12775], [73.81355, 18.1257]]]}, "properties": {"panchayat_id": "IND.20.26.2_1__gp185464", "name": "Ambeghar", "unit_type": "gram_panchayat", "area_km2": 2.286, "centroid_lat": 18.12937, "centroid_lon": 73.8036, "terrain": {"elevation_m": 637.1612049488962, "slope_deg": 3.8365742645967313, "monsoon_exposure": 0.05855740249358201, "ruggedness_m": 46.07657874299471, "roughness_m": 35.26503795417196, "local_relief_m": 133.8057835545237, "distance_to_coast_km": 76.76236800086158, "upwind_barrier_m": 210.6562789742244, "downwind_rise_m": 17.33636273016748, "upwind_max_elev_m": 847.8174839231206}, "block_id": "IND.20.26.2_1", "block_name": "Bhor", "district": "Pune"}}, {"type": "Feature", "geometry": {"type": "Polygon", "coordinates": [[[73.78327, 18.09356], [73.78286, 18.09248], [73.78377, 18.09096], [73.78478, 18.09033], [73.786, 18.08696], [73.78712, 18.08588], [73.78902, 18.08081], [73.79014, 18.07924], [73.78964, 18.07723], [73.79101, 18.07551], [73.79071, 18.07328], [73.79189, 18.0719], [73.79269, 18.06892], [73.79382, 18.06719], [73.79324, 18.06396], [73.79203, 18.06367], [73.79165, 18.06312], [73.79254, 18.06048], [73.78973, 18.05949], [73.78667, 18.06032], [73.78463, 18.06176], [73.7824, 18.06232], [73.78172, 18.06371], [73.78032, 18.06443], [73.77946, 18.06594], [73.77305, 18.0652], [73.77112, 18.06466], [73.7695, 18.06346], [73.76901, 18.06458], [73.7692, 18.07002], [73.77033, 18.07226], [73.77001, 18.07269], [73.77077, 18.0744], [73.77192, 18.08417], [73.77348, 18.08581], [73.77747, 18.09263], [73.77881, 18.09351], [73.78072, 18.09398], [73.78327, 18.09356]]]}, "properties": {"panchayat_id": "IND.20.26.2_1__gp185465", "name": "Ambavade", "unit_type": "gram_panchayat", "area_km2": 6.052, "centroid_lat": 18.07544, "centroid_lon": 73.78123, "terrain": {"elevation_m": 717.1150909135515, "slope_deg": 7.392843455123635, "monsoon_exposure": -0.1258486554456477, "ruggedness_m": 113.1890985877874, "roughness_m": 52.30733269053988, "local_relief_m": 292.82788778443546, "distance_to_coast_km": 75.33517926573367, "upwind_barrier_m": 672.3997857969964, "downwind_rise_m": 233.5078632285945, "upwind_max_elev_m": 1389.514876710548}, "block_id": "IND.20.26.2_1", "block_name": "Bhor", "district": "Pune"}}, {"type": "Feature", "geometry": {"type": "Polygon", "coordinates": [[[73.75989, 18.10348], [73.76121, 18.10271], [73.76583, 18.10367], [73.76989, 18.10338], [73.76972, 18.10184], [73.76885, 18.10096], [73.7693, 18.09977], [73.76885, 18.09819], [73.77183, 18.09102], [73.77432, 18.08771], [73.77348, 18.08581], [73.77228, 18.08445], [73.77107, 18.08538], [73.77059, 18.08653], [73.76795, 18.08796], [73.76678, 18.08985], [73.76526, 18.09104], [73.76434, 18.09087], [73.76367, 18.09236], [73.76325, 18.09185], [73.76035, 18.09179], [73.75733, 18.09008], [73.7552, 18.08996], [73.75394, 18.09062], [73.74991, 18.08991], [73.74806, 18.09046], [73.74464, 18.08964], [73.74427, 18.08995], [73.74391, 18.09052], [73.74449, 18.09308], [73.7461, 18.0945], [73.747, 18.0949], [73.74799, 18.0946], [73.7508, 18.09583], [73.75472, 18.09595], [73.7564, 18.09696], [73.75632, 18.0982], [73.75692, 18.09978], [73.759, 18.10057], [73.75929, 18.1012], [73.75897, 18.10222], [73.75989, 18.10348]]]}, "properties": {"panchayat_id": "IND.20.26.2_1__gp185466", "name": "Angasule", "unit_type": "gram_panchayat", "area_km2": 2.806, "centroid_lat": 18.09478, "centroid_lon": 73.76117, "terrain": {"elevation_m": 630.5068015791926, "slope_deg": 2.2021028723851095, "monsoon_exposure": -0.037666883951414855, "ruggedness_m": 52.395008500392855, "roughness_m": 43.617105881878636, "local_relief_m": 112.01293727589359, "distance_to_coast_km": 72.90091637713836, "upwind_barrier_m": 537.7384308673372, "downwind_rise_m": 75.80283991813349, "upwind_max_elev_m": 1168.2452324465298}, "block_id": "IND.20.26.2_1", "block_name": "Bhor", "district": "Pune"}}, {"type": "Feature", "geometry": {"type": "Polygon", "coordinates": [[[73.76253, 18.13444], [73.76307, 18.13336], [73.76253, 18.12378], [73.76014, 18.12335], [73.76018, 18.12233], [73.75968, 18.12193], [73.75993, 18.12103], [73.76127, 18.12096], [73.76055, 18.11966], [73.76242, 18.11738], [73.76187, 18.11686], [73.76084, 18.117], [73.76101, 18.11641], [73.7626, 18.11672], [73.76163, 18.11431], [73.76252, 18.112], [73.76207, 18.10908], [73.76309, 18.10912], [73.76109, 18.10718], [73.76082, 18.10532], [73.76121, 18.10271], [73.75989, 18.10348], [73.75841, 18.10523], [73.75401, 18.10709], [73.75202, 18.10986], [73.749, 18.10877], [73.74842, 18.11025], [73.74704, 18.11066], [73.74678, 18.11329], [73.74722, 18.11441], [73.74572, 18.11819], [73.74635, 18.12342], [73.74624, 18.12657], [73.74768, 18.12977], [73.74745, 18.1304], [73.74806, 18.13204], [73.74744, 18.13273], [73.74778, 18.13402], [73.74733, 18.13488], [73.74783, 18.13657], [73.75032, 18.13638], [73.75165, 18.13477], [73.75361, 18.13534], [73.75653, 18.13473], [73.75804, 18.13507], [73.76051, 18.13419], [73.761, 18.13464], [73.76253, 18.13444]]]}, "properties": {"panchayat_id": "IND.20.26.2_1__gp185467", "name": "Apti", "unit_type": "gram_panchayat", "area_km2": 4.869, "centroid_lat": 18.1212, "centroid_lon": 73.75464, "terrain": {"elevation_m": 651.6403868685894, "slope_deg": 4.469704751694348, "monsoon_exposure": 0.03363704917489649, "ruggedness_m": 74.41068679234634, "roughness_m": 45.80207874764406, "local_relief_m": 162.0132330769968, "distance_to_coast_km": 71.80190244026794, "upwind_barrier_m": 244.34035417662506, "downwind_rise_m": 184.90120010045632, "upwind_max_elev_m": 895.9807410452145}, "block_id": "IND.20.26.2_1", "block_name": "Bhor", "district": "Pune"}}, {"type": "Feature", "geometry": {"type": "Polygon", "coordinates": [[[73.61863, 18.12277], [73.62003, 18.12313], [73.62375, 18.12263], [73.62665, 18.12294], [73.62671, 18.12237], [73.63042, 18.11954], [73.63179, 18.11967], [73.63401, 18.11837], [73.63694, 18.11865], [73.64063, 18.11675], [73.64092, 18.11331], [73.63998, 18.1114], [73.63889, 18.11134], [73.63723, 18.10961], [73.63602, 18.10962], [73.63502, 18.10789], [73.62911, 18.10706], [73.62803, 18.1075], [73.62783, 18.10716], [73.62596, 18.10743], [73.62334, 18.10612], [73.61786, 18.11122], [73.61805, 18.11402], [73.61942, 18.11581], [73.61854, 18.11859], [73.61863, 18.12277]]]}, "properties": {"panchayat_id": "IND.20.26.2_1__gp185468", "name": "Ashimpi", "unit_type": "gram_panchayat", "area_km2": 3.063, "centroid_lat": 18.11445, "centroid_lon": 73.62818, "terrain": {"elevation_m": 667.1809340282026, "slope_deg": 10.339314039496967, "monsoon_exposure": 0.026093727431053974, "ruggedness_m": 163.88923422610077, "roughness_m": 82.75369230519301, "local_relief_m": 459.33039443725346, "distance_to_coast_km": 58.86363193861307, "upwind_barrier_m": 149.34215782284423, "downwind_rise_m": 373.25408930172705, "upwind_max_elev_m": 816.5230918510468}, "block_id": "IND.20.26.2_1", "block_name": "Bhor", "district": "Pune"}}, {"type": "Feature", "geometry": {"type": "Polygon", "coordinates": [[[73.82231, 18.12538], [73.82331, 18.12379], [73.83023, 18.11935], [73.83226, 18.11853], [73.83733, 18.11925], [73.83823, 18.1207], [73.84067, 18.11719], [73.84002, 18.11703], [73.84177, 18.11611], [73.83767, 18.1126], [73.8343, 18.113], [73.82959, 18.10924], [73.82797, 18.10356], [73.83161, 18.10121], [73.83437, 18.10052], [73.83802, 18.10029], [73.84052, 18.10164], [73.84262, 18.10102], [73.84387, 18.10019], [73.84366, 18.09942], [73.8446, 18.0976], [73.84347, 18.0939], [73.84213, 18.09438], [73.84231, 18.09255], [73.84274, 18.09235], [73.84235, 18.09214], [73.8397, 18.09205], [73.83749, 18.09134], [73.83723, 18.09009], [73.83535, 18.08984], [73.83422, 18.09], [73.83417, 18.09048], [73.82957, 18.08882], [73.82891, 18.08891], [73.82906, 18.0894], [73.82808, 18.0895], [73.82777, 18.08888], [73.82528, 18.08796], [73.82578, 18.08734], [73.82528, 18.08723], [73.82546, 18.08688], [73.82432, 18.08651], [73.82441, 18.08693], [73.82302, 18.08689], [73.82277, 18.08608], [73.8217, 18.0859], [73.82027, 18.0867], [73.81924, 18.08517], [73.8189, 18.08587], [73.81809, 18.08461], [73.81673, 18.0844], [73.81615, 18.08284], [73.81388, 18.08068], [73.81294, 18.08106], [73.81309, 18.0829], [73.81251, 18.08527], [73.81305, 18.08624], [73.81295, 18.08829], [73.81183, 18.08999], [73.81201, 18.09378], [73.81311, 18.09383], [73.81334, 18.09496], [73.81286, 18.0956], [73.81232, 18.09486], [73.81139, 18.09577], [73.80988, 18.09561], [73.80953, 18.09655], [73.80904, 18.09666], [73.80913, 18.09767], [73.81238, 18.09749], [73.81273, 18.0988], [73.81483, 18.10036], [73.81372, 18.10101], [73.81358, 18.10175], [73.81666, 18.10191], [73.81744, 18.1035], [73.81636, 18.1037], [73.81601, 18.10443], [73.81912, 18.10729], [73.81955, 18.10866], [73.82165, 18.1095], [73.82127, 18.11016], [73.82162, 18.11065], [73.82049, 18.11128], [73.82247, 18.11225], [73.82017, 18.11386], [73.82258, 18.11472], [73.82303, 18.11595], [73.82122, 18.11697], [73.82088, 18.11766], [73.82135, 18.1187], [73.8232, 18.11946], [73.82264, 18.12049], [73.82307, 18.12148], [73.82192, 18.12157], [73.82199, 18.12253], [73.82092, 18.1251], [73.82231, 18.12538]]]}, "properties": {"panchayat_id": "IND.20.26.2_1__gp185469", "name": "Bajarwadi", "unit_type": "gram_panchayat", "area_km2": 7.751, "centroid_lat": 18.10123, "centroid_lon": 73.82628, "terrain": {"elevation_m": 877.1836933328975, "slope_deg": 5.122801590594242, "monsoon_exposure": -0.04708951692218331, "ruggedness_m": 117.23590481698994, "roughness_m": 114.42652307168366, "local_relief_m": 169.29013775771818, "distance_to_coast_km": 79.50286553087525, "upwind_barrier_m": 490.61877713665194, "downwind_rise_m": 0.0, "upwind_max_elev_m": 1367.8024704695495}, "block_id": "IND.20.26.2_1", "block_name": "Bhor", "district": "Pune"}}, {"type": "Feature", "geometry": {"type": "Polygon", "coordinates": [[[73.86958, 18.06866], [73.87148, 18.06673], [73.87129, 18.06531], [73.87021, 18.06374], [73.87125, 18.06216], [73.87063, 18.06103], [73.87164, 18.05524], [73.86946, 18.05139], [73.86953, 18.0491], [73.8702, 18.04787], [73.86865, 18.04691], [73.86441, 18.04642], [73.85569, 18.0549], [73.85366, 18.05583], [73.85307, 18.05935], [73.85266, 18.0593], [73.85227, 18.06107], [73.8511, 18.06312], [73.84945, 18.06487], [73.84937, 18.06633], [73.84973, 18.06633], [73.85029, 18.06857], [73.85108, 18.0685], [73.85171, 18.07133], [73.85318, 18.07006], [73.85438, 18.07024], [73.85558, 18.06976], [73.85845, 18.06818], [73.85982, 18.06687], [73.86092, 18.06701], [73.86141, 18.06663], [73.86357, 18.06761], [73.86477, 18.0673], [73.86621, 18.06805], [73.86958, 18.06866]]]}, "properties": {"panchayat_id": "IND.20.26.2_1__gp185470", "name": "Balawadi", "unit_type": "gram_panchayat", "area_km2": 3.914, "centroid_lat": 18.05952, "centroid_lon": 73.86186, "terrain": {"elevation_m": 800.8229370107252, "slope_deg": 12.444612536107192, "monsoon_exposure": 0.14932522530937278, "ruggedness_m": 241.49368620945623, "roughness_m": 149.73111647338845, "local_relief_m": 507.77700976142523, "distance_to_coast_km": 83.9253322502492, "upwind_barrier_m": 520.1123258602044, "downwind_rise_m": 51.332867555237385, "upwind_max_elev_m": 1320.9352628709296}, "block_id": "IND.20.26.2_1", "block_name": "Bhor", "district": "Pune"}}, {"type": "Feature", "geometry": {"type": "Polygon", "coordinates": [[[73.82136, 18.19111], [73.82178, 18.19007], [73.82085, 18.18804], [73.82072, 18.1865], [73.82011, 18.18589], [73.82102, 18.18427], [73.82188, 18.18531], [73.8226, 18.1854], [73.82361, 18.18685], [73.82437, 18.18656], [73.8252, 18.18504], [73.82567, 18.18547], [73.82922, 18.18444], [73.83009, 18.18298], [73.8311, 18.18271], [73.83251, 18.18307], [73.831, 18.18151], [73.82564, 18.18163], [73.82418, 18.18118], [73.8219, 18.1784], [73.82142, 18.17663], [73.81907, 18.17418], [73.81575, 18.16915], [73.81478, 18.17037], [73.813, 18.17127], [73.80844, 18.17194], [73.80811, 18.17251], [73.80681, 18.17285], [73.80214, 18.17735], [73.80177, 18.17933], [73.80423, 18.17953], [73.80719, 18.18073], [73.81075, 18.18094], [73.81411, 18.18211], [73.8174, 18.18492], [73.81962, 18.1891], [73.82136, 18.19111]]]}, "properties": {"panchayat_id": "IND.20.26.2_1__gp185471", "name": "Bare Bk.", "unit_type": "gram_panchayat", "area_km2": 2.612, "centroid_lat": 18.17885, "centroid_lon": 73.8157, "terrain": {"elevation_m": 634.92968640794, "slope_deg": 3.679804136252774, "monsoon_exposure": -0.059332670064494664, "ruggedness_m": 54.446669967463656, "roughness_m": 47.52462845129441, "local_relief_m": 124.8784612232148, "distance_to_coast_km": 77.47878761231844, "upwind_barrier_m": 178.24939564020895, "downwind_rise_m": 201.79094515116742, "upwind_max_elev_m": 813.179082048149}, "block_id": "IND.20.26.2_1", "block_name": "Bhor", "district": "Pune"}}, {"type": "Feature", "geometry": {"type": "Polygon", "coordinates": [[[73.83182, 18.178], [73.83253, 18.17344], [73.83201, 18.17189], [73.8325, 18.17048], [73.83121, 18.16746], [73.82758, 18.16822], [73.82401, 18.16739], [73.82097, 18.16838], [73.81683, 18.17075], [73.81907, 18.17418], [73.82142, 18.17663], [73.8219, 18.1784], [73.82418, 18.18118], [73.82564, 18.18163], [73.831, 18.18151], [73.83251, 18.18307], [73.83313, 18.1822], [73.83288, 18.18126], [73.831, 18.17894], [73.83182, 18.178]]]}, "properties": {"panchayat_id": "IND.20.26.2_1__gp185472", "name": "Bare Kh", "unit_type": "gram_panchayat", "area_km2": 1.842, "centroid_lat": 18.17414, "centroid_lon": 73.82604, "terrain": {"elevation_m": 629.0245490149487, "slope_deg": 0.9232277666702746, "monsoon_exposure": -0.012596552048412634, "ruggedness_m": 14.242607662242898, "roughness_m": 9.459635429754762, "local_relief_m": 45.97714545756287, "distance_to_coast_km": 78.59048226591149, "upwind_barrier_m": 302.95622914022135, "downwind_rise_m": 134.03404085963075, "upwind_max_elev_m": 931.98077815517}, "block_id": "IND.20.26.2_1", "block_name": "Bhor", "district": "Pune"}}, {"type": "Feature", "geometry": {"type": "Polygon", "coordinates": [[[73.85221, 18.21084], [73.85675, 18.20775], [73.85828, 18.2076], [73.85766, 18.20412], [73.85731, 18.20288], [73.85515, 18.20015], [73.85406, 18.19552], [73.85269, 18.19386], [73.85201, 18.19158], [73.8523, 18.18977], [73.85177, 18.1885], [73.85072, 18.1878], [73.85131, 18.18763], [73.85128, 18.18708], [73.85011, 18.1861], [73.8489, 18.18599], [73.84862, 18.18466], [73.84785, 18.18426], [73.8468, 18.18481], [73.84583, 18.18325], [73.84482, 18.18272], [73.84415, 18.1833], [73.84361, 18.18615], [73.84182, 18.18623], [73.84145, 18.18677], [73.84153, 18.18753], [73.84234, 18.18815], [73.84159, 18.18908], [73.8423, 18.18973], [73.84279, 18.1895], [73.84358, 18.1916], [73.84415, 18.19196], [73.84432, 18.19493], [73.84492, 18.19562], [73.84452, 18.19668], [73.84729, 18.20031], [73.84699, 18.20041], [73.84774, 18.20149], [73.84819, 18.20429], [73.84988, 18.20791], [73.85221, 18.21084]]]}, "properties": {"panchayat_id": "IND.20.26.2_1__gp185473", "name": "Bramhanghar V.K.", "unit_type": "gram_panchayat", "area_km2": 2.451, "centroid_lat": 18.19682, "centroid_lon": 73.84988, "terrain": {"elevation_m": 659.5768414738754, "slope_deg": 5.070603700312163, "monsoon_exposure": 0.06390524774070926, "ruggedness_m": 91.60189219797476, "roughness_m": 44.5694467669902, "local_relief_m": 256.3052672212374, "distance_to_coast_km": 80.93383256642794, "upwind_barrier_m": 217.01814651049744, "downwind_rise_m": 286.88843974896974, "upwind_max_elev_m": 876.5949879843729}, "block_id": "IND.20.26.2_1", "block_name": "Bhor", "district": "Pune"}}, {"type": "Feature", "geometry": {"type": "Polygon", "coordinates": [[[73.84777, 18.17317], [73.84799, 18.16992], [73.84742, 18.16896], [73.84543, 18.16862], [73.8406, 18.16946], [73.83922, 18.1691], [73.83803, 18.16945], [73.83627, 18.16915], [73.83442, 18.16805], [73.83121, 18.16746], [73.8325, 18.17048], [73.83201, 18.17189], [73.83253, 18.17344], [73.83188, 18.17614], [73.8336, 18.17796], [73.83527, 18.17869], [73.83708, 18.17798], [73.83653, 18.17569], [73.83827, 18.1751], [73.83822, 18.17465], [73.83966, 18.17495], [73.8402, 18.17274], [73.84176, 18.17294], [73.84403, 18.17105], [73.84474, 18.17199], [73.84713, 18.17238], [73.84777, 18.17317]]]}, "properties": {"panchayat_id": "IND.20.26.2_1__gp185474", "name": "Basarapur", "unit_type": "gram_panchayat", "area_km2": 1.035, "centroid_lat": 18.17224, "centroid_lon": 73.83803, "terrain": {"elevation_m": 625.417177688448, "slope_deg": 0.6683724432495317, "monsoon_exposure": -0.011513880601296994, "ruggedness_m": 12.148666700016486, "roughness_m": 8.729423206663268, "local_relief_m": 35.33065894191452, "distance_to_coast_km": 79.851834680359, "upwind_barrier_m": 263.37970119405793, "downwind_rise_m": 195.10673489616943, "upwind_max_elev_m": 888.7968788825059}, "block_id": "IND.20.26.2_1", "block_name": "Bhor", "district": "Pune"}}, {"type": "Feature", "geometry": {"type": "Polygon", "coordinates": [[[73.84937, 18.13012], [73.85113, 18.12784], [73.85486, 18.12828], [73.85488, 18.12587], [73.85361, 18.1241], [73.85423, 18.1202], [73.85383, 18.11903], [73.84829, 18.1178], [73.8486, 18.11727], [73.84646, 18.11638], [73.84383, 18.11803], [73.84067, 18.11719], [73.83823, 18.1207], [73.83889, 18.12195], [73.842, 18.12449], [73.84283, 18.12723], [73.84363, 18.12809], [73.84937, 18.13012]]]}, "properties": {"panchayat_id": "IND.20.26.2_1__gp185475", "name": "Bhabavadi", "unit_type": "gram_panchayat", "area_km2": 1.67, "centroid_lat": 18.12292, "centroid_lon": 73.84718, "terrain": {"elevation_m": 665.9052860955247, "slope_deg": 2.8029718926249076, "monsoon_exposure": -0.048594707484745446, "ruggedness_m": 56.308482923193544, "roughness_m": 34.61024342024061, "local_relief_m": 163.38062324793782, "distance_to_coast_km": 81.3593629806739, "upwind_barrier_m": 496.6454629257845, "downwind_rise_m": 6.58132826403255, "upwind_max_elev_m": 1162.5507490213092}, "block_id": "IND.20.26.2_1", "block_name": "Bhor", "district": "Pune"}}, {"type": "Feature", "geometry": {"type": "Polygon", "coordinates": [[[73.99044, 18.18241], [73.99906, 18.17935], [74.00045, 18.17844], [74.00232, 18.17484], [74.007, 18.17435], [74.00703, 18.17312], [74.00607, 18.17048], [74.00658, 18.16916], [74.00591, 18.16877], [74.0074, 18.16409], [74.00653, 18.16331], [74.00549, 18.16048], [74.00456, 18.16098], [74.0014, 18.15999], [73.99475, 18.15431], [73.99344, 18.15448], [73.9941, 18.15263], [73.99535, 18.15236], [73.9943, 18.15113], [73.99217, 18.15035], [73.991, 18.15122], [73.98955, 18.15099], [73.98907, 18.1502], [73.98882, 18.15105], [73.98798, 18.14959], [73.98801, 18.15118], [73.98591, 18.15065], [73.98487, 18.15088], [73.98537, 18.15671], [73.98716, 18.16127], [73.98914, 18.16888], [73.99044, 18.18241]]]}, "properties": {"panchayat_id": "IND.20.26.2_1__gp185476", "name": "Bhambavade", "unit_type": "gram_panchayat", "area_km2": 4.872, "centroid_lat": 18.16608, "centroid_lon": 73.9956, "terrain": {"elevation_m": 595.201720341397, "slope_deg": 0.830395732617814, "monsoon_exposure": 0.0027070295835176054, "ruggedness_m": 12.0096452843531, "roughness_m": 3.3524002569574263, "local_relief_m": 35.34053534222744, "distance_to_coast_km": 96.28809564776165, "upwind_barrier_m": 746.179801509481, "downwind_rise_m": 140.1511202919329, "upwind_max_elev_m": 1341.381521850878}, "block_id": "IND.20.26.2_1", "block_name": "Bhor", "district": "Pune"}}, {"type": "Feature", "geometry": {"type": "Polygon", "coordinates": [[[73.74582, 18.1059], [73.75003, 18.10934], [73.75202, 18.10986], [73.75401, 18.10709], [73.75841, 18.10523], [73.75989, 18.10348], [73.75927, 18.10266], [73.75811, 18.10312], [73.75572, 18.10181], [73.75499, 18.09981], [73.75541, 18.09855], [73.75335, 18.09575], [73.7508, 18.09583], [73.74799, 18.0946], [73.747, 18.0949], [73.74468, 18.09327], [73.74157, 18.09639], [73.74138, 18.09986], [73.74048, 18.10109], [73.74021, 18.10329], [73.74091, 18.10759], [73.74582, 18.1059]]]}, "properties": {"panchayat_id": "IND.20.26.2_1__gp185477", "name": "Bhavekhal", "unit_type": "gram_panchayat", "area_km2": 2.173, "centroid_lat": 18.10174, "centroid_lon": 73.74865, "terrain": {"elevation_m": 641.7993831798493, "slope_deg": 3.131838455600744, "monsoon_exposure": -0.036332136769826016, "ruggedness_m": 44.33805755630106, "roughness_m": 28.875636021408077, "local_relief_m": 110.76161968091697, "distance_to_coast_km": 71.48818589981055, "upwind_barrier_m": 284.77813172915296, "downwind_rise_m": 36.770387477399936, "upwind_max_elev_m": 926.5775149090023}, "block_id": "IND.20.26.2_1", "block_name": "Bhor", "district": "Pune"}}, {"type": "Feature", "geometry": {"type": "Polygon", "coordinates": [[[73.85409, 18.15959], [73.85824, 18.15607], [73.85761, 18.15518], [73.85498, 18.14551], [73.85326, 18.14406], [73.85282, 18.14304], [73.85296, 18.1425], [73.85385, 18.14282], [73.85464, 18.14148], [73.85311, 18.14119], [73.85256, 18.13726], [73.85162, 18.13785], [73.85154, 18.13607], [73.85072, 18.13398], [73.84885, 18.13225], [73.84931, 18.13201], [73.84939, 18.1316], [73.84885, 18.13158], [73.84937, 18.13012], [73.84363, 18.12809], [73.84283, 18.12723], [73.842, 18.12449], [73.83889, 18.12195], [73.83733, 18.11925], [73.83226, 18.11853], [73.83023, 18.11935], [73.82308, 18.12398], [73.82231, 18.12538], [73.82199, 18.12789], [73.82462, 18.12963], [73.83005, 18.13721], [73.83128, 18.13743], [73.83225, 18.13851], [73.83248, 18.14128], [73.83148, 18.14446], [73.83066, 18.14536], [73.83122, 18.14627], [73.83068, 18.14635], [73.83074, 18.14786], [73.82987, 18.14928], [73.83014, 18.14951], [73.83049, 18.14907], [73.83128, 18.14988], [73.83107, 18.15182], [73.8332, 18.15221], [73.83458, 18.15485], [73.83613, 18.15613], [73.83555, 18.1565], [73.83368, 18.16307], [73.83151, 18.16751], [73.83442, 18.16805], [73.83627, 18.16915], [73.83803, 18.16945], [73.83922, 18.1691], [73.8406, 18.16946], [73.84543, 18.16862], [73.84742, 18.16896], [73.84819, 18.1681], [73.85007, 18.16751], [73.8509, 18.16768], [73.85303, 18.16547], [73.85555, 18.16475], [73.85341, 18.16122], [73.85409, 18.15959]]]}, "properties": {"panchayat_id": "IND.20.26.2_1__gp185478", "name": "Bholavade", "unit_type": "gram_panchayat", "area_km2": 11.841, "centroid_lat": 18.14476, "centroid_lon": 73.84107, "terrain": {"elevation_m": 628.5455598091125, "slope_deg": 1.2755184561984918, "monsoon_exposure": -0.005226208076654711, "ruggedness_m": 26.8230450271564, "roughness_m": 16.456620204474955, "local_relief_m": 84.51351561243223, "distance_to_coast_km": 80.44407413073715, "upwind_barrier_m": 253.58380452207734, "downwind_rise_m": 44.58929022800169, "upwind_max_elev_m": 882.1293643311899}, "block_id": "IND.20.26.2_1", "block_name": "Bhor", "district": "Pune"}}, {"type": "Feature", "geometry": {"type": "Polygon", "coordinates": [[[73.97996, 18.22932], [73.98441, 18.22596], [73.98945, 18.22426], [73.99653, 18.2198], [73.99651, 18.21718], [73.99724, 18.21669], [74.0066, 18.21385], [74.00808, 18.21211], [74.01193, 18.21089], [74.01287, 18.21101], [74.0147, 18.20935], [74.01618, 18.20551], [74.02067, 18.20546], [74.0236, 18.20369], [74.0241, 18.20235], [74.02502, 18.20152], [74.02765, 18.20083], [74.02882, 18.19995], [74.0297, 18.19861], [74.03028, 18.19708], [74.03051, 18.19296], [74.0273, 18.191], [74.02716, 18.19003], [74.02445, 18.18812], [74.0214, 18.18707], [74.01664, 18.1866], [74.01237, 18.17614], [74.01138, 18.17602], [74.01098, 18.17507], [74.00727, 18.17541], [74.007, 18.17435], [74.00232, 18.17484], [74.00045, 18.17844], [73.99906, 18.17935], [73.98631, 18.18373], [73.98259, 18.18471], [73.98113, 18.18457], [73.98046, 18.19137], [73.97794, 18.19373], [73.97476, 18.19492], [73.97314, 18.19639], [73.97201, 18.20126], [73.96869, 18.20572], [73.96869, 18.20902], [73.96749, 18.20892], [73.97195, 18.2142], [73.97414, 18.21818], [73.97846, 18.2219], [73.9785, 18.22408], [73.97996, 18.22932]]]}, "properties": {"panchayat_id": "IND.20.26.2_1__gp185479", "name": "Bhongvali", "unit_type": "gram_panchayat", "area_km2": 20.754, "centroid_lat": 18.20009, "centroid_lon": 73.99726, "terrain": {"elevation_m": 652.1095895069639, "slope_deg": 1.6660330908764116, "monsoon_exposure": 0.0009391423318859727, "ruggedness_m": 39.22758981486116, "roughness_m": 21.692758882555886, "local_relief_m": 104.28333218657963, "distance_to_coast_km": 96.2762758238696, "upwind_barrier_m": 484.43036237487104, "downwind_rise_m": 220.97328103308496, "upwind_max_elev_m": 1136.539951881835}, "block_id": "IND.20.26.2_1", "block_name": "Bhor", "district": "Pune"}}, {"type": "Feature", "geometry": {"type": "Polygon", "coordinates": [[[73.68523, 18.20691], [73.68931, 18.20686], [73.69224, 18.20564], [73.69288, 18.20613], [73.69666, 18.20599], [73.7017, 18.19986], [73.70205, 18.19912], [73.70197, 18.19567], [73.69749, 18.19782], [73.6957, 18.19264], [73.69424, 18.19127], [73.69073, 18.18936], [73.68872, 18.18946], [73.68596, 18.19054], [73.68436, 18.19182], [73.68278, 18.19207], [73.67983, 18.19175], [73.67646, 18.18979], [73.6717, 18.1889], [73.67039, 18.18939], [73.66825, 18.19135], [73.66622, 18.19159], [73.66511, 18.19123], [73.66384, 18.19214], [73.66018, 18.19239], [73.65556, 18.19469], [73.6502, 18.19405], [73.64787, 18.19501], [73.64686, 18.19634], [73.64582, 18.1964], [73.64509, 18.1971], [73.64483, 18.19858], [73.64304, 18.20045], [73.64162, 18.20067], [73.6408, 18.20157], [73.6399, 18.20471], [73.63896, 18.20524], [73.63846, 18.20619], [73.63958, 18.20823], [73.64073, 18.20862], [73.64443, 18.21332], [73.646, 18.21284], [73.64696, 18.21532], [73.64838, 18.21677], [73.65261, 18.21971], [73.65369, 18.21999], [73.65395, 18.22054], [73.65698, 18.22125], [73.65945, 18.22527], [73.65952, 18.22627], [73.66152, 18.22904], [73.66271, 18.22892], [73.66311, 18.22781], [73.66578, 18.22733], [73.66632, 18.22548], [73.66726, 18.22477], [73.66933, 18.22546], [73.67045, 18.22477], [73.67436, 18.21977], [73.67731, 18.21388], [73.68085, 18.21122], [73.68233, 18.20868], [73.68427, 18.20793], [73.68523, 18.20691]]]}, "properties": {"panchayat_id": "IND.20.26.2_1__gp185480", "name": "Bhutonde", "unit_type": "gram_panchayat", "area_km2": 15.492, "centroid_lat": 18.20529, "centroid_lon": 73.66821, "terrain": {"elevation_m": 663.7972778705844, "slope_deg": 5.284494159168173, "monsoon_exposure": 0.06976994845809238, "ruggedness_m": 99.64233143860858, "roughness_m": 72.26706059386613, "local_relief_m": 266.92376098276327, "distance_to_coast_km": 61.974447336440775, "upwind_barrier_m": 107.29395516481964, "downwind_rise_m": 87.46280167211444, "upwind_max_elev_m": 771.091233035404}, "block_id": "IND.20.26.2_1", "block_name": "Bhor", "district": "Pune"}}, {"type": "Feature", "geometry": {"type": "Polygon", "coordinates": [[[73.7909, 18.05574], [73.79258, 18.05426], [73.79268, 18.05268], [73.79492, 18.05062], [73.79599, 18.04638], [73.7978, 18.04252], [73.7992, 18.04084], [73.79691, 18.04119], [73.7963, 18.04051], [73.79553, 18.04052], [73.79673, 18.03983], [73.7965, 18.03825], [73.79954, 18.03827], [73.80161, 18.03293], [73.80343, 18.03112], [73.80499, 18.03068], [73.80273, 18.02815], [73.7981, 18.03085], [73.79777, 18.02954], [73.79556, 18.02786], [73.79406, 18.02936], [73.79064, 18.02819], [73.78933, 18.02834], [73.78775, 18.02887], [73.78652, 18.03088], [73.78689, 18.03243], [73.78758, 18.0328], [73.78448, 18.03386], [73.78515, 18.03513], [73.78489, 18.03583], [73.78296, 18.03574], [73.78088, 18.03296], [73.78106, 18.03131], [73.78006, 18.03147], [73.77879, 18.03392], [73.77974, 18.03027], [73.78147, 18.02932], [73.78224, 18.02681], [73.77756, 18.02558], [73.77523, 18.0284], [73.77493, 18.03121], [73.77545, 18.03349], [73.77528, 18.0391], [73.7762, 18.04066], [73.77801, 18.04199], [73.77968, 18.04238], [73.78122, 18.04192], [73.78184, 18.04237], [73.78189, 18.04464], [73.78353, 18.04533], [73.78585, 18.05081], [73.78747, 18.05076], [73.78915, 18.05378], [73.7909, 18.05574]]]}, "properties": {"panchayat_id": "IND.20.26.2_1__gp185481", "name": "Chikhalgaon", "unit_type": "gram_panchayat", "area_km2": 4.952, "centroid_lat": 18.03852, "centroid_lon": 73.78869, "terrain": {"elevation_m": 737.8939601068851, "slope_deg": 2.9059017140824244, "monsoon_exposure": -0.005757578788361985, "ruggedness_m": 72.80135277780492, "roughness_m": 44.88427489169714, "local_relief_m": 175.08997086274633, "distance_to_coast_km": 76.41707666837263, "upwind_barrier_m": 466.2715081829888, "downwind_rise_m": 150.5106982466865, "upwind_max_elev_m": 1204.1654682898738}, "block_id": "IND.20.26.2_1", "block_name": "Bhor", "district": "Pune"}}, {"type": "Feature", "geometry": {"type": "Polygon", "coordinates": [[[73.81964, 18.12516], [73.82092, 18.1251], [73.82199, 18.12253], [73.82192, 18.12157], [73.82307, 18.12148], [73.82264, 18.12049], [73.8232, 18.11946], [73.82135, 18.1187], [73.82088, 18.11766], [73.82122, 18.11697], [73.82303, 18.11595], [73.82258, 18.11472], [73.82017, 18.11386], [73.82247, 18.11225], [73.82049, 18.11128], [73.82162, 18.11065], [73.82127, 18.11016], [73.82165, 18.1095], [73.81955, 18.10866], [73.81912, 18.10729], [73.81601, 18.10443], [73.81636, 18.1037], [73.81744, 18.1035], [73.81666, 18.10191], [73.81298, 18.10182], [73.811, 18.10287], [73.8082, 18.10588], [73.80441, 18.10721], [73.80295, 18.11134], [73.80333, 18.11414], [73.80246, 18.11654], [73.80357, 18.11938], [73.80384, 18.12154], [73.80285, 18.12262], [73.81766, 18.12648], [73.81964, 18.12516]]]}, "properties": {"panchayat_id": "IND.20.26.2_1__gp185482", "name": "Chikhalavade", "unit_type": "gram_panchayat", "area_km2": 4.144, "centroid_lat": 18.11494, "centroid_lon": 73.81272, "terrain": {"elevation_m": 760.4505334910515, "slope_deg": 7.4794055738471945, "monsoon_exposure": 0.10667834726326503, "ruggedness_m": 129.2471221052224, "roughness_m": 43.19137600700628, "local_relief_m": 346.9200173054272, "distance_to_coast_km": 77.89828689889707, "upwind_barrier_m": 572.5590502201147, "downwind_rise_m": 0.0, "upwind_max_elev_m": 1333.0095837111662}, "block_id": "IND.20.26.2_1", "block_name": "Bhor", "district": "Pune"}}, {"type": "Feature", "geometry": {"type": "Polygon", "coordinates": [[[73.71013, 18.09795], [73.71709, 18.0983], [73.71852, 18.09316], [73.71795, 18.08882], [73.71832, 18.08707], [73.72052, 18.08631], [73.72191, 18.08461], [73.72239, 18.08183], [73.72418, 18.08023], [73.7229, 18.07561], [73.72272, 18.07202], [73.7213, 18.06794], [73.72144, 18.06605], [73.72047, 18.06544], [73.71946, 18.0619], [73.71744, 18.05915], [73.71622, 18.05426], [73.71347, 18.05314], [73.71281, 18.05317], [73.70932, 18.06073], [73.70898, 18.06379], [73.71014, 18.06585], [73.71007, 18.06659], [73.70558, 18.06438], [73.6997, 18.06363], [73.70251, 18.06967], [73.70546, 18.07335], [73.70612, 18.07686], [73.70754, 18.07766], [73.70805, 18.07898], [73.7084, 18.08307], [73.70586, 18.08887], [73.70627, 18.08933], [73.70562, 18.08926], [73.70617, 18.09064], [73.70725, 18.09158], [73.70835, 18.09474], [73.71013, 18.09795]]]}, "properties": {"panchayat_id": "IND.20.26.2_1__gp185483", "name": "Dapakeghar", "unit_type": "gram_panchayat", "area_km2": 6.571, "centroid_lat": 18.07625, "centroid_lon": 73.71348, "terrain": {"elevation_m": 691.9557700370384, "slope_deg": 3.611102812954912, "monsoon_exposure": -0.016649391951982687, "ruggedness_m": 97.5851572326552, "roughness_m": 69.56710067799243, "local_relief_m": 187.71057110815832, "distance_to_coast_km": 68.38640586724652, "upwind_barrier_m": 408.03695190932797, "downwind_rise_m": 74.7023293982046, "upwind_max_elev_m": 1099.9927219463664}, "block_id": "IND.20.26.2_1", "block_name": "Bhor", "district": "Pune"}}, {"type": "Feature", "geometry": {"type": "Polygon", "coordinates": [[[73.90687, 18.29011], [73.90244, 18.28347], [73.90145, 18.28273], [73.89976, 18.27755], [73.90105, 18.26853], [73.90189, 18.26716], [73.90539, 18.26521], [73.90523, 18.26461], [73.90408, 18.26268], [73.90084, 18.26017], [73.89962, 18.25767], [73.89908, 18.25845], [73.89895, 18.25796], [73.89828, 18.25795], [73.8935, 18.2586], [73.89027, 18.25829], [73.88944, 18.26036], [73.8893, 18.26274], [73.89003, 18.26371], [73.89004, 18.26645], [73.88911, 18.26628], [73.8886, 18.26705], [73.89037, 18.26987], [73.89147, 18.27099], [73.89247, 18.27108], [73.89164, 18.27247], [73.89058, 18.273], [73.89075, 18.27416], [73.88994, 18.27481], [73.89061, 18.27511], [73.89084, 18.27583], [73.88992, 18.27659], [73.8907, 18.28168], [73.89025, 18.28189], [73.89041, 18.28261], [73.88957, 18.28283], [73.88994, 18.28655], [73.88903, 18.28751], [73.89069, 18.29], [73.89041, 18.2906], [73.89146, 18.29095], [73.89293, 18.2903], [73.89476, 18.29111], [73.89556, 18.29065], [73.89636, 18.29098], [73.89785, 18.29062], [73.89887, 18.29122], [73.90156, 18.29152], [73.902, 18.29099], [73.90414, 18.29098], [73.90687, 18.29011]]]}, "properties": {"panchayat_id": "IND.20.26.2_1__gp185484", "name": "Degaon", "unit_type": "gram_panchayat", "area_km2": 4.491, "centroid_lat": 18.27501, "centroid_lon": 73.89631, "terrain": {"elevation_m": 735.0005944380546, "slope_deg": 1.6451330248224547, "monsoon_exposure": 0.02134329465240096, "ruggedness_m": 39.49783008162824, "roughness_m": 30.353212381578555, "local_relief_m": 86.19232992396519, "distance_to_coast_km": 85.87330561847456, "upwind_barrier_m": 241.8264122298815, "downwind_rise_m": 229.49700154546122, "upwind_max_elev_m": 976.8270066679361}, "block_id": "IND.20.26.2_1", "block_name": "Bhor", "district": "Pune"}}, {"type": "Feature", "geometry": {"type": "Polygon", "coordinates": [[[73.70749, 18.1792], [73.7089, 18.17796], [73.70972, 18.17837], [73.71065, 18.17993], [73.71231, 18.1801], [73.71405, 18.1786], [73.71514, 18.17677], [73.71871, 18.17519], [73.72055, 18.17242], [73.72225, 18.17083], [73.72291, 18.16771], [73.72238, 18.16694], [73.72241, 18.16528], [73.72302, 18.16408], [73.72258, 18.15953], [73.724, 18.1584], [73.72429, 18.1561], [73.72119, 18.15534], [73.7184, 18.15587], [73.71814, 18.15633], [73.71661, 18.1558], [73.71556, 18.15714], [73.71464, 18.15687], [73.7141, 18.15587], [73.71065, 18.15364], [73.70933, 18.15418], [73.70782, 18.15359], [73.70188, 18.15309], [73.70017, 18.14926], [73.69841, 18.1473], [73.68989, 18.14492], [73.68673, 18.14266], [73.68553, 18.14247], [73.68307, 18.14624], [73.68206, 18.15042], [73.68125, 18.15181], [73.68047, 18.15618], [73.67906, 18.15859], [73.6787, 18.16261], [73.67665, 18.16546], [73.67661, 18.16726], [73.6775, 18.16767], [73.67792, 18.16848], [73.67827, 18.17149], [73.67799, 18.17355], [73.67872, 18.17786], [73.68272, 18.18086], [73.68586, 18.18223], [73.68597, 18.18371], [73.68749, 18.18667], [73.68734, 18.1874], [73.68872, 18.18946], [73.69119, 18.18958], [73.69284, 18.18532], [73.6934, 18.18531], [73.69383, 18.18465], [73.69514, 18.18155], [73.69984, 18.17854], [73.70247, 18.17585], [73.70322, 18.17634], [73.70465, 18.18009], [73.70749, 18.1792]]]}, "properties": {"panchayat_id": "IND.20.26.2_1__gp185485", "name": "Dehen Gr.", "unit_type": "gram_panchayat", "area_km2": 14.723, "centroid_lat": 18.16539, "centroid_lon": 73.69796, "terrain": {"elevation_m": 852.4826730710006, "slope_deg": 4.649192241731112, "monsoon_exposure": -0.01656533494322248, "ruggedness_m": 116.96603334335202, "roughness_m": 84.06007298320203, "local_relief_m": 267.79034456224133, "distance_to_coast_km": 65.36546717525823, "upwind_barrier_m": 0.0, "downwind_rise_m": 0.0, "upwind_max_elev_m": 811.0245949341447}, "block_id": "IND.20.26.2_1", "block_name": "Bhor", "district": "Pune"}}, {"type": "Feature", "geometry": {"type": "Polygon", "coordinates": [[[73.93847, 18.21512], [73.9367, 18.21157], [73.93399, 18.20779], [73.93109, 18.20252], [73.92859, 18.19621], [73.92165, 18.19168], [73.91876, 18.19117], [73.91707, 18.19357], [73.9153, 18.19506], [73.91511, 18.19612], [73.91567, 18.19726], [73.91679, 18.19765], [73.91759, 18.19916], [73.91661, 18.20137], [73.91509, 18.20234], [73.91662, 18.20674], [73.91741, 18.20778], [73.92024, 18.20946], [73.92594, 18.21437], [73.93379, 18.22551], [73.9365, 18.22811], [73.93794, 18.23098], [73.93978, 18.22718], [73.93994, 18.21907], [73.93847, 18.21512]]]}, "properties": {"panchayat_id": "IND.20.26.2_1__gp185486", "name": "Dhangawadi", "unit_type": "gram_panchayat", "area_km2": 4.834, "centroid_lat": 18.20866, "centroid_lon": 73.92783, "terrain": {"elevation_m": 624.4318469832315, "slope_deg": 1.038392388346155, "monsoon_exposure": 0.01809834297918771, "ruggedness_m": 15.50047355187912, "roughness_m": 6.147866413550355, "local_relief_m": 48.46893666113294, "distance_to_coast_km": 89.01691390763891, "upwind_barrier_m": 330.1121918846833, "downwind_rise_m": 358.7733845815678, "upwind_max_elev_m": 954.5440388679148}, "block_id": "IND.20.26.2_1", "block_name": "Bhor", "district": "Pune"}}, {"type": "Feature", "geometry": {"type": "Polygon", "coordinates": [[[73.84274, 18.09235], [73.84643, 18.09119], [73.84454, 18.0902], [73.84353, 18.08898], [73.84358, 18.08795], [73.83852, 18.08396], [73.83736, 18.08355], [73.83611, 18.08199], [73.83211, 18.08106], [73.83012, 18.08007], [73.82797, 18.07985], [73.82711, 18.07915], [73.82497, 18.07944], [73.82156, 18.07853], [73.82013, 18.07771], [73.81894, 18.0784], [73.81914, 18.07888], [73.8187, 18.0792], [73.8179, 18.07891], [73.81388, 18.08068], [73.81615, 18.08284], [73.81673, 18.0844], [73.81809, 18.08461], [73.8189, 18.08587], [73.81924, 18.08517], [73.82027, 18.0867], [73.8217, 18.0859], [73.82277, 18.08608], [73.82302, 18.08689], [73.82441, 18.08693], [73.82432, 18.08651], [73.82546, 18.08688], [73.82528, 18.08723], [73.82578, 18.08734], [73.82528, 18.08796], [73.82777, 18.08888], [73.82808, 18.0895], [73.82906, 18.0894], [73.82891, 18.08891], [73.82957, 18.08882], [73.83417, 18.09048], [73.83422, 18.09], [73.83535, 18.08984], [73.83723, 18.09009], [73.83749, 18.09134], [73.84274, 18.09235]]]}, "properties": {"panchayat_id": "IND.20.26.2_1__gp185487", "name": "Dhavadi", "unit_type": "gram_panchayat", "area_km2": 2.454, "centroid_lat": 18.08492, "centroid_lon": 73.82975, "terrain": {"elevation_m": 760.7960660565432, "slope_deg": 1.0988870844829555, "monsoon_exposure": -0.00781283798657304, "ruggedness_m": 86.68267406596154, "roughness_m": 76.40210362453028, "local_relief_m": 285.616684392734, "distance_to_coast_km": 80.13499150518814, "upwind_barrier_m": 572.8988016660014, "downwind_rise_m": 0.0, "upwind_max_elev_m": 1333.6948677225446}, "block_id": "IND.20.26.2_1", "block_name": "Bhor", "district": "Pune"}}, {"type": "Feature", "geometry": {"type": "Polygon", "coordinates": [[[73.91259, 18.26201], [73.92391, 18.25671], [73.92793, 18.25352], [73.93251, 18.25114], [73.93254, 18.24771], [73.9319, 18.24428], [73.9307, 18.24175], [73.92789, 18.23946], [73.92676, 18.23628], [73.92177, 18.23641], [73.91722, 18.23764], [73.91696, 18.23901], [73.91308, 18.24197], [73.91193, 18.24368], [73.9086, 18.24561], [73.90941, 18.24674], [73.91058, 18.25059], [73.90946, 18.25459], [73.90976, 18.25884], [73.91214, 18.26071], [73.91259, 18.26201]]]}, "properties": {"panchayat_id": "IND.20.26.2_1__gp185488", "name": "Divale", "unit_type": "gram_panchayat", "area_km2": 4.595, "centroid_lat": 18.24844, "centroid_lon": 73.92021, "terrain": {"elevation_m": 661.9737188576488, "slope_deg": 1.910148891796373, "monsoon_exposure": -0.022965618173043965, "ruggedness_m": 48.577517461707586, "roughness_m": 38.92612645445442, "local_relief_m": 110.76957666623287, "distance_to_coast_km": 88.23257968717982, "upwind_barrier_m": 389.27612058248576, "downwind_rise_m": 405.7384508351562, "upwind_max_elev_m": 1051.2498394401346}, "block_id": "IND.20.26.2_1", "block_name": "Bhor", "district": "Pune"}}, {"type": "Feature", "geometry": {"type": "Polygon", "coordinates": [[[73.64484, 18.08485], [73.64765, 18.07723], [73.64685, 18.07634], [73.64584, 18.07668], [73.64524, 18.07622], [73.64584, 18.07454], [73.6453, 18.07404], [73.64441, 18.07371], [73.64262, 18.07417], [73.64257, 18.0725], [73.64131, 18.07198], [73.64072, 18.07107], [73.6387, 18.07077], [73.63797, 18.06926], [73.63689, 18.06895], [73.63757, 18.06759], [73.63691, 18.06688], [73.63538, 18.06699], [73.63378, 18.06567], [73.63215, 18.06529], [73.62836, 18.06274], [73.62779, 18.06183], [73.62461, 18.06038], [73.62167, 18.06012], [73.61555, 18.05726], [73.61485, 18.05849], [73.61363, 18.0584], [73.61262, 18.06126], [73.61274, 18.06267], [73.61458, 18.06728], [73.61459, 18.06841], [73.61504, 18.06936], [73.61938, 18.0725], [73.62094, 18.07782], [73.625, 18.07809], [73.63005, 18.07939], [73.63022, 18.08198], [73.62963, 18.08419], [73.62828, 18.08626], [73.62898, 18.08802], [73.62854, 18.09112], [73.62902, 18.09321], [73.63046, 18.09402], [73.63196, 18.09282], [73.63281, 18.09268], [73.63604, 18.09322], [73.63785, 18.09153], [73.63867, 18.09157], [73.64108, 18.09341], [73.64239, 18.09195], [73.64333, 18.09193], [73.64469, 18.0936], [73.64727, 18.09461], [73.64888, 18.09411], [73.65017, 18.09564], [73.6527, 18.09545], [73.65371, 18.09265], [73.65427, 18.09237], [73.65557, 18.09224], [73.65654, 18.0931], [73.65721, 18.09572], [73.6597, 18.09427], [73.65832, 18.09244], [73.65756, 18.08906], [73.65648, 18.08781], [73.65317, 18.08681], [73.65076, 18.08702], [73.64989, 18.08599], [73.64662, 18.0863], [73.64394, 18.08584], [73.64484, 18.08485]]]}, "properties": {"panchayat_id": "IND.20.26.2_1__gp185489", "name": "Durgadi", "unit_type": "gram_panchayat", "area_km2": 8.3, "centroid_lat": 18.07769, "centroid_lon": 73.63382, "terrain": {"elevation_m": 799.1570926825036, "slope_deg": 7.583118714684082, "monsoon_exposure": -0.10163517025277709, "ruggedness_m": 81.5422828923273, "roughness_m": 87.12044679863638, "local_relief_m": 285.0335032897068, "distance_to_coast_km": 60.240855038903526, "upwind_barrier_m": 121.41024257946583, "downwind_rise_m": 0.0, "upwind_max_elev_m": 920.5673352619694}, "block_id": "IND.20.26.2_1", "block_name": "Bhor", "district": "Pune"}}, {"type": "Feature", "geometry": {"type": "Polygon", "coordinates": [[[73.79436, 18.18211], [73.79814, 18.18155], [73.80064, 18.17953], [73.80177, 18.17933], [73.80214, 18.17735], [73.80681, 18.17285], [73.80811, 18.17251], [73.80844, 18.17194], [73.813, 18.17127], [73.81478, 18.17037], [73.81499, 18.1612], [73.81623, 18.15734], [73.81332, 18.15473], [73.81178, 18.15242], [73.81141, 18.15329], [73.81072, 18.1534], [73.81114, 18.15366], [73.80989, 18.1542], [73.80816, 18.15593], [73.80827, 18.15633], [73.80749, 18.15613], [73.80633, 18.15702], [73.80637, 18.15755], [73.80575, 18.15748], [73.80566, 18.15804], [73.80404, 18.15808], [73.80387, 18.15854], [73.80023, 18.16041], [73.8005, 18.16094], [73.79963, 18.16154], [73.79979, 18.1632], [73.79874, 18.16424], [73.80009, 18.16649], [73.79981, 18.16819], [73.79954, 18.16888], [73.79854, 18.16939], [73.79852, 18.17042], [73.79795, 18.17038], [73.79667, 18.17169], [73.79689, 18.17388], [73.79436, 18.18211]]]}, "properties": {"panchayat_id": "IND.20.26.2_1__gp185490", "name": "Gawadi", "unit_type": "gram_panchayat", "area_km2": 3.492, "centroid_lat": 18.16678, "centroid_lon": 73.80593, "terrain": {"elevation_m": 640.3114932264435, "slope_deg": 3.724361947072299, "monsoon_exposure": 0.024818367885528412, "ruggedness_m": 46.98940496151918, "roughness_m": 31.750359973894938, "local_relief_m": 142.29270440378832, "distance_to_coast_km": 76.56285592229477, "upwind_barrier_m": 192.8750404670726, "downwind_rise_m": 72.0192141813717, "upwind_max_elev_m": 833.1865336935161}, "block_id": "IND.20.26.2_1", "block_name": "Bhor", "district": "Pune"}}, {"type": "Feature", "geometry": {"type": "Polygon", "coordinates": [[[73.78662, 18.21312], [73.7844, 18.21414], [73.78408, 18.21384], [73.78493, 18.21084], [73.78238, 18.21106], [73.78206, 18.2119], [73.78019, 18.21289], [73.77927, 18.21098], [73.77691, 18.21112], [73.77591, 18.21197], [73.77774, 18.2148], [73.77742, 18.21547], [73.77782, 18.21574], [73.77804, 18.21782], [73.7798, 18.21856], [73.77937, 18.21871], [73.77977, 18.21908], [73.77955, 18.21986], [73.78009, 18.22023], [73.78007, 18.22209], [73.78086, 18.2235], [73.78352, 18.22465], [73.78409, 18.2256], [73.78706, 18.2271], [73.78759, 18.22793], [73.78739, 18.22966], [73.78793, 18.23078], [73.79058, 18.23445], [73.7927, 18.23535], [73.79407, 18.23793], [73.79507, 18.2372], [73.79708, 18.23708], [73.80009, 18.23846], [73.80197, 18.23806], [73.8027, 18.23745], [73.80456, 18.23787], [73.80928, 18.23702], [73.81042, 18.23353], [73.81178, 18.23226], [73.81167, 18.23163], [73.80642, 18.22572], [73.80365, 18.21936], [73.80223, 18.21827], [73.79918, 18.21382], [73.79767, 18.21317], [73.7969, 18.21012], [73.79492, 18.21269], [73.79423, 18.21283], [73.79403, 18.21384], [73.79455, 18.21445], [73.79401, 18.2144], [73.79378, 18.21489], [73.79421, 18.21521], [73.79339, 18.21621], [73.79249, 18.21589], [73.79216, 18.21647], [73.79086, 18.21474], [73.78996, 18.2161], [73.78773, 18.2168], [73.78716, 18.21617], [73.78662, 18.21312]]]}, "properties": {"panchayat_id": "IND.20.26.2_1__gp185491", "name": "Goradmhasavali", "unit_type": "gram_panchayat", "area_km2": 6.085, "centroid_lat": 18.22481, "centroid_lon": 73.79478, "terrain": {"elevation_m": 665.1726347473736, "slope_deg": 6.996430848330052, "monsoon_exposure": 0.06665974033245656, "ruggedness_m": 103.93175101266384, "roughness_m": 59.21674755352924, "local_relief_m": 243.19010847395668, "distance_to_coast_km": 75.1269896210342, "upwind_barrier_m": 115.9868328289715, "downwind_rise_m": 294.80011467973554, "upwind_max_elev_m": 781.1594675763452}, "block_id": "IND.20.26.2_1", "block_name": "Bhor", "district": "Pune"}}, {"type": "Feature", "geometry": {"type": "Polygon", "coordinates": [[[73.87401, 18.09539], [73.87426, 18.09456], [73.87368, 18.09316], [73.87937, 18.08677], [73.88032, 18.08647], [73.87942, 18.08483], [73.87327, 18.07958], [73.87203, 18.07912], [73.87079, 18.07768], [73.86822, 18.07997], [73.86284, 18.08169], [73.86249, 18.08292], [73.86137, 18.08383], [73.85726, 18.08562], [73.85749, 18.08639], [73.85475, 18.08712], [73.85432, 18.08881], [73.85467, 18.09218], [73.85837, 18.09156], [73.86116, 18.09238], [73.8638, 18.09123], [73.86677, 18.09102], [73.86992, 18.09243], [73.87401, 18.09539]]]}, "properties": {"panchayat_id": "IND.20.26.2_1__gp185492", "name": "Gokavadi", "unit_type": "gram_panchayat", "area_km2": 2.671, "centroid_lat": 18.08664, "centroid_lon": 73.86782, "terrain": {"elevation_m": 766.0014508262038, "slope_deg": 7.190108980813435, "monsoon_exposure": 0.06021307747551947, "ruggedness_m": 106.62794691011459, "roughness_m": 85.75410126616077, "local_relief_m": 220.0238462557113, "distance_to_coast_km": 84.02632805810997, "upwind_barrier_m": 594.2454475583233, "downwind_rise_m": 26.05610837779136, "upwind_max_elev_m": 1360.2468983845272}, "block_id": "IND.20.26.2_1", "block_name": "Bhor", "district": "Pune"}}, {"type": "Feature", "geometry": {"type": "Polygon", "coordinates": [[[73.67825, 18.06636], [73.68041, 18.06517], [73.68187, 18.06531], [73.68618, 18.06179], [73.68911, 18.06018], [73.69479, 18.05805], [73.69578, 18.05693], [73.69385, 18.0517], [73.69024, 18.04493], [73.68758, 18.04189], [73.67596, 18.0329], [73.67057, 18.03496], [73.67034, 18.03432], [73.66038, 18.03714], [73.65617, 18.03989], [73.65579, 18.04286], [73.65991, 18.04659], [73.6613, 18.04906], [73.66128, 18.05425], [73.66197, 18.05787], [73.66341, 18.06268], [73.66601, 18.06639], [73.6659, 18.06874], [73.66656, 18.06992], [73.66992, 18.0732], [73.67027, 18.07435], [73.67251, 18.07689], [73.67511, 18.07492], [73.6769, 18.07474], [73.67786, 18.07332], [73.68009, 18.07285], [73.68051, 18.07219], [73.68068, 18.07147], [73.6784, 18.07122], [73.67797, 18.07079], [73.67901, 18.0693], [73.67883, 18.0687], [73.67744, 18.06792], [73.67825, 18.06636]]]}, "properties": {"panchayat_id": "IND.20.26.2_1__gp185493", "name": "Gudhe Gr.", "unit_type": "gram_panchayat", "area_km2": 11.15, "centroid_lat": 18.05226, "centroid_lon": 73.67496, "terrain": {"elevation_m": 741.6678161425109, "slope_deg": 4.257384160752972, "monsoon_exposure": -0.07342468421155991, "ruggedness_m": 170.2979922140766, "roughness_m": 163.1546037963061, "local_relief_m": 342.39008910327834, "distance_to_coast_km": 65.08132353260353, "upwind_barrier_m": 573.5208459176217, "downwind_rise_m": 349.45042459068077, "upwind_max_elev_m": 1315.1886620601326}, "block_id": "IND.20.26.2_1", "block_name": "Bhor", "district": "Pune"}}, {"type": "Feature", "geometry": {"type": "Polygon", "coordinates": [[[73.66111, 18.24427], [73.66167, 18.24244], [73.66241, 18.23359], [73.66164, 18.23053], [73.66271, 18.22892], [73.66152, 18.22904], [73.65952, 18.22627], [73.65945, 18.22527], [73.65789, 18.22219], [73.65698, 18.22125], [73.65395, 18.22054], [73.65369, 18.21999], [73.65261, 18.21971], [73.64838, 18.21677], [73.64696, 18.21532], [73.646, 18.21284], [73.64443, 18.21332], [73.64275, 18.21488], [73.6397, 18.21558], [73.63918, 18.21534], [73.63836, 18.21673], [73.64111, 18.22349], [73.64203, 18.22514], [73.64508, 18.22851], [73.64503, 18.23071], [73.64768, 18.23323], [73.64833, 18.23593], [73.65169, 18.24082], [73.652, 18.24627], [73.65375, 18.24607], [73.65431, 18.24538], [73.65544, 18.24594], [73.65716, 18.24499], [73.66032, 18.24472], [73.66111, 18.24427]]]}, "properties": {"panchayat_id": "IND.20.26.2_1__gp185494", "name": "Guhini", "unit_type": "gram_panchayat", "area_km2": 4.722, "centroid_lat": 18.22942, "centroid_lon": 73.65205, "terrain": {"elevation_m": 684.0915445186254, "slope_deg": 4.500055154627784, "monsoon_exposure": 0.07765477430673506, "ruggedness_m": 96.0289155324122, "roughness_m": 79.02568570932786, "local_relief_m": 177.5261439244798, "distance_to_coast_km": 60.25258587051282, "upwind_barrier_m": 109.42067458625093, "downwind_rise_m": 399.82046560330787, "upwind_max_elev_m": 793.5122191048763}, "block_id": "IND.20.26.2_1", "block_name": "Bhor", "district": "Pune"}}, {"type": "Feature", "geometry": {"type": "Polygon", "coordinates": [[[74.04511, 18.16215], [74.04355, 18.15251], [74.04277, 18.15078], [74.0454, 18.14954], [74.04741, 18.14676], [74.04753, 18.14017], [74.04491, 18.138], [74.04364, 18.13509], [74.03659, 18.13325], [74.03065, 18.13236], [74.03065, 18.13746], [74.03117, 18.14076], [74.03238, 18.14488], [74.03346, 18.14666], [74.03457, 18.15119], [74.03503, 18.15111], [74.03594, 18.15298], [74.03925, 18.16182], [74.04015, 18.16248], [74.04511, 18.16215]]]}, "properties": {"panchayat_id": "IND.20.26.2_1__gp185495", "name": "Gunand", "unit_type": "gram_panchayat", "area_km2": 3.633, "centroid_lat": 18.14545, "centroid_lon": 74.03927, "terrain": {"elevation_m": 587.6302578044266, "slope_deg": 0.6752280191003226, "monsoon_exposure": 0.00431615278229163, "ruggedness_m": 8.550333299970486, "roughness_m": 4.760772085319751, "local_relief_m": 23.526643301974786, "distance_to_coast_km": 101.0053141245889, "upwind_barrier_m": 722.0034596523534, "downwind_rise_m": 91.98775256897886, "upwind_max_elev_m": 1309.63371745678}, "block_id": "IND.20.26.2_1", "block_name": "Bhor", "district": "Pune"}}, {"type": "Feature", "geometry": {"type": "Polygon", "coordinates": [[[73.9086, 18.24561], [73.91193, 18.24368], [73.91308, 18.24197], [73.91659, 18.23927], [73.91506, 18.23659], [73.91575, 18.23574], [73.91562, 18.23496], [73.91467, 18.23404], [73.9136, 18.23393], [73.91211, 18.23249], [73.91082, 18.22988], [73.9106, 18.22731], [73.90853, 18.22215], [73.90848, 18.22145], [73.90953, 18.22152], [73.90964, 18.22007], [73.90889, 18.21963], [73.90769, 18.21997], [73.90592, 18.21769], [73.90396, 18.21672], [73.90104, 18.21741], [73.90349, 18.22192], [73.90077, 18.23023], [73.9009, 18.23729], [73.90224, 18.23922], [73.90361, 18.23737], [73.90394, 18.23747], [73.90687, 18.24033], [73.90748, 18.24108], [73.9086, 18.24561]]]}, "properties": {"panchayat_id": "IND.20.26.2_1__gp185496", "name": "Harishchandri", "unit_type": "gram_panchayat", "area_km2": 2.713, "centroid_lat": 18.23188, "centroid_lon": 73.9074, "terrain": {"elevation_m": 639.494675395526, "slope_deg": 3.2027217775770462, "monsoon_exposure": 0.02376848244542463, "ruggedness_m": 34.36672448549838, "roughness_m": 32.95799132240275, "local_relief_m": 111.91212433722467, "distance_to_coast_km": 86.86725319599552, "upwind_barrier_m": 592.8646488150835, "downwind_rise_m": 388.5754444505958, "upwind_max_elev_m": 1232.3593242106094}, "block_id": "IND.20.26.2_1", "block_name": "Bhor", "district": "Pune"}}, {"type": "Feature", "geometry": {"type": "Polygon", "coordinates": [[[73.84094, 18.2149], [73.84623, 18.21421], [73.85174, 18.21255], [73.85221, 18.21084], [73.84988, 18.20791], [73.84819, 18.20429], [73.84774, 18.20149], [73.84699, 18.20041], [73.84729, 18.20031], [73.84452, 18.19668], [73.84492, 18.19562], [73.84432, 18.19493], [73.84415, 18.19196], [73.84358, 18.1916], [73.84279, 18.1895], [73.8423, 18.18973], [73.84083, 18.18877], [73.83901, 18.19124], [73.83782, 18.19019], [73.83653, 18.19145], [73.83502, 18.19082], [73.834, 18.19169], [73.83281, 18.19378], [73.83269, 18.19595], [73.83202, 18.19588], [73.83131, 18.19484], [73.82932, 18.19362], [73.8318, 18.19892], [73.83161, 18.20044], [73.83218, 18.2005], [73.83405, 18.20446], [73.83602, 18.2051], [73.83622, 18.20607], [73.83818, 18.20874], [73.83945, 18.21293], [73.84094, 18.2149]]]}, "properties": {"panchayat_id": "IND.20.26.2_1__gp185497", "name": "Harnas", "unit_type": "gram_panchayat", "area_km2": 3.494, "centroid_lat": 18.2023, "centroid_lon": 73.84105, "terrain": {"elevation_m": 659.9343859703858, "slope_deg": 5.633483109911418, "monsoon_exposure": 0.07918121104086738, "ruggedness_m": 113.00033647583214, "roughness_m": 60.78103351977477, "local_relief_m": 298.1118053020642, "distance_to_coast_km": 79.99241602847103, "upwind_barrier_m": 534.9930019135581, "downwind_rise_m": 309.1561038559173, "upwind_max_elev_m": 1194.927387883944}, "block_id": "IND.20.26.2_1", "block_name": "Bhor", "district": "Pune"}}, {"type": "Feature", "geometry": {"type": "Polygon", "coordinates": [[[73.86519, 18.23311], [73.866, 18.23177], [73.86968, 18.22992], [73.86787, 18.22573], [73.86785, 18.22378], [73.85871, 18.22], [73.85815, 18.21894], [73.85321, 18.21493], [73.85174, 18.21255], [73.84433, 18.2148], [73.84104, 18.21531], [73.83853, 18.21724], [73.83833, 18.21801], [73.83908, 18.21938], [73.84282, 18.22299], [73.84457, 18.22667], [73.84457, 18.22953], [73.8453, 18.23037], [73.84727, 18.23526], [73.85101, 18.24115], [73.8539, 18.24438], [73.85429, 18.2457], [73.85674, 18.24491], [73.85748, 18.24], [73.85958, 18.23892], [73.86437, 18.23831], [73.8653, 18.2376], [73.86586, 18.23673], [73.86519, 18.23311]]]}, "properties": {"panchayat_id": "IND.20.26.2_1__gp185498", "name": "Hatave Bk.", "unit_type": "gram_panchayat", "area_km2": 6.029, "centroid_lat": 18.22756, "centroid_lon": 73.85412, "terrain": {"elevation_m": 656.3369034364587, "slope_deg": 5.3372412602382155, "monsoon_exposure": -0.065183768663392, "ruggedness_m": 79.45474552288563, "roughness_m": 45.563545453423295, "local_relief_m": 192.90397492187913, "distance_to_coast_km": 81.31221738423194, "upwind_barrier_m": 284.0583231030588, "downwind_rise_m": 643.7253711398703, "upwind_max_elev_m": 940.3952265395175}, "block_id": "IND.20.26.2_1", "block_name": "Bhor", "district": "Pune"}}, {"type": "Feature", "geometry": {"type": "Polygon", "coordinates": [[[73.84823, 18.25043], [73.849, 18.24963], [73.84914, 18.24853], [73.85175, 18.24664], [73.85429, 18.2457], [73.85417, 18.24494], [73.85101, 18.24115], [73.84727, 18.23526], [73.8453, 18.23037], [73.84457, 18.22953], [73.84457, 18.22667], [73.84282, 18.22299], [73.84008, 18.22068], [73.83808, 18.21727], [73.83495, 18.21893], [73.83459, 18.21993], [73.83587, 18.22083], [73.83755, 18.22392], [73.83723, 18.22411], [73.83786, 18.22594], [73.83851, 18.22663], [73.83858, 18.22967], [73.84026, 18.23193], [73.84039, 18.23309], [73.83919, 18.23618], [73.84113, 18.24295], [73.84121, 18.24553], [73.84052, 18.24813], [73.84073, 18.24973], [73.84272, 18.24944], [73.84644, 18.25054], [73.84823, 18.25043]]]}, "properties": {"panchayat_id": "IND.20.26.2_1__gp185499", "name": "Hatve Kh.", "unit_type": "gram_panchayat", "area_km2": 2.82, "centroid_lat": 18.2366, "centroid_lon": 73.84392, "terrain": {"elevation_m": 652.8031923634732, "slope_deg": 2.001955548295463, "monsoon_exposure": -0.024607721669508087, "ruggedness_m": 45.9243894276208, "roughness_m": 25.03936145928264, "local_relief_m": 147.6912911783072, "distance_to_coast_km": 80.25693020108825, "upwind_barrier_m": 248.65621670900464, "downwind_rise_m": 264.2758715613801, "upwind_max_elev_m": 901.4594090724778}, "block_id": "IND.20.26.2_1", "block_name": "Bhor", "district": "Pune"}}, {"type": "Feature", "geometry": {"type": "Polygon", "coordinates": [[[73.83849, 18.11323], [73.84291, 18.10952], [73.84372, 18.10602], [73.84576, 18.10575], [73.84762, 18.10732], [73.84958, 18.10703], [73.8502, 18.10804], [73.85092, 18.1072], [73.85157, 18.1048], [73.84953, 18.10491], [73.84891, 18.10452], [73.84887, 18.10366], [73.84568, 18.10302], [73.84387, 18.10019], [73.84052, 18.10164], [73.83802, 18.10029], [73.83437, 18.10052], [73.83161, 18.10121], [73.82797, 18.10356], [73.82959, 18.10924], [73.8343, 18.113], [73.83697, 18.11241], [73.83849, 18.11323]]]}, "properties": {"panchayat_id": "IND.20.26.2_1__gp185500", "name": "Hatnoshi", "unit_type": "gram_panchayat", "area_km2": 2.067, "centroid_lat": 18.10608, "centroid_lon": 73.83786, "terrain": {"elevation_m": 706.6256050644399, "slope_deg": 5.139882760511919, "monsoon_exposure": -0.00401544722838242, "ruggedness_m": 118.98728478717992, "roughness_m": 83.10750885855887, "local_relief_m": 313.3764993691152, "distance_to_coast_km": 80.62457159389089, "upwind_barrier_m": 661.2905807363029, "downwind_rise_m": 172.63277759069297, "upwind_max_elev_m": 1367.9161858007428}, "block_id": "IND.20.26.2_1", "block_name": "Bhor", "district": "Pune"}}, {"type": "Feature", "geometry": {"type": "Polygon", "coordinates": [[[73.67934, 18.13096], [73.68257, 18.12494], [73.68357, 18.12165], [73.68474, 18.12], [73.68415, 18.11878], [73.6841, 18.11632], [73.68539, 18.11303], [73.68455, 18.11161], [73.68489, 18.1107], [73.68462, 18.10928], [73.68356, 18.1084], [73.68433, 18.10564], [73.68354, 18.10175], [73.68666, 18.09902], [73.68655, 18.09841], [73.68384, 18.09814], [73.68165, 18.09964], [73.67991, 18.10012], [73.67889, 18.09977], [73.67818, 18.09866], [73.67457, 18.09999], [73.67281, 18.09929], [73.67213, 18.09832], [73.67084, 18.09847], [73.6699, 18.10071], [73.66908, 18.10079], [73.66841, 18.10208], [73.66768, 18.1042], [73.66786, 18.10546], [73.6653, 18.10526], [73.66379, 18.10682], [73.66205, 18.10673], [73.66033, 18.1112], [73.65713, 18.11165], [73.65538, 18.11277], [73.65526, 18.1134], [73.65813, 18.11493], [73.65767, 18.11945], [73.65804, 18.12134], [73.65754, 18.12202], [73.65691, 18.12752], [73.6563, 18.12791], [73.65531, 18.13069], [73.65539, 18.13237], [73.65478, 18.13397], [73.65575, 18.13445], [73.66271, 18.13429], [73.66932, 18.1349], [73.67493, 18.13337], [73.6763, 18.13339], [73.67934, 18.13096]]]}, "properties": {"panchayat_id": "IND.20.26.2_1__gp185501", "name": "Hirdoshi", "unit_type": "gram_panchayat", "area_km2": 9.319, "centroid_lat": 18.11772, "centroid_lon": 73.67101, "terrain": {"elevation_m": 832.1161189258444, "slope_deg": 2.177597962289071, "monsoon_exposure": 0.026071205716641357, "ruggedness_m": 99.14901418015607, "roughness_m": 77.07650007239592, "local_relief_m": 257.1687618157574, "distance_to_coast_km": 63.216685380625535, "upwind_barrier_m": 0.0, "downwind_rise_m": 56.827719725564066, "upwind_max_elev_m": 827.7811394674026}, "block_id": "IND.20.26.2_1", "block_name": "Bhor", "district": "Pune"}}, {"type": "Feature", "geometry": {"type": "Polygon", "coordinates": [[[73.92155, 18.17843], [73.92223, 18.17417], [73.9229, 18.17263], [73.92252, 18.17171], [73.91937, 18.16931], [73.9143, 18.16667], [73.91169, 18.16443], [73.90845, 18.16322], [73.90686, 18.16014], [73.905, 18.15914], [73.9021, 18.15957], [73.90061, 18.16219], [73.90062, 18.16542], [73.89898, 18.17254], [73.89757, 18.17538], [73.89636, 18.18077], [73.89847, 18.1822], [73.89899, 18.18319], [73.90081, 18.18165], [73.90078, 18.18068], [73.90149, 18.1797], [73.90248, 18.17885], [73.90494, 18.17804], [73.90704, 18.17838], [73.91538, 18.17795], [73.92155, 18.17843]]]}, "properties": {"panchayat_id": "IND.20.26.2_1__gp185502", "name": "Ingavali", "unit_type": "gram_panchayat", "area_km2": 3.792, "centroid_lat": 18.17155, "centroid_lon": 73.90842, "terrain": {"elevation_m": 608.7781619633315, "slope_deg": 1.4069296122261998, "monsoon_exposure": 0.013883665733452904, "ruggedness_m": 19.394490374393136, "roughness_m": 17.18019556466158, "local_relief_m": 48.45663844062369, "distance_to_coast_km": 87.17808930956848, "upwind_barrier_m": 223.08638409937828, "downwind_rise_m": 184.7798670257646, "upwind_max_elev_m": 831.8645460627098}, "block_id": "IND.20.26.2_1", "block_name": "Bhor", "district": "Pune"}}, {"type": "Feature", "geometry": {"type": "Polygon", "coordinates": [[[73.8448, 18.27597], [73.84748, 18.27551], [73.8489, 18.27362], [73.85219, 18.2728], [73.85475, 18.27032], [73.85529, 18.26793], [73.85686, 18.26529], [73.8571, 18.26345], [73.85153, 18.26051], [73.8498, 18.25717], [73.84938, 18.25536], [73.84786, 18.25307], [73.84832, 18.25233], [73.84815, 18.25031], [73.84644, 18.25054], [73.84272, 18.24944], [73.83481, 18.24993], [73.83346, 18.25105], [73.83265, 18.25405], [73.82821, 18.25556], [73.82909, 18.25779], [73.83015, 18.25864], [73.83013, 18.25987], [73.83144, 18.26068], [73.83581, 18.26753], [73.83891, 18.27046], [73.84229, 18.27248], [73.84401, 18.27566], [73.8448, 18.27597]]]}, "properties": {"panchayat_id": "IND.20.26.2_1__gp185503", "name": "Jambhali", "unit_type": "gram_panchayat", "area_km2": 5.077, "centroid_lat": 18.26182, "centroid_lon": 73.84307, "terrain": {"elevation_m": 671.4726131753795, "slope_deg": 3.221821768253701, "monsoon_exposure": 0.03171130530442004, "ruggedness_m": 78.50850998423701, "roughness_m": 46.328523786990026, "local_relief_m": 256.02732387362573, "distance_to_coast_km": 80.254820672679, "upwind_barrier_m": 297.6414750325888, "downwind_rise_m": 308.14307975746783, "upwind_max_elev_m": 969.1140882079683}, "block_id": "IND.20.26.2_1", "block_name": "Bhor", "district": "Pune"}}, {"type": "Feature", "geometry": {"type": "Polygon", "coordinates": [[[73.74446, 18.16722], [73.74133, 18.16194], [73.73702, 18.15858], [73.7365, 18.15727], [73.73488, 18.15603], [73.733, 18.15364], [73.73126, 18.15523], [73.73006, 18.15725], [73.72954, 18.15723], [73.73089, 18.15878], [73.73059, 18.16116], [73.72695, 18.16288], [73.72636, 18.16473], [73.72539, 18.16957], [73.72564, 18.17188], [73.72651, 18.17326], [73.72641, 18.17433], [73.72557, 18.1769], [73.72519, 18.18068], [73.72448, 18.18191], [73.7247, 18.1838], [73.72335, 18.18741], [73.72352, 18.1886], [73.72154, 18.18881], [73.72059, 18.18961], [73.71679, 18.19433], [73.72013, 18.197], [73.72228, 18.19777], [73.72573, 18.20235], [73.72764, 18.20386], [73.72912, 18.20446], [73.73199, 18.20345], [73.73335, 18.20269], [73.7334, 18.20206], [73.73455, 18.20194], [73.73671, 18.20044], [73.73704, 18.1962], [73.73912, 18.19514], [73.73942, 18.1954], [73.73986, 18.19425], [73.74209, 18.19333], [73.74605, 18.19312], [73.74748, 18.19237], [73.74959, 18.19405], [73.751, 18.19277], [73.75553, 18.19164], [73.75674, 18.19574], [73.75982, 18.19502], [73.76199, 18.19509], [73.76945, 18.19131], [73.77194, 18.19122], [73.77279, 18.19228], [73.77335, 18.19186], [73.77274, 18.19083], [73.77199, 18.19058], [73.77182, 18.18977], [73.77055, 18.1896], [73.76974, 18.18854], [73.77013, 18.18809], [73.76949, 18.18752], [73.76741, 18.18774], [73.7672, 18.18733], [73.76831, 18.18604], [73.76776, 18.18511], [73.76801, 18.1839], [73.76742, 18.18409], [73.76711, 18.18267], [73.76728, 18.17994], [73.76572, 18.17524], [73.76799, 18.17404], [73.76814, 18.17244], [73.76343, 18.17087], [73.76142, 18.17084], [73.75782, 18.17239], [73.75312, 18.17286], [73.75162, 18.1697], [73.74446, 18.16722]]]}, "properties": {"panchayat_id": "IND.20.26.2_1__gp185504", "name": "Jayatpad", "unit_type": "gram_panchayat", "area_km2": 15.408, "centroid_lat": 18.1816, "centroid_lon": 73.74233, "terrain": {"elevation_m": 686.0425548880012, "slope_deg": 7.523693222376599, "monsoon_exposure": 0.0700918856072142, "ruggedness_m": 164.9148705811197, "roughness_m": 120.96581350889115, "local_relief_m": 335.8053472828218, "distance_to_coast_km": 69.82692510671568, "upwind_barrier_m": 172.9123178642326, "downwind_rise_m": 195.2849741946725, "upwind_max_elev_m": 858.9548727522338}, "block_id": "IND.20.26.2_1", "block_name": "Bhor", "district": "Pune"}}, {"type": "Feature", "geometry": {"type": "Polygon", "coordinates": [[[73.81425, 18.2293], [73.81691, 18.22686], [73.81748, 18.22565], [73.82074, 18.22484], [73.82152, 18.22399], [73.8189, 18.21908], [73.81898, 18.21807], [73.81836, 18.21826], [73.81796, 18.21787], [73.81654, 18.21561], [73.81631, 18.2132], [73.8156, 18.21189], [73.81493, 18.2118], [73.815, 18.21065], [73.81279, 18.20955], [73.81231, 18.20874], [73.8125, 18.20818], [73.81169, 18.20718], [73.81204, 18.20633], [73.81074, 18.20491], [73.81004, 18.20479], [73.80947, 18.20524], [73.80968, 18.20716], [73.80894, 18.20674], [73.80767, 18.20768], [73.80747, 18.20684], [73.80619, 18.2069], [73.80439, 18.2077], [73.80407, 18.20831], [73.80126, 18.20875], [73.80088, 18.21094], [73.80573, 18.21647], [73.8059, 18.2183], [73.80759, 18.21947], [73.80796, 18.2215], [73.80836, 18.22154], [73.80918, 18.22386], [73.80982, 18.2241], [73.81425, 18.2293]]]}, "properties": {"panchayat_id": "IND.20.26.2_1__gp185505", "name": "Jogawadi", "unit_type": "gram_panchayat", "area_km2": 2.691, "centroid_lat": 18.21679, "centroid_lon": 73.81143, "terrain": {"elevation_m": 692.9567813647658, "slope_deg": 3.9963565890941606, "monsoon_exposure": 0.04840712169101899, "ruggedness_m": 106.47071671520524, "roughness_m": 63.72187878936887, "local_relief_m": 346.18954203196336, "distance_to_coast_km": 76.86939922343912, "upwind_barrier_m": 124.43855038461322, "downwind_rise_m": 150.10063427406328, "upwind_max_elev_m": 817.395331749379}, "block_id": "IND.20.26.2_1", "block_name": "Bhor", "district": "Pune"}}, {"type": "Feature", "geometry": {"type": "Polygon", "coordinates": [[[73.74184, 18.22243], [73.73935, 18.22604], [73.73887, 18.22595], [73.7393, 18.22359], [73.73845, 18.22238], [73.73692, 18.2231], [73.7361, 18.22425], [73.73522, 18.22422], [73.73593, 18.22379], [73.73655, 18.22146], [73.73551, 18.22079], [73.7345, 18.22133], [73.73418, 18.22107], [73.73612, 18.21938], [73.73612, 18.21803], [73.73538, 18.21818], [73.7352, 18.21893], [73.73463, 18.21849], [73.73402, 18.21894], [73.7333, 18.2179], [73.73195, 18.21763], [73.73201, 18.21842], [73.73085, 18.21813], [73.7306, 18.21929], [73.73015, 18.2193], [73.72906, 18.2178], [73.72973, 18.21718], [73.72946, 18.21594], [73.72798, 18.21458], [73.72886, 18.21607], [73.7272, 18.2203], [73.72762, 18.22152], [73.72727, 18.22578], [73.72364, 18.23622], [73.72387, 18.23804], [73.72179, 18.24165], [73.72873, 18.24282], [73.73203, 18.24221], [73.73331, 18.2429], [73.73655, 18.24346], [73.74141, 18.24276], [73.74256, 18.24309], [73.74352, 18.23988], [73.74464, 18.23893], [73.74605, 18.23654], [73.7492, 18.23411], [73.75119, 18.23184], [73.75194, 18.23194], [73.75173, 18.23136], [73.75304, 18.23092], [73.75339, 18.2297], [73.7525, 18.23002], [73.75187, 18.2282], [73.75124, 18.22795], [73.7487, 18.2284], [73.74758, 18.22936], [73.7472, 18.22806], [73.74603, 18.22734], [73.74507, 18.22782], [73.74496, 18.22694], [73.74398, 18.22606], [73.74248, 18.22767], [73.74235, 18.22908], [73.74214, 18.22295], [73.74184, 18.22243]]]}, "properties": {"panchayat_id": "IND.20.26.2_1__gp185506", "name": "Kambare Kh.", "unit_type": "gram_panchayat", "area_km2": 5.256, "centroid_lat": 18.23218, "centroid_lon": 73.73561, "terrain": {"elevation_m": 694.3582531395372, "slope_deg": 5.708797148128371, "monsoon_exposure": -0.020884112202914536, "ruggedness_m": 107.20772683352365, "roughness_m": 52.699523713737335, "local_relief_m": 298.34177893484866, "distance_to_coast_km": 68.9637354393326, "upwind_barrier_m": 109.20755842769415, "downwind_rise_m": 192.16120993394873, "upwind_max_elev_m": 803.5658115672313}, "block_id": "IND.20.26.2_1", "block_name": "Bhor", "district": "Pune"}}, {"type": "Feature", "geometry": {"type": "Polygon", "coordinates": [[[73.90361, 18.2624], [73.90466, 18.26258], [73.90976, 18.25884], [73.90946, 18.25459], [73.91058, 18.25059], [73.90786, 18.24356], [73.90748, 18.24108], [73.90394, 18.23747], [73.90361, 18.23737], [73.90224, 18.23922], [73.90099, 18.23751], [73.89499, 18.23997], [73.88547, 18.24259], [73.88307, 18.24408], [73.88368, 18.2439], [73.88582, 18.24544], [73.88635, 18.24678], [73.88537, 18.24723], [73.88724, 18.24791], [73.88801, 18.24919], [73.88798, 18.25006], [73.88715, 18.25081], [73.88857, 18.25197], [73.88954, 18.25791], [73.8935, 18.2586], [73.89828, 18.25795], [73.89895, 18.25796], [73.89908, 18.25845], [73.89962, 18.25767], [73.90084, 18.26017], [73.90361, 18.2624]]]}, "properties": {"panchayat_id": "IND.20.26.2_1__gp185508", "name": "Kamthadi", "unit_type": "gram_panchayat", "area_km2": 4.904, "centroid_lat": 18.24947, "centroid_lon": 73.89888, "terrain": {"elevation_m": 662.4326615680789, "slope_deg": 3.5490972031076464, "monsoon_exposure": 0.058810931367698244, "ruggedness_m": 55.66202724340901, "roughness_m": 36.83131460007485, "local_relief_m": 128.20992829187105, "distance_to_coast_km": 86.01377185713284, "upwind_barrier_m": 228.66151675114008, "downwind_rise_m": 423.8075932901504, "upwind_max_elev_m": 891.0941783192189}, "block_id": "IND.20.26.2_1", "block_name": "Bhor", "district": "Pune"}}, {"type": "Feature", "geometry": {"type": "Polygon", "coordinates": [[[73.85461, 18.31136], [73.85771, 18.30809], [73.85768, 18.30557], [73.85832, 18.30439], [73.85728, 18.30208], [73.86043, 18.29867], [73.85945, 18.2976], [73.8594, 18.29648], [73.85978, 18.29601], [73.86095, 18.2959], [73.86073, 18.29323], [73.86175, 18.29155], [73.86136, 18.29117], [73.86002, 18.29165], [73.85969, 18.29063], [73.86001, 18.28964], [73.8626, 18.28884], [73.86363, 18.28804], [73.86277, 18.28596], [73.86187, 18.2862], [73.85506, 18.28511], [73.84318, 18.28786], [73.84191, 18.29248], [73.8414, 18.29276], [73.8416, 18.29655], [73.83757, 18.29847], [73.83555, 18.30021], [73.84004, 18.30223], [73.84174, 18.3038], [73.84426, 18.30402], [73.84754, 18.30601], [73.85072, 18.30949], [73.85461, 18.31136]]]}, "properties": {"panchayat_id": "IND.20.26.2_1__gp185509", "name": "Kanjale", "unit_type": "gram_panchayat", "area_km2": 4.616, "centroid_lat": 18.29682, "centroid_lon": 73.85099, "terrain": {"elevation_m": 759.2555112956907, "slope_deg": 7.549079121484067, "monsoon_exposure": -0.1258764296159144, "ruggedness_m": 91.45273331671605, "roughness_m": 58.037867609835494, "local_relief_m": 266.2073232743211, "distance_to_coast_km": 81.24505377788454, "upwind_barrier_m": 167.57609425117732, "downwind_rise_m": 149.784835914788, "upwind_max_elev_m": 926.831605546868}, "block_id": "IND.20.26.2_1", "block_name": "Bhor", "district": "Pune"}}, {"type": "Feature", "geometry": {"type": "Polygon", "coordinates": [[[73.91659, 18.23927], [73.91722, 18.23764], [73.92177, 18.23641], [73.92676, 18.23628], [73.92725, 18.23716], [73.92882, 18.23461], [73.94045, 18.23414], [73.93953, 18.23251], [73.93788, 18.23117], [73.93556, 18.23053], [73.93437, 18.2293], [73.93153, 18.22836], [73.93023, 18.22814], [73.92656, 18.229], [73.92141, 18.2288], [73.92138, 18.22789], [73.92093, 18.22787], [73.92159, 18.22591], [73.91955, 18.22474], [73.91941, 18.2238], [73.919, 18.2237], [73.91949, 18.22256], [73.91891, 18.22179], [73.91849, 18.22226], [73.91664, 18.21982], [73.91525, 18.21955], [73.91445, 18.217], [73.91233, 18.21582], [73.912, 18.21437], [73.90973, 18.21403], [73.90865, 18.21311], [73.90733, 18.21281], [73.90396, 18.21672], [73.90592, 18.21769], [73.90769, 18.21997], [73.90889, 18.21963], [73.90964, 18.22007], [73.90953, 18.22152], [73.90848, 18.22145], [73.90853, 18.22215], [73.9106, 18.22731], [73.91082, 18.22988], [73.91211, 18.23249], [73.9136, 18.23393], [73.91467, 18.23404], [73.91562, 18.23496], [73.91575, 18.23574], [73.91506, 18.23659], [73.91659, 18.23927]]]}, "properties": {"panchayat_id": "IND.20.26.2_1__gp185510", "name": "Kapurhol", "unit_type": "gram_panchayat", "area_km2": 3.589, "centroid_lat": 18.22783, "centroid_lon": 73.91929, "terrain": {"elevation_m": 636.265956971969, "slope_deg": 1.420538664714765, "monsoon_exposure": 0.024790526212513198, "ruggedness_m": 17.968331719079877, "roughness_m": 13.372163596481606, "local_relief_m": 54.07903711575739, "distance_to_coast_km": 88.10459784069825, "upwind_barrier_m": 286.3553879189309, "downwind_rise_m": 338.8766026074801, "upwind_max_elev_m": 922.6213448908999}, "block_id": "IND.20.26.2_1", "block_name": "Bhor", "district": "Pune"}}, {"type": "Feature", "geometry": {"type": "Polygon", "coordinates": [[[73.76483, 18.24781], [73.76747, 18.24576], [73.77029, 18.24617], [73.77184, 18.24562], [73.77202, 18.24605], [73.77378, 18.24567], [73.77718, 18.24321], [73.77811, 18.2431], [73.78112, 18.24405], [73.78555, 18.24123], [73.78517, 18.23929], [73.78219, 18.23682], [73.77978, 18.23303], [73.77733, 18.23045], [73.77547, 18.22995], [73.77327, 18.23006], [73.76981, 18.2277], [73.76941, 18.22685], [73.76796, 18.22578], [73.76722, 18.22685], [73.76757, 18.22781], [73.76789, 18.22772], [73.76759, 18.22853], [73.76671, 18.2287], [73.76535, 18.23122], [73.76478, 18.23136], [73.76423, 18.23066], [73.76412, 18.22959], [73.76203, 18.23213], [73.76234, 18.23526], [73.76193, 18.23573], [73.76243, 18.23931], [73.76465, 18.24419], [73.76483, 18.24781]]]}, "properties": {"panchayat_id": "IND.20.26.2_1__gp185511", "name": "Karandi Bk.", "unit_type": "gram_panchayat", "area_km2": 3.428, "centroid_lat": 18.23751, "centroid_lon": 73.77211, "terrain": {"elevation_m": 694.5542580364228, "slope_deg": 8.973976344347278, "monsoon_exposure": 0.13830791281441385, "ruggedness_m": 116.53500421842955, "roughness_m": 62.90284420737193, "local_relief_m": 277.4222172391868, "distance_to_coast_km": 72.77596563317081, "upwind_barrier_m": 40.72671550212192, "downwind_rise_m": 123.76270058840089, "upwind_max_elev_m": 735.2809735385447}, "block_id": "IND.20.26.2_1", "block_name": "Bhor", "district": "Pune"}}, {"type": "Feature", "geometry": {"type": "Polygon", "coordinates": [[[73.7328, 18.15333], [73.73441, 18.15004], [73.73555, 18.15003], [73.73563, 18.14645], [73.73659, 18.14533], [73.73944, 18.14357], [73.74015, 18.14222], [73.74207, 18.14193], [73.74243, 18.1404], [73.7435, 18.13941], [73.74374, 18.13822], [73.7453, 18.1368], [73.74783, 18.13657], [73.74733, 18.13488], [73.74778, 18.13402], [73.74744, 18.13273], [73.74806, 18.13204], [73.74745, 18.1304], [73.74768, 18.12977], [73.74624, 18.12657], [73.74635, 18.12342], [73.74572, 18.11819], [73.74722, 18.11441], [73.74678, 18.11329], [73.74704, 18.11066], [73.74842, 18.11025], [73.749, 18.10877], [73.74816, 18.10809], [73.74648, 18.10915], [73.74704, 18.11031], [73.74673, 18.11081], [73.74622, 18.11045], [73.74436, 18.11294], [73.74317, 18.11766], [73.74189, 18.1188], [73.73847, 18.12009], [73.73664, 18.11998], [73.73326, 18.11874], [73.73323, 18.11917], [73.73151, 18.11947], [73.73169, 18.12158], [73.73329, 18.12352], [73.73208, 18.1251], [73.73251, 18.12999], [73.73098, 18.13123], [73.73064, 18.13605], [73.73171, 18.13965], [73.73383, 18.1437], [73.73228, 18.15349], [73.7328, 18.15333]]]}, "properties": {"panchayat_id": "IND.20.26.2_1__gp185512", "name": "Karanjgaon", "unit_type": "gram_panchayat", "area_km2": 4.321, "centroid_lat": 18.13068, "centroid_lon": 73.73915, "terrain": {"elevation_m": 762.321937027558, "slope_deg": 6.0337730062233605, "monsoon_exposure": 0.06503090144169202, "ruggedness_m": 81.84584607653773, "roughness_m": 43.80754569064641, "local_relief_m": 259.95040046521694, "distance_to_coast_km": 70.07189495176121, "upwind_barrier_m": 239.93617528633922, "downwind_rise_m": 0.0, "upwind_max_elev_m": 1002.2581123138972}, "block_id": "IND.20.26.2_1", "block_name": "Bhor", "district": "Pune"}}, {"type": "Feature", "geometry": {"type": "Polygon", "coordinates": [[[73.78509, 18.1163], [73.78532, 18.11397], [73.7879, 18.10773], [73.78928, 18.10692], [73.79085, 18.10453], [73.79524, 18.10341], [73.79687, 18.10203], [73.79752, 18.0995], [73.79841, 18.09874], [73.80525, 18.09855], [73.80913, 18.09767], [73.80904, 18.09666], [73.80953, 18.09655], [73.80988, 18.09561], [73.81139, 18.09577], [73.81232, 18.09486], [73.81286, 18.0956], [73.81334, 18.09496], [73.81311, 18.09383], [73.80927, 18.09373], [73.80735, 18.09289], [73.80557, 18.09299], [73.80412, 18.09241], [73.80256, 18.09374], [73.80159, 18.09365], [73.80134, 18.09416], [73.8005, 18.09366], [73.80007, 18.09404], [73.79828, 18.09302], [73.79493, 18.09336], [73.79281, 18.0945], [73.78839, 18.09532], [73.78734, 18.09644], [73.78578, 18.09677], [73.78415, 18.09926], [73.77995, 18.09908], [73.77796, 18.10042], [73.77625, 18.09988], [73.77538, 18.10027], [73.77507, 18.1018], [73.77243, 18.10439], [73.77594, 18.10603], [73.77676, 18.10747], [73.77769, 18.11149], [73.78211, 18.11245], [73.78317, 18.11327], [73.78359, 18.11466], [73.78509, 18.1163]]]}, "properties": {"panchayat_id": "IND.20.26.2_1__gp185513", "name": "Karanje", "unit_type": "gram_panchayat", "area_km2": 3.757, "centroid_lat": 18.10168, "centroid_lon": 73.78955, "terrain": {"elevation_m": 638.7598891536181, "slope_deg": 1.4949183390980854, "monsoon_exposure": 0.013857226084417574, "ruggedness_m": 21.247026502680935, "roughness_m": 10.2125763277788, "local_relief_m": 58.898346368347916, "distance_to_coast_km": 75.70576100539293, "upwind_barrier_m": 552.9732783531158, "downwind_rise_m": 403.77103055003295, "upwind_max_elev_m": 1191.733167506734}, "block_id": "IND.20.26.2_1", "block_name": "Bhor", "district": "Pune"}}, {"type": "Feature", "geometry": {"type": "Polygon", "coordinates": [[[73.77228, 18.08445], [73.77175, 18.08375], [73.7718, 18.08098], [73.77077, 18.0744], [73.77001, 18.07269], [73.77033, 18.07226], [73.7692, 18.07002], [73.76901, 18.06458], [73.7695, 18.06346], [73.76692, 18.0632], [73.76623, 18.06364], [73.75865, 18.06095], [73.75275, 18.05961], [73.75093, 18.06018], [73.74912, 18.06149], [73.7482, 18.06324], [73.74691, 18.06446], [73.74668, 18.06697], [73.74609, 18.06829], [73.74499, 18.06901], [73.74419, 18.07262], [73.74357, 18.07847], [73.74419, 18.07954], [73.74431, 18.0863], [73.74494, 18.08911], [73.74464, 18.08964], [73.74806, 18.09046], [73.74991, 18.08991], [73.75394, 18.09062], [73.7552, 18.08996], [73.75733, 18.09008], [73.76035, 18.09179], [73.76325, 18.09185], [73.76367, 18.09236], [73.76434, 18.09087], [73.76526, 18.09104], [73.76678, 18.08985], [73.76795, 18.08796], [73.77059, 18.08653], [73.77107, 18.08538], [73.77228, 18.08445]]]}, "properties": {"panchayat_id": "IND.20.26.2_1__gp185514", "name": "Kari", "unit_type": "gram_panchayat", "area_km2": 8.283, "centroid_lat": 18.07646, "centroid_lon": 73.75742, "terrain": {"elevation_m": 716.9370855488917, "slope_deg": 4.780451531167207, "monsoon_exposure": -0.03831912379504782, "ruggedness_m": 164.01058768001613, "roughness_m": 117.75590311878591, "local_relief_m": 409.3439199702557, "distance_to_coast_km": 72.8746657998818, "upwind_barrier_m": 499.13816243340784, "downwind_rise_m": 123.40798877125792, "upwind_max_elev_m": 1216.0752479822995}, "block_id": "IND.20.26.2_1", "block_name": "Bhor", "district": "Pune"}}, {"type": "Feature", "geometry": {"type": "Polygon", "coordinates": [[[73.93324, 18.3091], [73.93419, 18.30769], [73.93785, 18.3051], [73.93693, 18.30432], [73.93597, 18.30204], [73.93458, 18.30052], [73.93292, 18.29964], [73.93295, 18.29554], [73.92963, 18.29184], [73.92811, 18.29087], [73.92585, 18.28771], [73.92478, 18.28406], [73.9224, 18.2815], [73.92091, 18.27767], [73.91851, 18.27482], [73.91856, 18.27392], [73.91647, 18.27091], [73.91549, 18.27009], [73.91501, 18.2684], [73.91639, 18.26783], [73.91409, 18.26273], [73.91334, 18.26185], [73.91259, 18.26201], [73.91214, 18.26071], [73.90976, 18.25884], [73.90888, 18.25923], [73.90466, 18.26258], [73.90361, 18.2624], [73.90539, 18.26521], [73.90189, 18.26716], [73.90105, 18.26853], [73.89976, 18.27755], [73.90145, 18.28273], [73.90244, 18.28347], [73.90755, 18.291], [73.90742, 18.29169], [73.91055, 18.29515], [73.91382, 18.29699], [73.92002, 18.30179], [73.92161, 18.30214], [73.92486, 18.30498], [73.93324, 18.3091]]]}, "properties": {"panchayat_id": "IND.20.26.2_1__gp185515", "name": "Karandi Kheba", "unit_type": "gram_panchayat", "area_km2": 9.166, "centroid_lat": 18.28479, "centroid_lon": 73.91599, "terrain": {"elevation_m": 728.2128233400545, "slope_deg": 2.3067141400911675, "monsoon_exposure": 0.02355579415282832, "ruggedness_m": 75.68104396510411, "roughness_m": 61.98572555398285, "local_relief_m": 141.8370037190656, "distance_to_coast_km": 87.98953222596207, "upwind_barrier_m": 165.09704189651666, "downwind_rise_m": 238.87764588165442, "upwind_max_elev_m": 893.3098652365711}, "block_id": "IND.20.26.2_1", "block_name": "Bhor", "district": "Pune"}}, {"type": "Feature", "geometry": {"type": "Polygon", "coordinates": [[[73.76483, 18.24781], [73.76465, 18.24419], [73.76243, 18.23931], [73.76193, 18.23573], [73.76234, 18.23526], [73.76203, 18.23213], [73.76122, 18.23092], [73.75903, 18.22956], [73.7583, 18.22939], [73.7572, 18.23097], [73.75583, 18.23173], [73.75447, 18.23009], [73.75339, 18.2297], [73.75304, 18.23092], [73.75173, 18.23136], [73.75194, 18.23194], [73.75119, 18.23184], [73.7492, 18.23411], [73.74605, 18.23654], [73.74312, 18.24094], [73.74256, 18.24309], [73.74655, 18.24416], [73.74825, 18.24533], [73.74971, 18.24543], [73.75216, 18.24728], [73.75748, 18.2467], [73.75956, 18.24702], [73.76311, 18.24851], [73.76483, 18.24781]]]}, "properties": {"panchayat_id": "IND.20.26.2_1__gp185516", "name": "Karandi Kh.", "unit_type": "gram_panchayat", "area_km2": 3.062, "centroid_lat": 18.23955, "centroid_lon": 73.75486, "terrain": {"elevation_m": 656.8367298300524, "slope_deg": 4.905499522913867, "monsoon_exposure": -0.004672164350266969, "ruggedness_m": 84.61356215961375, "roughness_m": 58.99716728007644, "local_relief_m": 199.20537269445322, "distance_to_coast_km": 70.98222399519635, "upwind_barrier_m": 140.9401614543052, "downwind_rise_m": 201.96774146869313, "upwind_max_elev_m": 797.7768912843576}, "block_id": "IND.20.26.2_1", "block_name": "Bhor", "district": "Pune"}}, {"type": "Feature", "geometry": {"type": "Polygon", "coordinates": [[[73.80461, 18.04839], [73.80243, 18.04887], [73.79958, 18.0504], [73.79896, 18.05171], [73.79637, 18.05214], [73.79664, 18.05235], [73.795, 18.05366], [73.79512, 18.05417], [73.79407, 18.05425], [73.7931, 18.05564], [73.79235, 18.05558], [73.79123, 18.05634], [73.79265, 18.05931], [73.79165, 18.06312], [73.79203, 18.06367], [73.79324, 18.06396], [73.79353, 18.06674], [73.79644, 18.06688], [73.80117, 18.06623], [73.8017, 18.06699], [73.80325, 18.06719], [73.8034, 18.06755], [73.80703, 18.06719], [73.80704, 18.06761], [73.80904, 18.06798], [73.81059, 18.06769], [73.81392, 18.06829], [73.81631, 18.06795], [73.81928, 18.06824], [73.82137, 18.06097], [73.82038, 18.05599], [73.82009, 18.05066], [73.81912, 18.04901], [73.81692, 18.04651], [73.81509, 18.04553], [73.81076, 18.04695], [73.80701, 18.04894], [73.80461, 18.04839]]]}, "properties": {"panchayat_id": "IND.20.26.2_1__gp185517", "name": "Karnavad", "unit_type": "gram_panchayat", "area_km2": 5.786, "centroid_lat": 18.05811, "centroid_lon": 73.80772, "terrain": {"elevation_m": 731.6678515335122, "slope_deg": 4.840704345459978, "monsoon_exposure": 0.034829538741206034, "ruggedness_m": 108.31139095732063, "roughness_m": 73.83033543477269, "local_relief_m": 234.52803246432268, "distance_to_coast_km": 78.41782537662549, "upwind_barrier_m": 545.4979473511639, "downwind_rise_m": 197.12428284192845, "upwind_max_elev_m": 1277.1657988846762}, "block_id": "IND.20.26.2_1", "block_name": "Bhor", "district": "Pune"}}, {"type": "Feature", "geometry": {"type": "Polygon", "coordinates": [[[73.90769, 18.20976], [73.91252, 18.2065], [73.91327, 18.20349], [73.91661, 18.20137], [73.91759, 18.19916], [73.91679, 18.19765], [73.89779, 18.20078], [73.89246, 18.20082], [73.88917, 18.2], [73.88302, 18.20078], [73.88215, 18.20157], [73.88857, 18.20593], [73.89273, 18.20597], [73.89373, 18.20537], [73.89575, 18.20528], [73.8993, 18.20626], [73.90012, 18.20709], [73.90271, 18.20751], [73.90464, 18.20876], [73.90715, 18.20898], [73.90769, 18.20976]]]}, "properties": {"panchayat_id": "IND.20.26.2_1__gp185518", "name": "Kasurdi Guma", "unit_type": "gram_panchayat", "area_km2": 2.398, "centroid_lat": 18.20314, "centroid_lon": 73.90191, "terrain": {"elevation_m": 621.2764712180666, "slope_deg": 2.0455551985657956, "monsoon_exposure": -0.03368706863610158, "ruggedness_m": 26.018467909887654, "roughness_m": 11.21813091972418, "local_relief_m": 71.08112942743924, "distance_to_coast_km": 86.33125989473476, "upwind_barrier_m": 258.7509521267946, "downwind_rise_m": 367.40602723732115, "upwind_max_elev_m": 880.0274233448612}, "block_id": "IND.20.26.2_1", "block_name": "Bhor", "district": "Pune"}}, {"type": "Feature", "geometry": {"type": "Polygon", "coordinates": [[[73.88172, 18.29704], [73.88277, 18.29004], [73.88121, 18.28629], [73.88037, 18.28534], [73.88125, 18.28175], [73.88122, 18.2802], [73.88032, 18.27755], [73.88043, 18.27572], [73.88112, 18.27231], [73.88494, 18.26503], [73.87477, 18.26123], [73.86823, 18.26081], [73.86672, 18.26269], [73.86698, 18.26671], [73.86779, 18.26695], [73.86779, 18.26791], [73.86591, 18.26928], [73.86527, 18.27348], [73.86637, 18.27409], [73.86721, 18.27365], [73.8673, 18.27415], [73.86575, 18.27588], [73.86544, 18.2781], [73.86421, 18.27895], [73.86312, 18.28088], [73.86277, 18.28596], [73.86363, 18.28804], [73.86722, 18.28939], [73.86937, 18.29226], [73.87269, 18.29371], [73.87526, 18.29387], [73.88007, 18.29541], [73.88172, 18.29704]]]}, "properties": {"panchayat_id": "IND.20.26.2_1__gp185520", "name": "Kelawade", "unit_type": "gram_panchayat", "area_km2": 5.974, "centroid_lat": 18.27793, "centroid_lon": 73.87373, "terrain": {"elevation_m": 676.0004060440697, "slope_deg": 1.2995935093450446, "monsoon_exposure": 0.022391285763663123, "ruggedness_m": 31.575393764959543, "roughness_m": 20.201986974643766, "local_relief_m": 80.51986022979293, "distance_to_coast_km": 83.54584136011297, "upwind_barrier_m": 288.07467226512017, "downwind_rise_m": 261.3223784499718, "upwind_max_elev_m": 964.0750783091898}, "block_id": "IND.20.26.2_1", "block_name": "Bhor", "district": "Pune"}}, {"type": "Feature", "geometry": {"type": "Polygon", "coordinates": [[[73.92918, 18.19729], [73.93394, 18.19599], [73.93949, 18.19316], [73.94601, 18.19154], [73.9497, 18.19117], [73.94854, 18.18393], [73.94643, 18.17848], [73.94539, 18.17898], [73.94392, 18.17894], [73.94152, 18.1783], [73.94044, 18.17667], [73.94002, 18.17466], [73.93865, 18.17312], [73.93801, 18.17381], [73.93517, 18.17199], [73.93053, 18.17157], [73.92252, 18.17171], [73.9229, 18.17263], [73.92182, 18.17607], [73.92291, 18.17621], [73.9227, 18.1785], [73.92191, 18.17934], [73.92054, 18.18265], [73.91765, 18.18578], [73.91808, 18.18651], [73.91774, 18.18737], [73.9186, 18.18904], [73.91856, 18.19071], [73.9193, 18.19148], [73.92165, 18.19168], [73.92859, 18.19621], [73.92918, 18.19729]]]}, "properties": {"panchayat_id": "IND.20.26.2_1__gp185521", "name": "Kenjal", "unit_type": "gram_panchayat", "area_km2": 6.325, "centroid_lat": 18.18426, "centroid_lon": 73.9331, "terrain": {"elevation_m": 604.5015837305691, "slope_deg": 0.6437416120118759, "monsoon_exposure": 0.003606457559165795, "ruggedness_m": 9.695087088882932, "roughness_m": 6.507332550978555, "local_relief_m": 27.416544047513526, "distance_to_coast_km": 89.66390810691043, "upwind_barrier_m": 329.49656146167194, "downwind_rise_m": 237.26190214572614, "upwind_max_elev_m": 933.998145192241}, "block_id": "IND.20.26.2_1", "block_name": "Bhor", "district": "Pune"}}, {"type": "Feature", "geometry": {"type": "Polygon", "coordinates": [[[73.88307, 18.24408], [73.88547, 18.24259], [73.88892, 18.24166], [73.8854, 18.22883], [73.883, 18.22492], [73.87776, 18.2265], [73.87759, 18.22904], [73.87847, 18.23088], [73.87785, 18.23262], [73.87854, 18.23799], [73.88013, 18.2409], [73.88015, 18.24184], [73.88128, 18.24216], [73.88219, 18.24158], [73.88357, 18.24201], [73.88272, 18.2436], [73.88307, 18.24408]]]}, "properties": {"panchayat_id": "IND.20.26.2_1__gp185522", "name": "Khadki", "unit_type": "gram_panchayat", "area_km2": 1.57, "centroid_lat": 18.23453, "centroid_lon": 73.88273, "terrain": {"elevation_m": 632.9087361292123, "slope_deg": 1.1486144970446908, "monsoon_exposure": 0.01121676846590665, "ruggedness_m": 15.57529943646099, "roughness_m": 10.01302448804115, "local_relief_m": 52.986106582499474, "distance_to_coast_km": 84.29866152189169, "upwind_barrier_m": 315.67967322614584, "downwind_rise_m": 498.2556252407279, "upwind_max_elev_m": 948.5884093553582}, "block_id": "IND.20.26.2_1", "block_name": "Bhor", "district": "Pune"}}, {"type": "Feature", "geometry": {"type": "Polygon", "coordinates": [[[73.85398, 18.1199], [73.86096, 18.11958], [73.86339, 18.11287], [73.86448, 18.11108], [73.86641, 18.10971], [73.86649, 18.10688], [73.86753, 18.10466], [73.86922, 18.10182], [73.87033, 18.10136], [73.87401, 18.09539], [73.87339, 18.09458], [73.8678, 18.09123], [73.86677, 18.09102], [73.8638, 18.09123], [73.86116, 18.09238], [73.85837, 18.09156], [73.85467, 18.09218], [73.8541, 18.09465], [73.8535, 18.09508], [73.85237, 18.10101], [73.85125, 18.10334], [73.84887, 18.10366], [73.84891, 18.10452], [73.84953, 18.10491], [73.85157, 18.1048], [73.85092, 18.1072], [73.8502, 18.10804], [73.84958, 18.10703], [73.84762, 18.10732], [73.84576, 18.10575], [73.84372, 18.10602], [73.84291, 18.10952], [73.83849, 18.11323], [73.84177, 18.11611], [73.84002, 18.11703], [73.84383, 18.11803], [73.84646, 18.11638], [73.8486, 18.11727], [73.84829, 18.1178], [73.85383, 18.11903], [73.85398, 18.1199]]]}, "properties": {"panchayat_id": "IND.20.26.2_1__gp185523", "name": "Khanapur", "unit_type": "gram_panchayat", "area_km2": 6.15, "centroid_lat": 18.10573, "centroid_lon": 73.85739, "terrain": {"elevation_m": 682.3460252142977, "slope_deg": 1.3384224619595597, "monsoon_exposure": 0.00042459332275737185, "ruggedness_m": 39.54034892037243, "roughness_m": 25.957295853835266, "local_relief_m": 123.35902057785756, "distance_to_coast_km": 82.64926612208407, "upwind_barrier_m": 659.1085515465238, "downwind_rise_m": 184.31623848001857, "upwind_max_elev_m": 1341.4545767608215}, "block_id": "IND.20.26.2_1", "block_name": "Bhor", "district": "Pune"}}, {"type": "Feature", "geometry": {"type": "Polygon", "coordinates": [[[73.84028, 18.33046], [73.8411, 18.33009], [73.8415, 18.32902], [73.84084, 18.32822], [73.84149, 18.32712], [73.84182, 18.32496], [73.84365, 18.32404], [73.84402, 18.32222], [73.84566, 18.31937], [73.84647, 18.31913], [73.84835, 18.31961], [73.84932, 18.31855], [73.85, 18.31649], [73.85287, 18.31569], [73.85461, 18.31136], [73.85072, 18.30949], [73.84754, 18.30601], [73.84426, 18.30402], [73.84174, 18.3038], [73.84004, 18.30223], [73.83555, 18.30021], [73.83397, 18.30151], [73.83063, 18.30293], [73.82604, 18.30299], [73.82359, 18.30379], [73.82149, 18.3052], [73.82061, 18.312], [73.8199, 18.31338], [73.82435, 18.31553], [73.82543, 18.31677], [73.82748, 18.32166], [73.83073, 18.32485], [73.83379, 18.32641], [73.83658, 18.32931], [73.84028, 18.33046]]]}, "properties": {"panchayat_id": "IND.20.26.2_1__gp185524", "name": "Khopi", "unit_type": "gram_panchayat", "area_km2": 6.664, "centroid_lat": 18.31365, "centroid_lon": 73.83646, "terrain": {"elevation_m": 758.00361963044, "slope_deg": 5.33946538533687, "monsoon_exposure": -0.08930778524172645, "ruggedness_m": 93.91624874697483, "roughness_m": 51.34743283845806, "local_relief_m": 239.809882432211, "distance_to_coast_km": 79.80882613930547, "upwind_barrier_m": 545.0777995858834, "downwind_rise_m": 215.07702114977678, "upwind_max_elev_m": 1303.0814192163234}, "block_id": "IND.20.26.2_1", "block_name": "Bhor", "district": "Pune"}}, {"type": "Feature", "geometry": {"type": "Polygon", "coordinates": [[[73.94716, 18.20522], [73.94658, 18.20347], [73.94719, 18.20205], [73.94646, 18.20097], [73.95061, 18.19856], [73.95269, 18.19657], [73.9497, 18.19117], [73.94601, 18.19154], [73.93949, 18.19316], [73.93394, 18.19599], [73.92918, 18.19729], [73.93109, 18.20252], [73.93399, 18.20779], [73.9367, 18.21157], [73.93722, 18.21318], [73.94398, 18.21304], [73.94579, 18.20985], [73.9456, 18.2083], [73.94651, 18.20665], [73.94576, 18.206], [73.94636, 18.2051], [73.94716, 18.20522]]]}, "properties": {"panchayat_id": "IND.20.26.2_1__gp185525", "name": "Kikvi", "unit_type": "gram_panchayat", "area_km2": 3.441, "centroid_lat": 18.20152, "centroid_lon": 73.9408, "terrain": {"elevation_m": 621.0673195833806, "slope_deg": 0.919340497649202, "monsoon_exposure": 0.008135946063776534, "ruggedness_m": 11.030914413459824, "roughness_m": 4.126021252266689, "local_relief_m": 31.947684421853523, "distance_to_coast_km": 90.38812659295967, "upwind_barrier_m": 358.35849165895263, "downwind_rise_m": 241.50419504234787, "upwind_max_elev_m": 979.4258112423332}, "block_id": "IND.20.26.2_1", "block_name": "Bhor", "district": "Pune"}}, {"type": "Feature", "geometry": {"type": "Polygon", "coordinates": [[[73.83299, 18.26347], [73.83144, 18.26068], [73.83013, 18.25987], [73.83015, 18.25864], [73.82909, 18.25779], [73.82821, 18.25556], [73.82353, 18.25724], [73.81972, 18.25738], [73.81997, 18.26211], [73.82092, 18.26549], [73.82791, 18.26491], [73.83299, 18.26347]]]}, "properties": {"panchayat_id": "IND.20.26.2_1__gp185526", "name": "Kolavadi", "unit_type": "gram_panchayat", "area_km2": 1.019, "centroid_lat": 18.26099, "centroid_lon": 73.82553, "terrain": {"elevation_m": 648.7380922857847, "slope_deg": 0.26049209156169595, "monsoon_exposure": 0.003362390184740987, "ruggedness_m": 22.114284635503868, "roughness_m": 20.379356989440506, "local_relief_m": 66.9607682320069, "distance_to_coast_km": 78.42502589810812, "upwind_barrier_m": 128.9716503581726, "downwind_rise_m": 266.71551493982133, "upwind_max_elev_m": 777.7097426439573}, "block_id": "IND.20.26.2_1", "block_name": "Bhor", "district": "Pune"}}, {"type": "Feature", "geometry": {"type": "Polygon", "coordinates": [[[73.70622, 18.1136], [73.70879, 18.11227], [73.70884, 18.11135], [73.70739, 18.10681], [73.70764, 18.10328], [73.70726, 18.10024], [73.70673, 18.09869], [73.705, 18.09832], [73.70547, 18.09487], [73.70507, 18.09397], [73.70303, 18.09324], [73.70004, 18.09618], [73.69701, 18.09583], [73.69389, 18.09615], [73.69286, 18.0967], [73.69007, 18.0967], [73.68878, 18.09738], [73.68835, 18.09839], [73.68655, 18.09841], [73.68666, 18.09902], [73.68354, 18.10175], [73.68433, 18.10564], [73.68356, 18.1084], [73.68462, 18.10928], [73.68489, 18.1107], [73.68455, 18.11161], [73.68539, 18.11303], [73.6841, 18.11632], [73.68415, 18.11878], [73.68474, 18.12], [73.68357, 18.12165], [73.68257, 18.12494], [73.67934, 18.13096], [73.67814, 18.13211], [73.67895, 18.13321], [73.67864, 18.13344], [73.68105, 18.13544], [73.69209, 18.12842], [73.69534, 18.12726], [73.69952, 18.12382], [73.70123, 18.12056], [73.70326, 18.11837], [73.70573, 18.11699], [73.70622, 18.1136]]]}, "properties": {"panchayat_id": "IND.20.26.2_1__gp185527", "name": "Kondhari B.K.", "unit_type": "gram_panchayat", "area_km2": 8.074, "centroid_lat": 18.11254, "centroid_lon": 73.69407, "terrain": {"elevation_m": 654.6303673361544, "slope_deg": 2.1151153413888277, "monsoon_exposure": 0.013365223426567182, "ruggedness_m": 107.47165281470255, "roughness_m": 91.79868607208962, "local_relief_m": 221.65421501316564, "distance_to_coast_km": 65.68081617874154, "upwind_barrier_m": 164.0102394790814, "downwind_rise_m": 221.94224261144177, "upwind_max_elev_m": 818.6406068152359}, "block_id": "IND.20.26.2_1", "block_name": "Bhor", "district": "Pune"}}, {"type": "Feature", "geometry": {"type": "Polygon", "coordinates": [[[73.74698, 18.05195], [73.75229, 18.04865], [73.7574, 18.04808], [73.75829, 18.04747], [73.75963, 18.04533], [73.75983, 18.04392], [73.76382, 18.04233], [73.76561, 18.04076], [73.76709, 18.0407], [73.7659, 18.03869], [73.76241, 18.03817], [73.76059, 18.03703], [73.7592, 18.03794], [73.75731, 18.03708], [73.75552, 18.03852], [73.75119, 18.03752], [73.74647, 18.03798], [73.742, 18.03777], [73.74124, 18.03723], [73.74085, 18.03751], [73.73952, 18.03693], [73.73694, 18.03687], [73.73233, 18.03738], [73.72635, 18.03989], [73.7264, 18.04111], [73.73329, 18.04668], [73.73852, 18.0488], [73.74277, 18.05112], [73.74698, 18.05195]]]}, "properties": {"panchayat_id": "IND.20.26.2_1__gp185528", "name": "Korle", "unit_type": "gram_panchayat", "area_km2": 4.275, "centroid_lat": 18.04304, "centroid_lon": 73.74595, "terrain": {"elevation_m": 900.6142005299325, "slope_deg": 13.249566835855259, "monsoon_exposure": 0.005468745530776369, "ruggedness_m": 216.49111052368846, "roughness_m": 133.14610577791373, "local_relief_m": 550.3662738618693, "distance_to_coast_km": 72.4605736436689, "upwind_barrier_m": 462.59966226044435, "downwind_rise_m": 15.12457050643502, "upwind_max_elev_m": 1363.2138627903769}, "block_id": "IND.20.26.2_1", "block_name": "Bhor", "district": "Pune"}}, {"type": "Feature", "geometry": {"type": "Polygon", "coordinates": [[[73.65556, 18.19469], [73.66018, 18.19239], [73.66167, 18.1867], [73.66363, 18.1843], [73.66259, 18.18288], [73.66139, 18.18275], [73.65944, 18.18534], [73.65681, 18.18451], [73.65421, 18.18519], [73.6522, 18.18385], [73.65134, 18.18234], [73.65352, 18.17892], [73.65295, 18.17788], [73.65355, 18.1766], [73.65321, 18.17479], [73.65232, 18.17389], [73.65232, 18.1729], [73.65174, 18.17269], [73.64956, 18.1721], [73.6453, 18.17272], [73.64208, 18.17384], [73.64018, 18.17521], [73.63841, 18.17554], [73.63685, 18.17466], [73.63439, 18.17609], [73.63272, 18.17615], [73.63165, 18.1745], [73.63076, 18.17459], [73.62718, 18.17629], [73.62371, 18.17664], [73.61614, 18.18095], [73.61644, 18.18563], [73.62176, 18.19155], [73.62212, 18.19386], [73.62316, 18.19484], [73.62337, 18.19598], [73.62164, 18.19614], [73.6218, 18.19817], [73.62547, 18.20373], [73.62518, 18.20979], [73.62225, 18.21157], [73.62017, 18.21217], [73.62309, 18.22035], [73.62755, 18.22019], [73.62928, 18.21885], [73.63294, 18.21893], [73.63426, 18.21843], [73.63472, 18.21736], [73.63576, 18.21663], [73.63809, 18.217], [73.63918, 18.21534], [73.64123, 18.21531], [73.64372, 18.21413], [73.64443, 18.21332], [73.64423, 18.21286], [73.64073, 18.20862], [73.63958, 18.20823], [73.63846, 18.20619], [73.6404, 18.2037], [73.64033, 18.20217], [73.64162, 18.20067], [73.64304, 18.20045], [73.64483, 18.19858], [73.64509, 18.1971], [73.64582, 18.1964], [73.64686, 18.19634], [73.64787, 18.19501], [73.6502, 18.19405], [73.65556, 18.19469]]]}, "properties": {"panchayat_id": "IND.20.26.2_1__gp185529", "name": "Kumbale", "unit_type": "gram_panchayat", "area_km2": 13.632, "centroid_lat": 18.19306, "centroid_lon": 73.63636, "terrain": {"elevation_m": 632.7901348012139, "slope_deg": 3.3549534111299635, "monsoon_exposure": 0.05432491207884526, "ruggedness_m": 70.01777767153638, "roughness_m": 72.44829440552726, "local_relief_m": 112.48899478849796, "distance_to_coast_km": 58.720799116646454, "upwind_barrier_m": 140.50250161985184, "downwind_rise_m": 172.39590517736383, "upwind_max_elev_m": 773.2926364210657}, "block_id": "IND.20.26.2_1", "block_name": "Bhor", "district": "Pune"}}, {"type": "Feature", "geometry": {"type": "Polygon", "coordinates": [[[73.82342, 18.30393], [73.82604, 18.30299], [73.83063, 18.30293], [73.83397, 18.30151], [73.83757, 18.29847], [73.8416, 18.29655], [73.8414, 18.29276], [73.84191, 18.29248], [73.84318, 18.28786], [73.8425, 18.28418], [73.84324, 18.28279], [73.84286, 18.28131], [73.8442, 18.27946], [73.8448, 18.27597], [73.84401, 18.27566], [73.84229, 18.27248], [73.83891, 18.27046], [73.83581, 18.26753], [73.83299, 18.26347], [73.82791, 18.26491], [73.82092, 18.26549], [73.81674, 18.26635], [73.81654, 18.26678], [73.81621, 18.27259], [73.81922, 18.28055], [73.82113, 18.28287], [73.81921, 18.28451], [73.81962, 18.28598], [73.81924, 18.28738], [73.81946, 18.28955], [73.81999, 18.2904], [73.82249, 18.29204], [73.82232, 18.29385], [73.82304, 18.29547], [73.82368, 18.30029], [73.82281, 18.30316], [73.82342, 18.30393]]]}, "properties": {"panchayat_id": "IND.20.26.2_1__gp185530", "name": "Kurungvadi", "unit_type": "gram_panchayat", "area_km2": 9.087, "centroid_lat": 18.28248, "centroid_lon": 73.83041, "terrain": {"elevation_m": 699.1219896152925, "slope_deg": 1.643956474771185, "monsoon_exposure": 0.007003223239413023, "ruggedness_m": 120.62942037962421, "roughness_m": 105.01535519986813, "local_relief_m": 232.75929208668424, "distance_to_coast_km": 79.07133518455049, "upwind_barrier_m": 183.454474066716, "downwind_rise_m": 197.53004221398555, "upwind_max_elev_m": 882.5764636820085}, "block_id": "IND.20.26.2_1", "block_name": "Bhor", "district": "Pune"}}, {"type": "Feature", "geometry": {"type": "Polygon", "coordinates": [[[73.72162, 18.24165], [73.72387, 18.23804], [73.72364, 18.23622], [73.72697, 18.227], [73.72762, 18.22152], [73.7272, 18.2203], [73.72882, 18.21581], [73.72756, 18.21442], [73.72645, 18.21555], [73.72608, 18.21381], [73.72436, 18.2136], [73.7242, 18.21257], [73.72314, 18.21256], [73.72276, 18.21311], [73.72082, 18.21246], [73.72037, 18.21393], [73.71985, 18.21396], [73.71966, 18.21296], [73.71874, 18.2126], [73.71784, 18.21291], [73.71683, 18.21151], [73.71527, 18.21095], [73.71565, 18.20995], [73.71494, 18.20981], [73.71509, 18.20836], [73.71398, 18.20632], [73.71271, 18.20695], [73.71212, 18.20913], [73.70933, 18.21122], [73.70853, 18.21244], [73.70895, 18.21406], [73.70852, 18.21612], [73.70874, 18.22294], [73.70966, 18.22542], [73.70976, 18.22847], [73.71073, 18.23003], [73.71082, 18.23154], [73.70936, 18.23744], [73.70994, 18.24006], [73.71181, 18.2401], [73.71239, 18.23906], [73.71578, 18.24141], [73.7188, 18.24156], [73.72012, 18.24077], [73.72116, 18.24094], [73.72162, 18.24165]]]}, "properties": {"panchayat_id": "IND.20.26.2_1__gp185531", "name": "Kurunji", "unit_type": "gram_panchayat", "area_km2": 5.59, "centroid_lat": 18.22494, "centroid_lon": 73.71759, "terrain": {"elevation_m": 724.4908987765217, "slope_deg": 4.996693676529416, "monsoon_exposure": 0.04977939617569947, "ruggedness_m": 85.97561468847525, "roughness_m": 43.37288559001427, "local_relief_m": 240.6650470396837, "distance_to_coast_km": 67.0819829234696, "upwind_barrier_m": 87.6798504455611, "downwind_rise_m": 133.73578795072717, "upwind_max_elev_m": 812.1707492220828}, "block_id": "IND.20.26.2_1", "block_name": "Bhor", "district": "Pune"}}, {"type": "Feature", "geometry": {"type": "Polygon", "coordinates": [[[73.83367, 18.33776], [73.83921, 18.33372], [73.84006, 18.33209], [73.83955, 18.33139], [73.84028, 18.33046], [73.83658, 18.32931], [73.83379, 18.32641], [73.83073, 18.32485], [73.82748, 18.32166], [73.82543, 18.31677], [73.82435, 18.31553], [73.8199, 18.31338], [73.81964, 18.31388], [73.81519, 18.31404], [73.81133, 18.31547], [73.81066, 18.31532], [73.81033, 18.31465], [73.8074, 18.31454], [73.80421, 18.3155], [73.80174, 18.31714], [73.79909, 18.31783], [73.80024, 18.31851], [73.7989, 18.32313], [73.79548, 18.3227], [73.79457, 18.3238], [73.79852, 18.3257], [73.79931, 18.32568], [73.80256, 18.32851], [73.80593, 18.32984], [73.80813, 18.33214], [73.81194, 18.33318], [73.8147, 18.3321], [73.81793, 18.33304], [73.82055, 18.33725], [73.82433, 18.3361], [73.82505, 18.33569], [73.8249, 18.3349], [73.82621, 18.33533], [73.82643, 18.33627], [73.82792, 18.33656], [73.82853, 18.33596], [73.82914, 18.33614], [73.82981, 18.33718], [73.83232, 18.33638], [73.83367, 18.33776]]]}, "properties": {"panchayat_id": "IND.20.26.2_1__gp185532", "name": "Kusagaon", "unit_type": "gram_panchayat", "area_km2": 6.931, "centroid_lat": 18.3255, "centroid_lon": 73.81804, "terrain": {"elevation_m": 789.3228947425637, "slope_deg": 3.7646969492764675, "monsoon_exposure": -0.057070779020843725, "ruggedness_m": 90.60115618967649, "roughness_m": 68.1880024980746, "local_relief_m": 176.10401529142496, "distance_to_coast_km": 77.97288701398111, "upwind_barrier_m": 291.2768933198172, "downwind_rise_m": 170.00543382915384, "upwind_max_elev_m": 1080.5997880623809}, "block_id": "IND.20.26.2_1", "block_name": "Bhor", "district": "Pune"}}, {"type": "Feature", "geometry": {"type": "Polygon", "coordinates": [[[73.77837, 18.15], [73.78056, 18.151], [73.78185, 18.1506], [73.78275, 18.14955], [73.78483, 18.15042], [73.78555, 18.15013], [73.78637, 18.1506], [73.78884, 18.1507], [73.78937, 18.14817], [73.78795, 18.14801], [73.78508, 18.14863], [73.7841, 18.14771], [73.78147, 18.14694], [73.77893, 18.1446], [73.77525, 18.14222], [73.77159, 18.1414], [73.76785, 18.13739], [73.76826, 18.13654], [73.76744, 18.13484], [73.7637, 18.1343], [73.761, 18.13464], [73.76051, 18.13419], [73.75733, 18.13515], [73.75653, 18.13473], [73.75361, 18.13534], [73.75165, 18.13477], [73.75032, 18.13638], [73.7453, 18.1368], [73.74374, 18.13822], [73.7435, 18.13941], [73.74243, 18.1404], [73.74207, 18.14193], [73.74015, 18.14222], [73.73944, 18.14357], [73.73753, 18.14454], [73.73563, 18.14645], [73.73555, 18.15003], [73.73441, 18.15004], [73.73275, 18.15292], [73.73488, 18.15603], [73.7365, 18.15727], [73.73702, 18.15858], [73.74084, 18.16177], [73.74769, 18.15832], [73.75369, 18.15622], [73.75857, 18.15522], [73.76146, 18.15279], [73.76643, 18.15134], [73.76674, 18.15071], [73.77488, 18.15066], [73.77837, 18.15]]]}, "properties": {"panchayat_id": "IND.20.26.2_1__gp185533", "name": "Mahude Bk.", "unit_type": "gram_panchayat", "area_km2": 8.701, "centroid_lat": 18.14689, "centroid_lon": 73.75553, "terrain": {"elevation_m": 701.4822829105642, "slope_deg": 3.0266165847916136, "monsoon_exposure": -0.04386663189259181, "ruggedness_m": 101.51703007456622, "roughness_m": 85.6215979371923, "local_relief_m": 226.22878900042838, "distance_to_coast_km": 71.55555135254771, "upwind_barrier_m": 209.72984752495404, "downwind_rise_m": 132.0495440743482, "upwind_max_elev_m": 911.2121304355182}, "block_id": "IND.20.26.2_1", "block_name": "Bhor", "district": "Pune"}}, {"type": "Feature", "geometry": {"type": "Polygon", "coordinates": [[[73.7717, 18.17259], [73.77186, 18.1695], [73.7747, 18.16637], [73.77537, 18.16374], [73.77713, 18.16173], [73.77706, 18.15563], [73.77736, 18.15324], [73.77802, 18.15268], [73.77783, 18.15189], [73.77855, 18.15159], [73.77892, 18.15074], [73.77837, 18.15], [73.77488, 18.15066], [73.76674, 18.15071], [73.76643, 18.15134], [73.76146, 18.15279], [73.75857, 18.15522], [73.75369, 18.15622], [73.74769, 18.15832], [73.74105, 18.16166], [73.74446, 18.16722], [73.75162, 18.1697], [73.75312, 18.17286], [73.75782, 18.17239], [73.76142, 18.17084], [73.76343, 18.17087], [73.76949, 18.17276], [73.77051, 18.17219], [73.7717, 18.17259]]]}, "properties": {"panchayat_id": "IND.20.26.2_1__gp185534", "name": "Mahude Kh.", "unit_type": "gram_panchayat", "area_km2": 6.221, "centroid_lat": 18.16192, "centroid_lon": 73.76198, "terrain": {"elevation_m": 750.0732204477536, "slope_deg": 10.118430527147524, "monsoon_exposure": 0.02549255397243467, "ruggedness_m": 168.84540332646282, "roughness_m": 82.28630693007015, "local_relief_m": 423.27563098957603, "distance_to_coast_km": 72.04638551274765, "upwind_barrier_m": 237.5043896726039, "downwind_rise_m": 39.46668042770159, "upwind_max_elev_m": 987.5776101203575}, "block_id": "IND.20.26.2_1", "block_name": "Bhor", "district": "Pune"}}, {"type": "Feature", "geometry": {"type": "Polygon", "coordinates": [[[73.71252, 18.20716], [73.7116, 18.20644], [73.71245, 18.20429], [73.71125, 18.20408], [73.71167, 18.20542], [73.71077, 18.20629], [73.71128, 18.20778], [73.71083, 18.20863], [73.70971, 18.20835], [73.70876, 18.20948], [73.70706, 18.20931], [73.70651, 18.20995], [73.70698, 18.21151], [73.70566, 18.21171], [73.70542, 18.21097], [73.704, 18.21101], [73.70392, 18.21472], [73.70292, 18.21281], [73.70204, 18.21278], [73.70075, 18.21382], [73.69971, 18.21304], [73.69817, 18.21374], [73.69681, 18.21358], [73.69612, 18.21249], [73.69763, 18.21234], [73.69891, 18.21147], [73.70159, 18.21118], [73.702, 18.2094], [73.70402, 18.20889], [73.70414, 18.20815], [73.70497, 18.20772], [73.70526, 18.20607], [73.70586, 18.20665], [73.70676, 18.20653], [73.70668, 18.20551], [73.70602, 18.20535], [73.70504, 18.20389], [73.70363, 18.20409], [73.70323, 18.20345], [73.7039, 18.20263], [73.70379, 18.2018], [73.7028, 18.2011], [73.70168, 18.20117], [73.70255, 18.20003], [73.70191, 18.19941], [73.69666, 18.20599], [73.69288, 18.20613], [73.69224, 18.20564], [73.68931, 18.20686], [73.68523, 18.20691], [73.68427, 18.20793], [73.68233, 18.20868], [73.68085, 18.21122], [73.67731, 18.21388], [73.6734, 18.2212], [73.67045, 18.22477], [73.66933, 18.22546], [73.67421, 18.22675], [73.6735, 18.23027], [73.67686, 18.23006], [73.67827, 18.23113], [73.67888, 18.23355], [73.68031, 18.23227], [73.68138, 18.22966], [73.6814, 18.22747], [73.6831, 18.22557], [73.68418, 18.22579], [73.68499, 18.22818], [73.68562, 18.22856], [73.68562, 18.22965], [73.68638, 18.23036], [73.68677, 18.22951], [73.68833, 18.22847], [73.68995, 18.22812], [73.69227, 18.23143], [73.69252, 18.2333], [73.6935, 18.2325], [73.69468, 18.23327], [73.69577, 18.23231], [73.69589, 18.22983], [73.69787, 18.22872], [73.69878, 18.22908], [73.70092, 18.23382], [73.70033, 18.23947], [73.70994, 18.24006], [73.70934, 18.23717], [73.71082, 18.23154], [73.71073, 18.23003], [73.70976, 18.22847], [73.70966, 18.22542], [73.70874, 18.22294], [73.70852, 18.21612], [73.70895, 18.21406], [73.70853, 18.21244], [73.70933, 18.21122], [73.71212, 18.20913], [73.71252, 18.20716]]]}, "properties": {"panchayat_id": "IND.20.26.2_1__gp185535", "name": "Male", "unit_type": "gram_panchayat", "area_km2": 9.915, "centroid_lat": 18.22041, "centroid_lon": 73.69396, "terrain": {"elevation_m": 665.5427982347217, "slope_deg": 3.34312185385534, "monsoon_exposure": -0.011375185820750757, "ruggedness_m": 86.84107883770403, "roughness_m": 61.066957907421, "local_relief_m": 213.42721445355335, "distance_to_coast_km": 64.62101776809862, "upwind_barrier_m": 202.16089032842785, "downwind_rise_m": 144.56540421064153, "upwind_max_elev_m": 867.7036885631495}, "block_id": "IND.20.26.2_1", "block_name": "Bhor", "district": "Pune"}}, {"type": "Feature", "geometry": {"type": "Polygon", "coordinates": [[[73.86679, 18.26472], [73.86672, 18.26269], [73.86823, 18.26081], [73.86836, 18.25958], [73.87067, 18.25686], [73.87445, 18.25414], [73.8754, 18.25211], [73.87561, 18.24617], [73.87767, 18.24495], [73.87816, 18.24304], [73.88015, 18.24184], [73.88013, 18.2409], [73.87868, 18.23792], [73.87722, 18.23778], [73.86956, 18.23987], [73.86756, 18.24125], [73.86645, 18.24161], [73.86555, 18.24127], [73.8644, 18.24229], [73.86733, 18.24974], [73.86716, 18.25136], [73.86385, 18.2534], [73.86099, 18.25589], [73.8583, 18.25994], [73.85762, 18.26222], [73.85662, 18.26323], [73.85728, 18.26345], [73.85795, 18.26275], [73.86679, 18.26472]]]}, "properties": {"panchayat_id": "IND.20.26.2_1__gp185536", "name": "Malegaon", "unit_type": "gram_panchayat", "area_km2": 2.98, "centroid_lat": 18.25081, "centroid_lon": 73.86912, "terrain": {"elevation_m": 728.8472658594972, "slope_deg": 0.49471571923180563, "monsoon_exposure": -0.0016356173296088947, "ruggedness_m": 84.06038982622006, "roughness_m": 76.27767508987868, "local_relief_m": 189.62207388899583, "distance_to_coast_km": 82.91910796793674, "upwind_barrier_m": 154.6137413815868, "downwind_rise_m": 166.86098978191637, "upwind_max_elev_m": 883.461007241084}, "block_id": "IND.20.26.2_1", "block_name": "Bhor", "district": "Pune"}}, {"type": "Feature", "geometry": {"type": "Polygon", "coordinates": [[[73.83495, 18.21893], [73.84094, 18.2149], [73.83945, 18.21293], [73.83818, 18.20874], [73.83622, 18.20607], [73.83602, 18.2051], [73.83405, 18.20446], [73.83218, 18.2005], [73.83161, 18.20044], [73.8318, 18.19892], [73.82932, 18.19362], [73.82829, 18.19458], [73.8279, 18.19593], [73.82628, 18.1963], [73.82542, 18.19745], [73.82389, 18.19729], [73.82263, 18.19795], [73.8228, 18.19937], [73.82228, 18.20005], [73.82073, 18.19964], [73.81931, 18.19992], [73.81862, 18.20194], [73.81626, 18.20205], [73.81418, 18.20345], [73.81282, 18.20902], [73.81342, 18.21006], [73.815, 18.21065], [73.81493, 18.2118], [73.8156, 18.21189], [73.81631, 18.2132], [73.81654, 18.21561], [73.81796, 18.21787], [73.81836, 18.21826], [73.81898, 18.21807], [73.8189, 18.21908], [73.82152, 18.22399], [73.82262, 18.22411], [73.82472, 18.22198], [73.82608, 18.22128], [73.82758, 18.22176], [73.83149, 18.22137], [73.83459, 18.21993], [73.83495, 18.21893]]]}, "properties": {"panchayat_id": "IND.20.26.2_1__gp185537", "name": "Mazgaon", "unit_type": "gram_panchayat", "area_km2": 5.488, "centroid_lat": 18.21004, "centroid_lon": 73.8264, "terrain": {"elevation_m": 695.749215332754, "slope_deg": 6.610721827553923, "monsoon_exposure": 0.0825098816824287, "ruggedness_m": 121.71873796654337, "roughness_m": 59.225903990119555, "local_relief_m": 358.4542357175826, "distance_to_coast_km": 78.44249758134353, "upwind_barrier_m": 382.8730800196398, "downwind_rise_m": 435.90545919233944, "upwind_max_elev_m": 1078.6222953523938}, "block_id": "IND.20.26.2_1", "block_name": "Bhor", "district": "Pune"}}, {"type": "Feature", "geometry": {"type": "Polygon", "coordinates": [[[73.79254, 18.06048], [73.79265, 18.05931], [73.79187, 18.05732], [73.78747, 18.05076], [73.78107, 18.05562], [73.77928, 18.05588], [73.77799, 18.05684], [73.77112, 18.06466], [73.77946, 18.06594], [73.78032, 18.06443], [73.78172, 18.06371], [73.7824, 18.06232], [73.78463, 18.06176], [73.78667, 18.06032], [73.78973, 18.05949], [73.79254, 18.06048]]]}, "properties": {"panchayat_id": "IND.20.26.2_1__gp185538", "name": "Mhakoshi", "unit_type": "gram_panchayat", "area_km2": 1.616, "centroid_lat": 18.05909, "centroid_lon": 73.78238, "terrain": {"elevation_m": 729.982213299023, "slope_deg": 4.888885823618192, "monsoon_exposure": -0.06885517836846573, "ruggedness_m": 78.08852543565408, "roughness_m": 40.85127630474887, "local_relief_m": 219.44340692424828, "distance_to_coast_km": 75.80866713976454, "upwind_barrier_m": 608.927915466483, "downwind_rise_m": 125.19318507888113, "upwind_max_elev_m": 1338.910128765506}, "block_id": "IND.20.26.2_1", "block_name": "Bhor", "district": "Pune"}}, {"type": "Feature", "geometry": {"type": "Polygon", "coordinates": [[[73.82136, 18.19111], [73.81962, 18.1891], [73.8174, 18.18492], [73.81287, 18.1815], [73.80719, 18.18073], [73.80334, 18.17933], [73.80122, 18.17933], [73.79814, 18.18155], [73.79401, 18.18193], [73.79436, 18.18317], [73.7957, 18.18458], [73.79642, 18.18716], [73.79636, 18.18931], [73.79808, 18.1957], [73.79767, 18.1966], [73.79847, 18.19827], [73.79874, 18.2008], [73.80064, 18.20195], [73.80177, 18.20182], [73.80271, 18.20057], [73.80516, 18.20125], [73.80647, 18.19893], [73.80862, 18.19745], [73.80816, 18.19443], [73.81157, 18.19559], [73.81291, 18.19436], [73.81277, 18.19321], [73.81376, 18.19284], [73.8142, 18.19162], [73.81594, 18.19266], [73.81707, 18.19237], [73.81756, 18.19102], [73.81888, 18.1905], [73.82136, 18.19111]]]}, "properties": {"panchayat_id": "IND.20.26.2_1__gp185539", "name": "Mhalavadi", "unit_type": "gram_panchayat", "area_km2": 3.997, "centroid_lat": 18.18929, "centroid_lon": 73.80588, "terrain": {"elevation_m": 677.2305353823851, "slope_deg": 8.98836972156048, "monsoon_exposure": -0.14453110121638763, "ruggedness_m": 117.20907562959793, "roughness_m": 65.52353593740035, "local_relief_m": 351.36969061012974, "distance_to_coast_km": 76.38973402129558, "upwind_barrier_m": 554.0215927764423, "downwind_rise_m": 131.5375606472569, "upwind_max_elev_m": 1231.2521281588274}, "block_id": "IND.20.26.2_1", "block_name": "Bhor", "district": "Pune"}}, {"type": "Feature", "geometry": {"type": "Polygon", "coordinates": [[[73.733, 18.15364], [73.73228, 18.15349], [73.73383, 18.1437], [73.73171, 18.13965], [73.73064, 18.13605], [73.73098, 18.13123], [73.73251, 18.12999], [73.73208, 18.1251], [73.73329, 18.12352], [73.73218, 18.1226], [73.73169, 18.12158], [73.7319, 18.12061], [73.73139, 18.12009], [73.73151, 18.11947], [73.73323, 18.11917], [73.73291, 18.11863], [73.7333, 18.11738], [73.73289, 18.11687], [73.73324, 18.11492], [73.73187, 18.11293], [73.73213, 18.11059], [73.73138, 18.11086], [73.72969, 18.11046], [73.7288, 18.11124], [73.72656, 18.11157], [73.72217, 18.11447], [73.72141, 18.11582], [73.71781, 18.11848], [73.71719, 18.12014], [73.71639, 18.12038], [73.7159, 18.12134], [73.71566, 18.12412], [73.71602, 18.12738], [73.71506, 18.13075], [73.71565, 18.13129], [73.71596, 18.13277], [73.71504, 18.13356], [73.71342, 18.14159], [73.71727, 18.14795], [73.71767, 18.15319], [73.71625, 18.15447], [73.71646, 18.15575], [73.71814, 18.15633], [73.7184, 18.15587], [73.72119, 18.15534], [73.72429, 18.1561], [73.72764, 18.15596], [73.72867, 18.15719], [73.73006, 18.15725], [73.73126, 18.15523], [73.733, 18.15364]]]}, "properties": {"panchayat_id": "IND.20.26.2_1__gp185540", "name": "Mhasar Kh.", "unit_type": "gram_panchayat", "area_km2": 7.926, "centroid_lat": 18.13486, "centroid_lon": 73.72438, "terrain": {"elevation_m": 779.9419039046363, "slope_deg": 3.1618440534129135, "monsoon_exposure": 0.018622304069692328, "ruggedness_m": 75.85378978645913, "roughness_m": 30.975756113883726, "local_relief_m": 204.95098988758798, "distance_to_coast_km": 68.48720771649053, "upwind_barrier_m": 27.93347930426694, "downwind_rise_m": 65.74200185415077, "upwind_max_elev_m": 807.8753832089033}, "block_id": "IND.20.26.2_1", "block_name": "Bhor", "district": "Pune"}}, {"type": "Feature", "geometry": {"type": "Polygon", "coordinates": [[[73.71661, 18.1558], [73.71625, 18.15447], [73.71767, 18.15319], [73.71727, 18.14795], [73.71342, 18.14159], [73.71504, 18.13356], [73.71596, 18.13277], [73.71565, 18.13129], [73.71506, 18.13075], [73.71616, 18.12606], [73.71569, 18.12475], [73.7159, 18.12134], [73.71639, 18.12038], [73.71753, 18.11975], [73.71753, 18.11909], [73.71439, 18.12004], [73.71375, 18.1177], [73.71098, 18.1171], [73.70933, 18.11578], [73.70593, 18.11448], [73.70573, 18.11699], [73.70414, 18.11753], [73.70123, 18.12056], [73.69952, 18.12382], [73.69534, 18.12726], [73.69209, 18.12842], [73.68105, 18.13544], [73.68125, 18.13859], [73.68388, 18.1419], [73.68673, 18.14266], [73.68989, 18.14492], [73.69841, 18.1473], [73.70017, 18.14926], [73.70188, 18.15309], [73.70782, 18.15359], [73.70933, 18.15418], [73.71065, 18.15364], [73.7141, 18.15587], [73.71464, 18.15687], [73.71556, 18.15714], [73.71661, 18.1558]]]}, "properties": {"panchayat_id": "IND.20.26.2_1__gp185541", "name": "Mhasar Bk.", "unit_type": "gram_panchayat", "area_km2": 9.672, "centroid_lat": 18.13625, "centroid_lon": 73.70304, "terrain": {"elevation_m": 745.1440969903674, "slope_deg": 2.8915851400713692, "monsoon_exposure": 0.005292737645463439, "ruggedness_m": 114.90041809423121, "roughness_m": 89.38937721328453, "local_relief_m": 333.5555386131666, "distance_to_coast_km": 66.25990007936697, "upwind_barrier_m": 131.26698197746578, "downwind_rise_m": 365.0311684802916, "upwind_max_elev_m": 876.4110789678332}, "block_id": "IND.20.26.2_1", "block_name": "Bhor", "district": "Pune"}}, {"type": "Feature", "geometry": {"type": "Polygon", "coordinates": [[[73.86968, 18.22992], [73.87329, 18.22893], [73.87793, 18.22639], [73.8836, 18.22493], [73.88751, 18.22101], [73.88554, 18.21868], [73.88286, 18.21794], [73.88073, 18.21618], [73.87922, 18.21315], [73.87634, 18.20927], [73.87415, 18.20237], [73.87357, 18.20267], [73.87049, 18.20191], [73.86758, 18.20438], [73.86696, 18.20408], [73.86515, 18.20462], [73.86102, 18.20604], [73.85828, 18.2076], [73.85675, 18.20775], [73.85221, 18.21084], [73.85174, 18.21255], [73.85321, 18.21493], [73.85815, 18.21894], [73.85871, 18.22], [73.86785, 18.22378], [73.86787, 18.22573], [73.86968, 18.22992]]]}, "properties": {"panchayat_id": "IND.20.26.2_1__gp185542", "name": "Mohari Bk.", "unit_type": "gram_panchayat", "area_km2": 5.868, "centroid_lat": 18.21575, "centroid_lon": 73.8695, "terrain": {"elevation_m": 652.8716366905536, "slope_deg": 6.491142913245215, "monsoon_exposure": -0.10860626863059977, "ruggedness_m": 125.74826807073853, "roughness_m": 80.98934597625261, "local_relief_m": 296.180531481598, "distance_to_coast_km": 82.92343093406024, "upwind_barrier_m": 543.3846854551965, "downwind_rise_m": 314.7066296620882, "upwind_max_elev_m": 1196.2563221457501}, "block_id": "IND.20.26.2_1", "block_name": "Bhor", "district": "Pune"}}, {"type": "Feature", "geometry": {"type": "Polygon", "coordinates": [[[73.88751, 18.22101], [73.89239, 18.21719], [73.89474, 18.21611], [73.89457, 18.21521], [73.89516, 18.21448], [73.89487, 18.21118], [73.89387, 18.21057], [73.89323, 18.20922], [73.88215, 18.20157], [73.88113, 18.20126], [73.8787, 18.20205], [73.87415, 18.20237], [73.87634, 18.20927], [73.87922, 18.21315], [73.88073, 18.21618], [73.88286, 18.21794], [73.88554, 18.21868], [73.88751, 18.22101]]]}, "properties": {"panchayat_id": "IND.20.26.2_1__gp185543", "name": "Mohari Kh.", "unit_type": "gram_panchayat", "area_km2": 2.657, "centroid_lat": 18.21058, "centroid_lon": 73.88488, "terrain": {"elevation_m": 654.8155548678284, "slope_deg": 6.23402746642463, "monsoon_exposure": -0.04337978256278739, "ruggedness_m": 114.24340226909992, "roughness_m": 81.4863486127423, "local_relief_m": 295.04914375942644, "distance_to_coast_km": 84.53598549392642, "upwind_barrier_m": 265.87905359042986, "downwind_rise_m": 254.9923900843928, "upwind_max_elev_m": 920.6946084582582}, "block_id": "IND.20.26.2_1", "block_name": "Bhor", "district": "Pune"}}, {"type": "Feature", "geometry": {"type": "Polygon", "coordinates": [[[73.96251, 18.25362], [73.96412, 18.25278], [73.96426, 18.25161], [73.96607, 18.25043], [73.96504, 18.24861], [73.96486, 18.24551], [73.96593, 18.24351], [73.96668, 18.24354], [73.9698, 18.24038], [73.97154, 18.24012], [73.97338, 18.23847], [73.97546, 18.23771], [73.96445, 18.22916], [73.96251, 18.23243], [73.96027, 18.23177], [73.9571, 18.23236], [73.95272, 18.22655], [73.95164, 18.22344], [73.95252, 18.22288], [73.95267, 18.21885], [73.95198, 18.21828], [73.95216, 18.21649], [73.95118, 18.21397], [73.952, 18.21325], [73.95161, 18.21194], [73.95262, 18.2109], [73.95163, 18.2103], [73.95155, 18.2093], [73.95071, 18.20895], [73.95014, 18.20798], [73.94932, 18.20802], [73.94868, 18.20743], [73.94856, 18.20614], [73.94636, 18.2051], [73.94576, 18.206], [73.94651, 18.20665], [73.9456, 18.2083], [73.94579, 18.20985], [73.94398, 18.21304], [73.93722, 18.21318], [73.93847, 18.21512], [73.93994, 18.21907], [73.93978, 18.22718], [73.93785, 18.23126], [73.93953, 18.23251], [73.94045, 18.23414], [73.94151, 18.23395], [73.94494, 18.23867], [73.94711, 18.24293], [73.95103, 18.24626], [73.95195, 18.24794], [73.956, 18.25103], [73.9587, 18.25139], [73.96251, 18.25362]]]}, "properties": {"panchayat_id": "IND.20.26.2_1__gp185544", "name": "Morwadi", "unit_type": "gram_panchayat", "area_km2": 8.279, "centroid_lat": 18.23228, "centroid_lon": 73.95319, "terrain": {"elevation_m": 706.914328693697, "slope_deg": 1.5835631133214902, "monsoon_exposure": 0.013410355822106267, "ruggedness_m": 51.23186884605636, "roughness_m": 34.33796827625197, "local_relief_m": 175.08089188629117, "distance_to_coast_km": 91.64037515428606, "upwind_barrier_m": 141.29789435264865, "downwind_rise_m": 227.83841632258293, "upwind_max_elev_m": 848.2122230463457}, "block_id": "IND.20.26.2_1", "block_name": "Bhor", "district": "Pune"}}, {"type": "Feature", "geometry": {"type": "Polygon", "coordinates": [[[74.02479, 18.1884], [74.02621, 18.18814], [74.02223, 18.18423], [74.02056, 18.18016], [74.01971, 18.18046], [74.01695, 18.17459], [74.01282, 18.16855], [74.01237, 18.16699], [74.01074, 18.16697], [74.00997, 18.16362], [74.01169, 18.16362], [74.0166, 18.16617], [74.02416, 18.16877], [74.02429, 18.1648], [74.02323, 18.1647], [74.02292, 18.15971], [74.02242, 18.15947], [74.02151, 18.15469], [74.01991, 18.15199], [74.01918, 18.15209], [74.01637, 18.14374], [74.01553, 18.14307], [74.01348, 18.14403], [74.0136, 18.14483], [74.01186, 18.14806], [74.00916, 18.14833], [74.00767, 18.15085], [74.00706, 18.15846], [74.00549, 18.16048], [74.00653, 18.16331], [74.0074, 18.16409], [74.00591, 18.16877], [74.00658, 18.16916], [74.00607, 18.17048], [74.00703, 18.17312], [74.00727, 18.17541], [74.01098, 18.17507], [74.01138, 18.17602], [74.01237, 18.17614], [74.01664, 18.1866], [74.0214, 18.18707], [74.02479, 18.1884]]]}, "properties": {"panchayat_id": "IND.20.26.2_1__gp185545", "name": "Nhavi 15", "unit_type": "gram_panchayat", "area_km2": 4.823, "centroid_lat": 18.16404, "centroid_lon": 74.01468, "terrain": {"elevation_m": 589.7911521598576, "slope_deg": 0.5099421927390738, "monsoon_exposure": 0.008833876968371956, "ruggedness_m": 12.281225024413395, "roughness_m": 7.66065369923757, "local_relief_m": 34.5897876547906, "distance_to_coast_km": 98.28902301974568, "upwind_barrier_m": 460.4936150879994, "downwind_rise_m": 215.10868783347678, "upwind_max_elev_m": 1050.284767247857}, "block_id": "IND.20.26.2_1", "block_name": "Bhor", "district": "Pune"}}, {"type": "Feature", "geometry": {"type": "Polygon", "coordinates": [[[73.81183, 18.08999], [73.81295, 18.08829], [73.81305, 18.08624], [73.81251, 18.08527], [73.81309, 18.0829], [73.81294, 18.08106], [73.8179, 18.07891], [73.8187, 18.0792], [73.81914, 18.07888], [73.81894, 18.0784], [73.82013, 18.07771], [73.81877, 18.07526], [73.81944, 18.07306], [73.81906, 18.07195], [73.81967, 18.0683], [73.81631, 18.06795], [73.81392, 18.06829], [73.81059, 18.06769], [73.80904, 18.06798], [73.80704, 18.06761], [73.80703, 18.06719], [73.8034, 18.06755], [73.80325, 18.06719], [73.8017, 18.06699], [73.80117, 18.06623], [73.79644, 18.06688], [73.79353, 18.06674], [73.79382, 18.06719], [73.79269, 18.06892], [73.79189, 18.0719], [73.79071, 18.07328], [73.79101, 18.07551], [73.78977, 18.07665], [73.79014, 18.07924], [73.78902, 18.08081], [73.788, 18.08353], [73.79012, 18.08387], [73.7915, 18.08472], [73.79505, 18.08425], [73.79651, 18.08466], [73.7977, 18.08579], [73.79928, 18.08565], [73.80128, 18.08825], [73.80379, 18.08997], [73.80957, 18.08962], [73.81183, 18.08999]]]}, "properties": {"panchayat_id": "IND.20.26.2_1__gp185547", "name": "Nazre", "unit_type": "gram_panchayat", "area_km2": 6.0, "centroid_lat": 18.07717, "centroid_lon": 73.80425, "terrain": {"elevation_m": 721.4021308127249, "slope_deg": 4.187046321208527, "monsoon_exposure": 0.06407913037989516, "ruggedness_m": 86.36520938944926, "roughness_m": 38.75552213816006, "local_relief_m": 212.28256540766074, "distance_to_coast_km": 77.66049505974914, "upwind_barrier_m": 460.0497184963442, "downwind_rise_m": 120.6957850489407, "upwind_max_elev_m": 1181.451849309069}, "block_id": "IND.20.26.2_1", "block_name": "Bhor", "district": "Pune"}}, {"type": "Feature", "geometry": {"type": "Polygon", "coordinates": [[[73.78248, 18.17703], [73.78977, 18.15973], [73.79163, 18.15704], [73.79418, 18.15505], [73.7958, 18.15103], [73.7973, 18.14982], [73.79833, 18.15014], [73.79897, 18.14975], [73.80128, 18.14789], [73.80189, 18.14677], [73.80455, 18.1472], [73.80601, 18.14623], [73.80801, 18.14572], [73.80658, 18.14346], [73.80383, 18.14225], [73.80096, 18.14355], [73.79559, 18.14442], [73.79387, 18.14525], [73.79219, 18.14493], [73.79022, 18.14535], [73.78906, 18.15038], [73.78703, 18.1511], [73.78618, 18.15437], [73.78464, 18.15552], [73.78509, 18.15602], [73.78323, 18.15638], [73.78266, 18.15818], [73.78158, 18.15886], [73.78212, 18.15901], [73.78164, 18.16243], [73.78048, 18.16508], [73.78104, 18.16539], [73.78121, 18.16617], [73.7808, 18.16659], [73.78114, 18.16724], [73.78051, 18.16761], [73.77988, 18.17001], [73.77773, 18.17243], [73.77789, 18.1753], [73.77875, 18.17543], [73.77906, 18.17624], [73.77997, 18.17663], [73.78248, 18.17703]]]}, "properties": {"panchayat_id": "IND.20.26.2_1__gp185548", "name": "Nand", "unit_type": "gram_panchayat", "area_km2": 3.091, "centroid_lat": 18.15726, "centroid_lon": 73.78962, "terrain": {"elevation_m": 633.9799654550152, "slope_deg": 1.51405264586798, "monsoon_exposure": 0.005242529487647485, "ruggedness_m": 29.403979856043136, "roughness_m": 18.035143727234942, "local_relief_m": 82.65503586966031, "distance_to_coast_km": 74.96488038059273, "upwind_barrier_m": 255.65641685533876, "downwind_rise_m": 55.470782346327724, "upwind_max_elev_m": 889.636382310354}, "block_id": "IND.20.26.2_1", "block_name": "Bhor", "district": "Pune"}}, {"type": "Feature", "geometry": {"type": "Polygon", "coordinates": [[[73.77133, 18.13111], [73.77277, 18.12813], [73.775, 18.12607], [73.77699, 18.12518], [73.77791, 18.12547], [73.77977, 18.12513], [73.78386, 18.12068], [73.78584, 18.11918], [73.78778, 18.11895], [73.78848, 18.11798], [73.78697, 18.11686], [73.78462, 18.11615], [73.78317, 18.11327], [73.78211, 18.11245], [73.77769, 18.11149], [73.77676, 18.10747], [73.77529, 18.10558], [73.77009, 18.10335], [73.76583, 18.10367], [73.76121, 18.10271], [73.76082, 18.10532], [73.76109, 18.10718], [73.76309, 18.10912], [73.76207, 18.10908], [73.76252, 18.112], [73.76163, 18.11431], [73.7626, 18.11672], [73.76204, 18.11822], [73.76055, 18.11966], [73.76253, 18.12378], [73.76307, 18.13336], [73.76253, 18.13444], [73.76744, 18.13484], [73.76955, 18.13331], [73.77133, 18.13111]]]}, "properties": {"panchayat_id": "IND.20.26.2_1__gp185549", "name": "Nandgaon", "unit_type": "gram_panchayat", "area_km2": 5.677, "centroid_lat": 18.11774, "centroid_lon": 73.77109, "terrain": {"elevation_m": 661.8618415908513, "slope_deg": 4.8391466126858935, "monsoon_exposure": 0.015203227728184774, "ruggedness_m": 67.15398794235327, "roughness_m": 32.7503621213618, "local_relief_m": 169.23310731908794, "distance_to_coast_km": 73.55255429131086, "upwind_barrier_m": 162.82769557984375, "downwind_rise_m": 0.0, "upwind_max_elev_m": 824.6895371706951}, "block_id": "IND.20.26.2_1", "block_name": "Bhor", "district": "Pune"}}, {"type": "Feature", "geometry": {"type": "Polygon", "coordinates": [[[73.88954, 18.25791], [73.88857, 18.25197], [73.88715, 18.25081], [73.88798, 18.25006], [73.88801, 18.24919], [73.88724, 18.24791], [73.88537, 18.24723], [73.88635, 18.24678], [73.88582, 18.24544], [73.88368, 18.2439], [73.88282, 18.24408], [73.88357, 18.24201], [73.88219, 18.24158], [73.88128, 18.24216], [73.88015, 18.24184], [73.87883, 18.24256], [73.87775, 18.2437], [73.87767, 18.24495], [73.87561, 18.24617], [73.8754, 18.25211], [73.87445, 18.25414], [73.87067, 18.25686], [73.8681, 18.26033], [73.86823, 18.26081], [73.8735, 18.26107], [73.87743, 18.26191], [73.88494, 18.26503], [73.88762, 18.25998], [73.88954, 18.25791]]]}, "properties": {"panchayat_id": "IND.20.26.2_1__gp185550", "name": "Nasrapur", "unit_type": "gram_panchayat", "area_km2": 3.102, "centroid_lat": 18.25417, "centroid_lon": 73.88067, "terrain": {"elevation_m": 654.052772192983, "slope_deg": 1.0301155195544776, "monsoon_exposure": 0.007813037463100444, "ruggedness_m": 11.367562710789324, "roughness_m": 8.753476295044209, "local_relief_m": 36.089176121249125, "distance_to_coast_km": 84.13414793071316, "upwind_barrier_m": 202.53988538909175, "downwind_rise_m": 268.34050098505986, "upwind_max_elev_m": 856.5926575820747}, "block_id": "IND.20.26.2_1", "block_name": "Bhor", "district": "Pune"}}, {"type": "Feature", "geometry": {"type": "Polygon", "coordinates": [[[73.79392, 18.12655], [73.79529, 18.12522], [73.79812, 18.12394], [73.80357, 18.11938], [73.80246, 18.11654], [73.80333, 18.11414], [73.80295, 18.11134], [73.80441, 18.10721], [73.8082, 18.10588], [73.811, 18.10287], [73.81358, 18.10175], [73.81372, 18.10101], [73.81483, 18.10036], [73.81273, 18.0988], [73.81238, 18.09749], [73.81169, 18.09774], [73.81074, 18.0973], [73.80932, 18.09778], [73.8088, 18.09747], [73.80525, 18.09855], [73.79841, 18.09874], [73.79752, 18.0995], [73.79687, 18.10203], [73.79524, 18.10341], [73.79085, 18.10453], [73.78928, 18.10692], [73.7879, 18.10773], [73.78532, 18.11397], [73.78509, 18.1163], [73.79043, 18.11851], [73.79057, 18.11899], [73.78928, 18.12139], [73.78945, 18.12332], [73.79156, 18.12538], [73.79392, 18.12655]]]}, "properties": {"panchayat_id": "IND.20.26.2_1__gp185551", "name": "Natambi", "unit_type": "gram_panchayat", "area_km2": 4.662, "centroid_lat": 18.11071, "centroid_lon": 73.79788, "terrain": {"elevation_m": 636.1386288311913, "slope_deg": 1.7708373450619703, "monsoon_exposure": 0.012406943062161542, "ruggedness_m": 32.00640342842237, "roughness_m": 14.359945392364024, "local_relief_m": 93.23569456231178, "distance_to_coast_km": 76.4241506121546, "upwind_barrier_m": 634.3572092582968, "downwind_rise_m": 92.29692115013961, "upwind_max_elev_m": 1270.4958380894882}, "block_id": "IND.20.26.2_1", "block_name": "Bhor", "district": "Pune"}}, {"type": "Feature", "geometry": {"type": "Polygon", "coordinates": [[[73.85439, 18.08984], [73.85475, 18.08712], [73.85749, 18.08639], [73.85726, 18.08562], [73.86137, 18.08383], [73.86249, 18.08292], [73.86284, 18.08169], [73.86822, 18.07997], [73.87079, 18.07768], [73.86938, 18.0754], [73.86976, 18.07506], [73.86949, 18.07317], [73.86811, 18.07076], [73.86808, 18.07026], [73.86958, 18.06866], [73.86621, 18.06805], [73.86477, 18.0673], [73.86357, 18.06761], [73.86141, 18.06663], [73.86092, 18.06701], [73.85982, 18.06687], [73.85845, 18.06818], [73.85558, 18.06976], [73.85438, 18.07024], [73.85318, 18.07006], [73.85171, 18.07133], [73.85108, 18.0685], [73.85029, 18.06857], [73.84973, 18.06633], [73.84882, 18.06701], [73.84892, 18.06754], [73.84733, 18.06805], [73.84667, 18.06901], [73.84366, 18.06859], [73.84393, 18.06938], [73.84327, 18.07007], [73.845, 18.0715], [73.84458, 18.07349], [73.84507, 18.07449], [73.84245, 18.07602], [73.84038, 18.07823], [73.84035, 18.07907], [73.83611, 18.08199], [73.83736, 18.08355], [73.83852, 18.08396], [73.84358, 18.08795], [73.84353, 18.08898], [73.84454, 18.0902], [73.84624, 18.09075], [73.84643, 18.09119], [73.84231, 18.09255], [73.84206, 18.0938], [73.84213, 18.09438], [73.84278, 18.09446], [73.84314, 18.09379], [73.8438, 18.09445], [73.8446, 18.0976], [73.84366, 18.09942], [73.84568, 18.10302], [73.84887, 18.10366], [73.85125, 18.10334], [73.85237, 18.10101], [73.8535, 18.09508], [73.85466, 18.0931], [73.85439, 18.08984]]]}, "properties": {"panchayat_id": "IND.20.26.2_1__gp185553", "name": "Nere", "unit_type": "gram_panchayat", "area_km2": 7.048, "centroid_lat": 18.0816, "centroid_lon": 73.85283, "terrain": {"elevation_m": 726.4494289512131, "slope_deg": 1.3995725207948047, "monsoon_exposure": 0.003196074654824685, "ruggedness_m": 59.12818578341703, "roughness_m": 44.30166350210044, "local_relief_m": 177.72667089348897, "distance_to_coast_km": 82.56958307494234, "upwind_barrier_m": 660.7167102399249, "downwind_rise_m": 61.80271893868235, "upwind_max_elev_m": 1387.166139191138}, "block_id": "IND.20.26.2_1", "block_name": "Bhor", "district": "Pune"}}, {"type": "Feature", "geometry": {"type": "Polygon", "coordinates": [[[73.85832, 18.2075], [73.86515, 18.20462], [73.86696, 18.20408], [73.86758, 18.20438], [73.87049, 18.20191], [73.86958, 18.19817], [73.86971, 18.19046], [73.8686, 18.18714], [73.869, 18.18351], [73.86843, 18.18285], [73.86702, 18.18499], [73.86632, 18.18502], [73.86633, 18.18734], [73.86555, 18.18823], [73.86491, 18.18755], [73.86418, 18.18765], [73.86341, 18.18858], [73.86337, 18.18733], [73.86272, 18.18627], [73.8618, 18.18587], [73.86136, 18.1863], [73.86167, 18.1879], [73.85979, 18.18694], [73.85848, 18.18927], [73.85814, 18.18817], [73.85753, 18.18804], [73.85763, 18.18684], [73.85687, 18.18578], [73.85541, 18.18665], [73.85442, 18.18565], [73.85361, 18.18558], [73.85287, 18.18708], [73.85305, 18.18808], [73.85215, 18.18735], [73.85186, 18.18767], [73.85308, 18.18985], [73.85306, 18.19136], [73.85219, 18.19167], [73.85269, 18.19386], [73.85406, 18.19552], [73.85515, 18.20015], [73.85731, 18.20288], [73.85832, 18.2075]]]}, "properties": {"panchayat_id": "IND.20.26.2_1__gp185554", "name": "Nahre", "unit_type": "gram_panchayat", "area_km2": 3.241, "centroid_lat": 18.19538, "centroid_lon": 73.86177, "terrain": {"elevation_m": 665.7016806919364, "slope_deg": 6.071759046650026, "monsoon_exposure": 0.07635718321986756, "ruggedness_m": 113.91734814576769, "roughness_m": 56.75080118042769, "local_relief_m": 289.46826558432156, "distance_to_coast_km": 82.17837110265313, "upwind_barrier_m": 188.82614881633162, "downwind_rise_m": 247.93055445387768, "upwind_max_elev_m": 854.527829508268}, "block_id": "IND.20.26.2_1", "block_name": "Bhor", "district": "Pune"}}, {"type": "Feature", "geometry": {"type": "Polygon", "coordinates": [[[73.93794, 18.23098], [73.9365, 18.22811], [73.93379, 18.22551], [73.92594, 18.21437], [73.92024, 18.20946], [73.91741, 18.20778], [73.91662, 18.20674], [73.91509, 18.20234], [73.91327, 18.20349], [73.91252, 18.2065], [73.90775, 18.20956], [73.90733, 18.21281], [73.90865, 18.21311], [73.90973, 18.21403], [73.912, 18.21437], [73.91233, 18.21582], [73.91445, 18.217], [73.91525, 18.21955], [73.91664, 18.21982], [73.91849, 18.22226], [73.91891, 18.22179], [73.91949, 18.22256], [73.919, 18.2237], [73.91941, 18.2238], [73.91955, 18.22474], [73.92159, 18.22591], [73.92093, 18.22787], [73.92138, 18.22789], [73.92141, 18.2288], [73.92656, 18.229], [73.93023, 18.22814], [73.93437, 18.2293], [73.93667, 18.23098], [73.93794, 18.23098]]]}, "properties": {"panchayat_id": "IND.20.26.2_1__gp185555", "name": "Nigde", "unit_type": "gram_panchayat", "area_km2": 3.527, "centroid_lat": 18.21784, "centroid_lon": 73.92132, "terrain": {"elevation_m": 629.1899074335436, "slope_deg": 0.7133602559579865, "monsoon_exposure": 0.012152986446099688, "ruggedness_m": 21.63483670261743, "roughness_m": 11.609202197596042, "local_relief_m": 81.14321524716445, "distance_to_coast_km": 88.32141972604393, "upwind_barrier_m": 194.4675170020522, "downwind_rise_m": 283.92652871479186, "upwind_max_elev_m": 823.6574244355958}, "block_id": "IND.20.26.2_1", "block_name": "Bhor", "district": "Pune"}}, {"type": "Feature", "geometry": {"type": "Polygon", "coordinates": [[[73.71753, 18.11909], [73.72141, 18.11582], [73.72217, 18.11447], [73.72656, 18.11157], [73.7288, 18.11124], [73.72919, 18.11053], [73.73213, 18.11059], [73.73187, 18.11293], [73.73324, 18.11492], [73.73289, 18.11687], [73.73339, 18.11806], [73.73291, 18.11863], [73.73664, 18.11998], [73.74013, 18.11975], [73.74317, 18.11766], [73.74436, 18.11294], [73.74622, 18.11045], [73.74673, 18.11081], [73.74704, 18.11031], [73.74648, 18.10915], [73.74816, 18.10809], [73.74582, 18.1059], [73.74014, 18.10797], [73.73943, 18.10773], [73.73878, 18.10701], [73.73767, 18.10321], [73.73675, 18.10237], [73.73495, 18.10315], [73.73144, 18.10185], [73.72988, 18.10188], [73.72633, 18.10317], [73.72335, 18.10346], [73.7189, 18.09895], [73.71725, 18.09827], [73.70879, 18.09777], [73.70673, 18.09869], [73.70764, 18.10328], [73.70739, 18.10681], [73.70884, 18.11135], [73.70879, 18.11227], [73.70622, 18.1136], [73.70593, 18.11448], [73.70933, 18.11578], [73.71098, 18.1171], [73.71375, 18.1177], [73.71439, 18.12004], [73.71753, 18.11909]]]}, "properties": {"panchayat_id": "IND.20.26.2_1__gp185556", "name": "Nigudghar", "unit_type": "gram_panchayat", "area_km2": 6.208, "centroid_lat": 18.10908, "centroid_lon": 73.72461, "terrain": {"elevation_m": 651.7606223488267, "slope_deg": 3.767896349116643, "monsoon_exposure": -0.054226302578232376, "ruggedness_m": 38.56014588968071, "roughness_m": 42.47088273742831, "local_relief_m": 129.94807518539778, "distance_to_coast_km": 68.88657635132293, "upwind_barrier_m": 96.52558125598443, "downwind_rise_m": 61.732100037225564, "upwind_max_elev_m": 748.2862036048111}, "block_id": "IND.20.26.2_1", "block_name": "Bhor", "district": "Pune"}}, {"type": "Feature", "geometry": {"type": "Polygon", "coordinates": [[[73.71281, 18.05317], [73.70599, 18.05248], [73.70093, 18.05385], [73.69697, 18.0568], [73.69602, 18.05667], [73.69479, 18.05805], [73.68911, 18.06018], [73.68618, 18.06179], [73.68187, 18.06531], [73.68041, 18.06517], [73.67791, 18.06652], [73.67744, 18.06792], [73.67883, 18.0687], [73.67901, 18.0693], [73.67797, 18.07079], [73.6784, 18.07122], [73.68068, 18.07147], [73.6799, 18.07331], [73.68251, 18.0742], [73.68392, 18.07668], [73.68572, 18.07702], [73.68726, 18.07822], [73.68887, 18.0784], [73.69232, 18.08131], [73.69413, 18.08175], [73.69574, 18.08334], [73.69726, 18.08333], [73.69868, 18.08527], [73.70121, 18.08579], [73.70189, 18.08694], [73.70373, 18.0873], [73.70456, 18.08931], [73.70617, 18.09064], [73.70562, 18.08926], [73.70627, 18.08933], [73.70586, 18.08887], [73.70859, 18.08199], [73.70805, 18.07898], [73.70754, 18.07766], [73.70612, 18.07686], [73.70546, 18.07335], [73.70251, 18.06967], [73.6997, 18.06363], [73.70558, 18.06438], [73.71007, 18.06659], [73.70893, 18.06285], [73.70932, 18.06073], [73.71281, 18.05317]]]}, "properties": {"panchayat_id": "IND.20.26.2_1__gp185557", "name": "Parhar Bk.", "unit_type": "gram_panchayat", "area_km2": 7.291, "centroid_lat": 18.06949, "centroid_lon": 73.6966, "terrain": {"elevation_m": 836.614716974457, "slope_deg": 13.921059247060136, "monsoon_exposure": -0.07880244275546025, "ruggedness_m": 155.6865775540669, "roughness_m": 123.52384548551973, "local_relief_m": 536.4382712274944, "distance_to_coast_km": 66.82431689756015, "upwind_barrier_m": 243.85515718504962, "downwind_rise_m": 0.0, "upwind_max_elev_m": 1080.4698741595066}, "block_id": "IND.20.26.2_1", "block_name": "Bhor", "district": "Pune"}}, {"type": "Feature", "geometry": {"type": "Polygon", "coordinates": [[[74.03051, 18.19296], [74.03609, 18.18949], [74.03755, 18.18674], [74.0393, 18.1859], [74.04379, 18.18209], [74.04497, 18.17871], [74.04532, 18.17521], [74.04725, 18.17416], [74.04829, 18.17263], [74.04642, 18.17083], [74.04583, 18.17322], [74.04299, 18.17531], [74.03996, 18.17441], [74.03683, 18.17438], [74.02864, 18.17112], [74.02348, 18.16841], [74.0166, 18.16617], [74.01169, 18.16362], [74.00997, 18.16362], [74.01074, 18.16697], [74.01237, 18.16699], [74.01282, 18.16855], [74.01695, 18.17459], [74.01971, 18.18046], [74.02056, 18.18016], [74.02223, 18.18423], [74.02621, 18.18814], [74.02479, 18.1884], [74.02716, 18.19003], [74.0273, 18.191], [74.03051, 18.19296]]]}, "properties": {"panchayat_id": "IND.20.26.2_1__gp185558", "name": "Penjalwadi", "unit_type": "gram_panchayat", "area_km2": 5.201, "centroid_lat": 18.1784, "centroid_lon": 74.02911, "terrain": {"elevation_m": 620.9923988045193, "slope_deg": 1.599082811322269, "monsoon_exposure": 0.027756153475742194, "ruggedness_m": 36.688918801403254, "roughness_m": 23.503015312503088, "local_relief_m": 104.18574362911784, "distance_to_coast_km": 99.69386440658636, "upwind_barrier_m": 688.1474062257557, "downwind_rise_m": 194.32042909498648, "upwind_max_elev_m": 1309.139805030275}, "block_id": "IND.20.26.2_1", "block_name": "Bhor", "district": "Pune"}}, {"type": "Feature", "geometry": {"type": "Polygon", "coordinates": [[[73.83611, 18.08199], [73.84035, 18.07907], [73.84038, 18.07823], [73.84245, 18.07602], [73.84507, 18.07449], [73.84458, 18.07349], [73.845, 18.0715], [73.84327, 18.07007], [73.84386, 18.06887], [73.84256, 18.06826], [73.84282, 18.06627], [73.84251, 18.0659], [73.84201, 18.06559], [73.83993, 18.06674], [73.83987, 18.06748], [73.83836, 18.06715], [73.83739, 18.06632], [73.836, 18.06628], [73.83465, 18.06747], [73.83229, 18.06768], [73.83063, 18.06755], [73.82845, 18.06637], [73.82357, 18.06665], [73.82022, 18.06572], [73.81928, 18.06824], [73.81967, 18.0683], [73.81906, 18.07195], [73.81944, 18.07306], [73.81877, 18.07526], [73.82013, 18.07771], [73.82156, 18.07853], [73.82497, 18.07944], [73.82711, 18.07915], [73.82797, 18.07985], [73.83012, 18.08007], [73.83211, 18.08106], [73.83611, 18.08199]]]}, "properties": {"panchayat_id": "IND.20.26.2_1__gp185559", "name": "Palsoshi", "unit_type": "gram_panchayat", "area_km2": 3.553, "centroid_lat": 18.07323, "centroid_lon": 73.83155, "terrain": {"elevation_m": 775.0901495814533, "slope_deg": 6.23149851046045, "monsoon_exposure": -0.08775291010218471, "ruggedness_m": 119.80962810935763, "roughness_m": 85.83251403575808, "local_relief_m": 301.0176900340979, "distance_to_coast_km": 80.5401618338575, "upwind_barrier_m": 585.4377040020227, "downwind_rise_m": 28.10708802482918, "upwind_max_elev_m": 1360.527853583476}, "block_id": "IND.20.26.2_1", "block_name": "Bhor", "district": "Pune"}}, {"type": "Feature", "geometry": {"type": "Polygon", "coordinates": [[[73.84201, 18.06559], [73.84282, 18.06189], [73.84281, 18.05728], [73.84233, 18.05657], [73.84095, 18.04932], [73.83586, 18.05113], [73.83395, 18.05474], [73.83375, 18.0535], [73.83295, 18.05251], [73.83167, 18.05203], [73.83119, 18.05205], [73.83064, 18.05391], [73.82585, 18.05247], [73.82017, 18.05163], [73.82038, 18.05599], [73.82137, 18.06097], [73.82022, 18.06572], [73.82357, 18.06665], [73.82845, 18.06637], [73.83063, 18.06755], [73.83229, 18.06768], [73.83465, 18.06747], [73.836, 18.06628], [73.83739, 18.06632], [73.83836, 18.06715], [73.83987, 18.06748], [73.83993, 18.06674], [73.84201, 18.06559]]]}, "properties": {"panchayat_id": "IND.20.26.2_1__gp185560", "name": "Pale", "unit_type": "gram_panchayat", "area_km2": 3.663, "centroid_lat": 18.05934, "centroid_lon": 73.83186, "terrain": {"elevation_m": 777.4567049439065, "slope_deg": 5.5249495491823595, "monsoon_exposure": -0.07838038062651645, "ruggedness_m": 105.31769140806279, "roughness_m": 88.74319688625384, "local_relief_m": 202.02290524217278, "distance_to_coast_km": 80.85799072856958, "upwind_barrier_m": 515.4601338789632, "downwind_rise_m": 111.84721464491645, "upwind_max_elev_m": 1292.9168388228697}, "block_id": "IND.20.26.2_1", "block_name": "Bhor", "district": "Pune"}}, {"type": "Feature", "geometry": {"type": "Polygon", "coordinates": [[[73.81201, 18.09378], [73.81183, 18.08999], [73.80957, 18.08962], [73.80379, 18.08997], [73.80128, 18.08825], [73.79928, 18.08565], [73.7977, 18.08579], [73.79651, 18.08466], [73.79505, 18.08425], [73.79069, 18.08463], [73.78853, 18.0853], [73.78739, 18.08496], [73.78712, 18.08588], [73.786, 18.08696], [73.78478, 18.09033], [73.78377, 18.09096], [73.78276, 18.09304], [73.78614, 18.09679], [73.78734, 18.09644], [73.7889, 18.09511], [73.79281, 18.0945], [73.79401, 18.09357], [73.79734, 18.09303], [73.80134, 18.09416], [73.80159, 18.09365], [73.80256, 18.09374], [73.80412, 18.09241], [73.80557, 18.09299], [73.80735, 18.09289], [73.80927, 18.09373], [73.81201, 18.09378]]]}, "properties": {"panchayat_id": "IND.20.26.2_1__gp185561", "name": "Panvhal", "unit_type": "gram_panchayat", "area_km2": 2.192, "centroid_lat": 18.09036, "centroid_lon": 73.79513, "terrain": {"elevation_m": 658.4996982825702, "slope_deg": 2.5432662952980234, "monsoon_exposure": 0.038627536326316436, "ruggedness_m": 44.510659180150824, "roughness_m": 23.471066564713727, "local_relief_m": 105.55093623254572, "distance_to_coast_km": 76.47469040653732, "upwind_barrier_m": 687.5461266007034, "downwind_rise_m": 143.56494745598195, "upwind_max_elev_m": 1346.0458248832736}, "block_id": "IND.20.26.2_1", "block_name": "Bhor", "district": "Pune"}}, {"type": "Feature", "geometry": {"type": "Polygon", "coordinates": [[[73.98113, 18.18457], [73.98026, 18.18423], [73.97983, 18.18285], [73.9798, 18.16633], [73.97838, 18.15996], [73.9794, 18.15489], [73.9765, 18.15625], [73.97082, 18.15791], [73.9682, 18.15969], [73.96794, 18.15869], [73.96704, 18.15928], [73.96732, 18.16014], [73.96579, 18.16083], [73.96555, 18.16021], [73.96417, 18.1623], [73.96367, 18.16215], [73.96381, 18.16143], [73.96202, 18.16156], [73.96197, 18.16228], [73.96273, 18.16256], [73.96246, 18.16341], [73.96164, 18.16398], [73.96147, 18.16544], [73.96068, 18.16509], [73.96017, 18.16551], [73.96104, 18.17258], [73.96396, 18.17459], [73.96623, 18.17854], [73.96821, 18.17996], [73.97103, 18.18097], [73.97442, 18.18148], [73.98081, 18.18465], [73.98113, 18.18457]]]}, "properties": {"panchayat_id": "IND.20.26.2_1__gp185562", "name": "Pande", "unit_type": "gram_panchayat", "area_km2": 4.361, "centroid_lat": 18.16945, "centroid_lon": 73.97158, "terrain": {"elevation_m": 597.2839213605118, "slope_deg": 1.1240768447281289, "monsoon_exposure": 0.01924047897386082, "ruggedness_m": 14.871207343847889, "roughness_m": 7.893191568763536, "local_relief_m": 49.58602622449905, "distance_to_coast_km": 93.76474015061363, "upwind_barrier_m": 808.3300923366432, "downwind_rise_m": 217.35253099468218, "upwind_max_elev_m": 1405.614013697155}, "block_id": "IND.20.26.2_1", "block_name": "Bhor", "district": "Pune"}}, {"type": "Feature", "geometry": {"type": "Polygon", "coordinates": [[[73.71679, 18.19433], [73.72154, 18.18881], [73.72352, 18.1886], [73.72362, 18.18823], [73.72335, 18.18741], [73.7247, 18.1838], [73.72448, 18.18191], [73.72519, 18.18068], [73.72557, 18.1769], [73.72641, 18.17433], [73.72651, 18.17326], [73.72564, 18.17188], [73.72539, 18.16957], [73.72636, 18.16473], [73.72695, 18.16288], [73.73059, 18.16116], [73.73089, 18.15878], [73.72764, 18.15596], [73.72429, 18.1561], [73.724, 18.1584], [73.72258, 18.15953], [73.72302, 18.16408], [73.72241, 18.16528], [73.72238, 18.16694], [73.72291, 18.16771], [73.72256, 18.17], [73.71871, 18.17519], [73.71514, 18.17677], [73.71405, 18.1786], [73.71182, 18.18023], [73.71065, 18.17993], [73.70972, 18.17837], [73.7089, 18.17796], [73.7081, 18.17894], [73.70465, 18.18009], [73.70322, 18.17634], [73.70247, 18.17585], [73.69984, 18.17854], [73.69514, 18.18155], [73.69383, 18.18465], [73.6934, 18.18531], [73.69284, 18.18532], [73.69119, 18.18958], [73.69424, 18.19127], [73.6957, 18.19264], [73.69749, 18.19782], [73.70197, 18.19567], [73.70454, 18.19498], [73.70681, 18.1965], [73.70593, 18.19648], [73.70654, 18.19711], [73.70546, 18.19748], [73.70575, 18.1987], [73.70786, 18.19798], [73.70736, 18.19906], [73.7086, 18.20099], [73.71376, 18.20113], [73.71445, 18.20145], [73.71522, 18.20336], [73.72075, 18.19718], [73.71679, 18.19433]]]}, "properties": {"panchayat_id": "IND.20.26.2_1__gp185563", "name": "Pangari", "unit_type": "gram_panchayat", "area_km2": 7.681, "centroid_lat": 18.1844, "centroid_lon": 73.71174, "terrain": {"elevation_m": 670.9110510067743, "slope_deg": 0.8430538265508313, "monsoon_exposure": -0.01422116993561469, "ruggedness_m": 99.09043704232299, "roughness_m": 90.66336640392993, "local_relief_m": 202.3066846536617, "distance_to_coast_km": 66.62355819625162, "upwind_barrier_m": 73.29382407329786, "downwind_rise_m": 222.22029651994706, "upwind_max_elev_m": 744.2048750800722}, "block_id": "IND.20.26.2_1", "block_name": "Bhor", "district": "Pune"}}, {"type": "Feature", "geometry": {"type": "Polygon", "coordinates": [[[73.70879, 18.09777], [73.71013, 18.09795], [73.70835, 18.09474], [73.70725, 18.09158], [73.70508, 18.09], [73.70373, 18.0873], [73.70189, 18.08694], [73.70121, 18.08579], [73.69868, 18.08527], [73.69726, 18.08333], [73.69574, 18.08334], [73.69413, 18.08175], [73.69232, 18.08131], [73.68887, 18.0784], [73.68726, 18.07822], [73.68572, 18.07702], [73.68392, 18.07668], [73.68251, 18.0742], [73.6799, 18.07331], [73.68009, 18.07285], [73.67857, 18.07293], [73.6769, 18.07474], [73.67511, 18.07492], [73.67251, 18.07689], [73.67393, 18.07881], [73.67413, 18.0798], [73.67651, 18.08217], [73.67754, 18.08498], [73.67899, 18.08645], [73.67818, 18.08862], [73.6762, 18.0895], [73.6744, 18.08938], [73.67368, 18.09009], [73.67238, 18.09321], [73.6727, 18.09519], [73.67213, 18.09832], [73.67281, 18.09929], [73.67457, 18.09999], [73.67818, 18.09866], [73.67889, 18.09977], [73.67991, 18.10012], [73.68165, 18.09964], [73.68384, 18.09814], [73.68835, 18.09839], [73.68878, 18.09738], [73.69007, 18.0967], [73.69286, 18.0967], [73.69389, 18.09615], [73.69701, 18.09583], [73.70004, 18.09618], [73.70303, 18.09324], [73.70474, 18.09372], [73.70544, 18.09457], [73.70513, 18.09856], [73.70673, 18.09869], [73.70879, 18.09777]]]}, "properties": {"panchayat_id": "IND.20.26.2_1__gp185564", "name": "Parhar Kh.", "unit_type": "gram_panchayat", "area_km2": 6.325, "centroid_lat": 18.0885, "centroid_lon": 73.68734, "terrain": {"elevation_m": 773.9394700249355, "slope_deg": 3.418604485349359, "monsoon_exposure": -0.05725933467300247, "ruggedness_m": 104.44562210125099, "roughness_m": 94.21989450627291, "local_relief_m": 184.82826438215795, "distance_to_coast_km": 65.44707001943, "upwind_barrier_m": 120.18095186826065, "downwind_rise_m": 73.18815365238606, "upwind_max_elev_m": 894.1204218931962}, "block_id": "IND.20.26.2_1", "block_name": "Bhor", "district": "Pune"}}, {"type": "Feature", "geometry": {"type": "Polygon", "coordinates": [[[73.77255, 18.20873], [73.77405, 18.2081], [73.77474, 18.20831], [73.77554, 18.2071], [73.77636, 18.20739], [73.7762, 18.20626], [73.77764, 18.20594], [73.77935, 18.20443], [73.78335, 18.20488], [73.7851, 18.20435], [73.7858, 18.20357], [73.78488, 18.20172], [73.78305, 18.20106], [73.78344, 18.20025], [73.78173, 18.19821], [73.78069, 18.19796], [73.78162, 18.19706], [73.78091, 18.19597], [73.78015, 18.19587], [73.78063, 18.19434], [73.77971, 18.1921], [73.78067, 18.19246], [73.7809, 18.19313], [73.78194, 18.19238], [73.78229, 18.19108], [73.7831, 18.19133], [73.7831, 18.19093], [73.78492, 18.19038], [73.78501, 18.19113], [73.78373, 18.1909], [73.78326, 18.19211], [73.78262, 18.1918], [73.78285, 18.19261], [73.78176, 18.19427], [73.78303, 18.19606], [73.78585, 18.19609], [73.78554, 18.1976], [73.78634, 18.19872], [73.78782, 18.19903], [73.7886, 18.1987], [73.78915, 18.20089], [73.79168, 18.20082], [73.79093, 18.20273], [73.79139, 18.20333], [73.79285, 18.20284], [73.7941, 18.20361], [73.796, 18.20279], [73.7982, 18.19816], [73.79767, 18.1966], [73.79808, 18.1957], [73.79709, 18.19306], [73.79586, 18.18508], [73.79436, 18.18317], [73.79401, 18.18193], [73.79052, 18.18099], [73.78908, 18.1798], [73.78742, 18.17927], [73.78656, 18.17807], [73.78619, 18.17833], [73.77906, 18.17624], [73.77875, 18.17543], [73.77789, 18.1753], [73.77672, 18.17399], [73.77474, 18.17391], [73.77376, 18.17271], [73.77051, 18.17219], [73.76949, 18.17276], [73.76814, 18.17244], [73.76799, 18.17404], [73.76572, 18.17524], [73.76728, 18.17994], [73.76711, 18.18267], [73.76742, 18.18409], [73.76801, 18.1839], [73.76776, 18.18511], [73.76831, 18.18604], [73.7672, 18.18733], [73.76741, 18.18774], [73.76949, 18.18752], [73.77013, 18.18809], [73.76974, 18.18854], [73.77055, 18.1896], [73.77182, 18.18977], [73.77199, 18.19058], [73.77274, 18.19083], [73.77335, 18.19186], [73.77279, 18.19228], [73.77194, 18.19122], [73.76945, 18.19131], [73.76199, 18.19509], [73.75982, 18.19502], [73.75674, 18.19574], [73.75912, 18.20228], [73.76549, 18.20345], [73.76623, 18.20311], [73.769, 18.20503], [73.77216, 18.20785], [73.77255, 18.20873]]]}, "properties": {"panchayat_id": "IND.20.26.2_1__gp185566", "name": "Pasure", "unit_type": "gram_panchayat", "area_km2": 9.495, "centroid_lat": 18.1911, "centroid_lon": 73.77881, "terrain": {"elevation_m": 643.6213432909863, "slope_deg": 2.4027595481225648, "monsoon_exposure": -0.016699499137939153, "ruggedness_m": 94.98883562299685, "roughness_m": 75.8039163248627, "local_relief_m": 247.17467150096013, "distance_to_coast_km": 73.56038353094723, "upwind_barrier_m": 244.23753974839929, "downwind_rise_m": 169.2523416078044, "upwind_max_elev_m": 887.8588830393855}, "block_id": "IND.20.26.2_1", "block_name": "Bhor", "district": "Pune"}}, {"type": "Feature", "geometry": {"type": "Polygon", "coordinates": [[[73.78937, 18.14817], [73.79022, 18.14535], [73.79219, 18.14493], [73.79387, 18.14525], [73.79559, 18.14442], [73.80096, 18.14355], [73.80383, 18.14225], [73.80019, 18.13801], [73.79898, 18.13587], [73.79834, 18.13335], [73.79735, 18.13246], [73.79641, 18.13318], [73.79551, 18.13296], [73.79499, 18.13212], [73.79139, 18.13149], [73.78842, 18.13325], [73.78603, 18.13233], [73.78433, 18.13373], [73.78222, 18.13377], [73.78118, 18.13277], [73.77877, 18.13271], [73.77747, 18.13223], [73.77695, 18.13122], [73.77415, 18.13055], [73.77133, 18.13111], [73.76955, 18.13331], [73.76744, 18.13484], [73.76826, 18.13654], [73.76785, 18.13739], [73.77159, 18.1414], [73.77525, 18.14222], [73.77893, 18.1446], [73.78147, 18.14694], [73.7841, 18.14771], [73.78508, 18.14863], [73.78795, 18.14801], [73.78937, 18.14817]]]}, "properties": {"panchayat_id": "IND.20.26.2_1__gp185567", "name": "Pisavare", "unit_type": "gram_panchayat", "area_km2": 4.502, "centroid_lat": 18.13886, "centroid_lon": 73.78523, "terrain": {"elevation_m": 630.951268596261, "slope_deg": 2.374588819718441, "monsoon_exposure": -0.0365095279711875, "ruggedness_m": 39.729512218259906, "roughness_m": 23.936352691258282, "local_relief_m": 108.26040506630909, "distance_to_coast_km": 74.73584861937242, "upwind_barrier_m": 208.5999681075698, "downwind_rise_m": 7.2678448009152135, "upwind_max_elev_m": 839.5512367038308}, "block_id": "IND.20.26.2_1", "block_name": "Bhor", "district": "Pune"}}, {"type": "Feature", "geometry": {"type": "Polygon", "coordinates": [[[73.81178, 18.15242], [73.8151, 18.15653], [73.81697, 18.15732], [73.82246, 18.15829], [73.82517, 18.15792], [73.82629, 18.15697], [73.82751, 18.15477], [73.82809, 18.15237], [73.82714, 18.15207], [73.82654, 18.15105], [73.823, 18.14995], [73.82268, 18.14886], [73.82168, 18.14835], [73.81856, 18.14792], [73.81663, 18.14372], [73.81615, 18.14357], [73.81678, 18.14271], [73.8159, 18.14252], [73.81857, 18.13574], [73.81875, 18.13421], [73.81964, 18.13336], [73.82053, 18.12909], [73.82011, 18.12693], [73.82066, 18.12511], [73.81964, 18.12516], [73.8187, 18.12801], [73.81801, 18.12851], [73.8178, 18.13114], [73.81456, 18.14069], [73.81444, 18.14834], [73.8139, 18.15016], [73.81178, 18.15242]]]}, "properties": {"panchayat_id": "IND.20.26.2_1__gp185568", "name": "Pombardi", "unit_type": "gram_panchayat", "area_km2": 1.943, "centroid_lat": 18.14854, "centroid_lon": 73.81914, "terrain": {"elevation_m": 610.1708557947131, "slope_deg": 1.4807614579448554, "monsoon_exposure": -0.005120046292151032, "ruggedness_m": 17.54341665748499, "roughness_m": 13.833713197206041, "local_relief_m": 50.2561349501193, "distance_to_coast_km": 78.12580146192494, "upwind_barrier_m": 340.132882159877, "downwind_rise_m": 48.99745232946589, "upwind_max_elev_m": 950.3037379545901}, "block_id": "IND.20.26.2_1", "block_name": "Bhor", "district": "Pune"}}, {"type": "Feature", "geometry": {"type": "Polygon", "coordinates": [[[73.99044, 18.18241], [73.98914, 18.16888], [73.98716, 18.16127], [73.98537, 18.15671], [73.98487, 18.15088], [73.98152, 18.15132], [73.98187, 18.15191], [73.98037, 18.15219], [73.98121, 18.15418], [73.98039, 18.15455], [73.97966, 18.1537], [73.97922, 18.15393], [73.97962, 18.1548], [73.97838, 18.15996], [73.9798, 18.16633], [73.97983, 18.18285], [73.98026, 18.18423], [73.98259, 18.18471], [73.99044, 18.18241]]]}, "properties": {"panchayat_id": "IND.20.26.2_1__gp185569", "name": "Rajapur", "unit_type": "gram_panchayat", "area_km2": 3.197, "centroid_lat": 18.16944, "centroid_lon": 73.98397, "terrain": {"elevation_m": 604.3443720113457, "slope_deg": 0.8486614005663394, "monsoon_exposure": 0.006048165297053556, "ruggedness_m": 14.72405331305514, "roughness_m": 5.806889707243369, "local_relief_m": 45.34478327790225, "distance_to_coast_km": 95.05409294030119, "upwind_barrier_m": 797.3497118692553, "downwind_rise_m": 202.94276271948922, "upwind_max_elev_m": 1401.694083880601}, "block_id": "IND.20.26.2_1", "block_name": "Bhor", "district": "Pune"}}, {"type": "Feature", "geometry": {"type": "Polygon", "coordinates": [[[73.77311, 18.20996], [73.77216, 18.20785], [73.769, 18.20503], [73.76623, 18.20311], [73.76549, 18.20345], [73.75912, 18.20228], [73.75641, 18.20679], [73.75462, 18.20832], [73.75342, 18.20858], [73.75199, 18.2121], [73.7507, 18.21394], [73.75032, 18.21645], [73.74881, 18.21851], [73.74927, 18.22143], [73.74892, 18.22242], [73.75027, 18.22248], [73.75089, 18.2214], [73.75186, 18.22206], [73.75306, 18.22024], [73.75516, 18.22102], [73.75382, 18.2239], [73.75552, 18.22427], [73.75814, 18.22356], [73.75893, 18.2248], [73.76049, 18.22428], [73.76159, 18.22267], [73.76244, 18.22334], [73.76337, 18.22191], [73.76427, 18.22252], [73.76577, 18.22215], [73.76687, 18.22093], [73.76575, 18.21971], [73.76578, 18.21881], [73.7674, 18.21959], [73.76845, 18.21952], [73.76912, 18.21889], [73.76866, 18.21752], [73.76684, 18.21574], [73.7687, 18.21594], [73.76887, 18.2155], [73.76779, 18.21337], [73.76947, 18.21441], [73.77004, 18.21427], [73.77118, 18.21074], [73.77239, 18.21081], [73.77311, 18.20996]]]}, "properties": {"panchayat_id": "IND.20.26.2_1__gp185570", "name": "Rajghar", "unit_type": "gram_panchayat", "area_km2": 3.825, "centroid_lat": 18.21355, "centroid_lon": 73.7607, "terrain": {"elevation_m": 654.9351547834522, "slope_deg": 6.162343239728091, "monsoon_exposure": -0.07018636661350619, "ruggedness_m": 74.58959670879466, "roughness_m": 53.782966348662626, "local_relief_m": 219.92704894879228, "distance_to_coast_km": 71.58817170524445, "upwind_barrier_m": 80.10671012901673, "downwind_rise_m": 261.89104309602305, "upwind_max_elev_m": 735.0418649124689}, "block_id": "IND.20.26.2_1", "block_name": "Bhor", "district": "Pune"}}, {"type": "Feature", "geometry": {"type": "Polygon", "coordinates": [[[73.82238, 18.35771], [73.82361, 18.35718], [73.8263, 18.35287], [73.82993, 18.35005], [73.83139, 18.34593], [73.83148, 18.34385], [73.83233, 18.34322], [73.83178, 18.34285], [73.83156, 18.34045], [73.83227, 18.33955], [73.83189, 18.33787], [73.83317, 18.33822], [73.83367, 18.33776], [73.83232, 18.33638], [73.82981, 18.33718], [73.82914, 18.33614], [73.82853, 18.33596], [73.82792, 18.33656], [73.82643, 18.33627], [73.82621, 18.33533], [73.8249, 18.3349], [73.82505, 18.33569], [73.82433, 18.3361], [73.82055, 18.33725], [73.81793, 18.33304], [73.8147, 18.3321], [73.81194, 18.33318], [73.81253, 18.33488], [73.81205, 18.33571], [73.81189, 18.33972], [73.81285, 18.34446], [73.81251, 18.3463], [73.8114, 18.3468], [73.81119, 18.34888], [73.81212, 18.34907], [73.81173, 18.35022], [73.81587, 18.34968], [73.81838, 18.35], [73.8194, 18.35484], [73.82087, 18.35761], [73.82238, 18.35771]]]}, "properties": {"panchayat_id": "IND.20.26.2_1__gp185571", "name": "Ranje", "unit_type": "gram_panchayat", "area_km2": 3.857, "centroid_lat": 18.34392, "centroid_lon": 73.82158, "terrain": {"elevation_m": 772.2310099485039, "slope_deg": 1.029674014222747, "monsoon_exposure": 0.0006019614242098529, "ruggedness_m": 34.191872343817295, "roughness_m": 31.27137826490011, "local_relief_m": 93.65259942778982, "distance_to_coast_km": 78.5078122528207, "upwind_barrier_m": 180.0731222102679, "downwind_rise_m": 207.53880112670504, "upwind_max_elev_m": 952.3041321587718}, "block_id": "IND.20.26.2_1", "block_name": "Bhor", "district": "Pune"}}, {"type": "Feature", "geometry": {"type": "Polygon", "coordinates": [[[73.79123, 18.05634], [73.79235, 18.05558], [73.7931, 18.05564], [73.79407, 18.05425], [73.79512, 18.05417], [73.795, 18.05366], [73.79664, 18.05235], [73.79637, 18.05214], [73.79896, 18.05171], [73.79958, 18.0504], [73.80243, 18.04887], [73.80461, 18.04839], [73.80701, 18.04894], [73.81076, 18.04695], [73.81588, 18.04562], [73.81659, 18.04459], [73.81454, 18.03954], [73.81372, 18.03483], [73.81311, 18.03502], [73.81294, 18.0379], [73.8084, 18.03245], [73.80812, 18.03153], [73.80499, 18.03068], [73.80233, 18.03195], [73.79923, 18.03899], [73.7992, 18.04084], [73.7978, 18.04252], [73.79599, 18.04638], [73.79492, 18.05062], [73.79268, 18.05268], [73.79258, 18.05426], [73.7909, 18.05574], [73.79123, 18.05634]]]}, "properties": {"panchayat_id": "IND.20.26.2_1__gp185572", "name": "Ravdi", "unit_type": "gram_panchayat", "area_km2": 3.099, "centroid_lat": 18.04218, "centroid_lon": 73.80497, "terrain": {"elevation_m": 784.225585594948, "slope_deg": 11.78512649905364, "monsoon_exposure": 0.09094218517799912, "ruggedness_m": 220.2338899544308, "roughness_m": 126.26106140087754, "local_relief_m": 564.1196053507839, "distance_to_coast_km": 78.14670931220704, "upwind_barrier_m": 538.6037901893764, "downwind_rise_m": 241.52043663853544, "upwind_max_elev_m": 1322.8293757843244}, "block_id": "IND.20.26.2_1", "block_name": "Bhor", "district": "Pune"}}, {"type": "Feature", "geometry": {"type": "MultiPolygon", "coordinates": [[[[73.74376, 18.07595], [73.74499, 18.06901], [73.74609, 18.06829], [73.74668, 18.06697], [73.74691, 18.06446], [73.7482, 18.06324], [73.74912, 18.06149], [73.75093, 18.06018], [73.75275, 18.05961], [73.74861, 18.05604], [73.74698, 18.05195], [73.74277, 18.05112], [73.73852, 18.0488], [73.73329, 18.04668], [73.7264, 18.04111], [73.72635, 18.03989], [73.7197, 18.04266], [73.70892, 18.04244], [73.70183, 18.04421], [73.69333, 18.03893], [73.6789, 18.03305], [73.67395, 18.02891], [73.66571, 18.02452], [73.66279, 18.02487], [73.66223, 18.02585], [73.65772, 18.02911], [73.65947, 18.03163], [73.65918, 18.03254], [73.65624, 18.03521], [73.65337, 18.03634], [73.65072, 18.03653], [73.6496, 18.03747], [73.64899, 18.03908], [73.65236, 18.03817], [73.65521, 18.04503], [73.66123, 18.05066], [73.6613, 18.04906], [73.65991, 18.04659], [73.65579, 18.04286], [73.65617, 18.03989], [73.66038, 18.03714], [73.67034, 18.03432], [73.67057, 18.03496], [73.67596, 18.0329], [73.68758, 18.04189], [73.69024, 18.04493], [73.69385, 18.0517], [73.69578, 18.05693], [73.69697, 18.0568], [73.70093, 18.05385], [73.70599, 18.05248], [73.71347, 18.05314], [73.71622, 18.05426], [73.71744, 18.05915], [73.71946, 18.0619], [73.72047, 18.06544], [73.72158, 18.06646], [73.7213, 18.06794], [73.72272, 18.07202], [73.72261, 18.07389], [73.72359, 18.07883], [73.72418, 18.08023], [73.72709, 18.08294], [73.73154, 18.08439], [73.73449, 18.08353], [73.73649, 18.08161], [73.73654, 18.08082], [73.73755, 18.07962], [73.74034, 18.07748], [73.74376, 18.07595]]], [[[73.74091, 18.10759], [73.74021, 18.10329], [73.74048, 18.10109], [73.74138, 18.09986], [73.74157, 18.09639], [73.74468, 18.09327], [73.74399, 18.09041], [73.73982, 18.08969], [73.7373, 18.08872], [73.73302, 18.08873], [73.73157, 18.08976], [73.73109, 18.09076], [73.73187, 18.09191], [73.73099, 18.09197], [73.7313, 18.09458], [73.732, 18.09452], [73.73287, 18.09657], [73.73222, 18.09715], [73.7324, 18.10146], [73.73208, 18.10204], [73.73495, 18.10315], [73.73675, 18.10237], [73.73767, 18.10321], [73.73878, 18.10701], [73.74014, 18.10797], [73.74091, 18.10759]]]]}, "properties": {"panchayat_id": "IND.20.26.2_1__gp185573", "name": "Rayari", "unit_type": "gram_panchayat", "area_km2": 18.872, "centroid_lat": 18.05806, "centroid_lon": 73.71726, "terrain": {"elevation_m": 1147.6577205536125, "slope_deg": 15.566800649505907, "monsoon_exposure": -0.14298596233939778, "ruggedness_m": 283.47799708377835, "roughness_m": 122.18466639884086, "local_relief_m": 635.9593547005583, "distance_to_coast_km": 69.20714737354437, "upwind_barrier_m": 237.91197349868594, "downwind_rise_m": 0.0, "upwind_max_elev_m": 1385.5696940522985}, "block_id": "IND.20.26.2_1", "block_name": "Bhor", "district": "Pune"}}, {"type": "Feature", "geometry": {"type": "Polygon", "coordinates": [[[73.72302, 18.10328], [73.72451, 18.10359], [73.72988, 18.10188], [73.73208, 18.10204], [73.7324, 18.10146], [73.73222, 18.09715], [73.73287, 18.09657], [73.732, 18.09452], [73.7313, 18.09458], [73.73099, 18.09197], [73.73187, 18.09191], [73.73109, 18.09076], [73.73157, 18.08976], [73.73302, 18.08873], [73.7373, 18.08872], [73.73982, 18.08969], [73.74399, 18.09041], [73.74464, 18.08964], [73.74494, 18.08911], [73.74431, 18.0863], [73.74419, 18.07954], [73.74357, 18.07847], [73.74376, 18.07595], [73.74034, 18.07748], [73.73755, 18.07962], [73.73508, 18.08314], [73.73268, 18.08387], [73.73252, 18.08428], [73.73116, 18.08433], [73.72751, 18.08318], [73.72418, 18.08023], [73.72239, 18.08183], [73.72191, 18.08461], [73.72052, 18.08631], [73.71832, 18.08707], [73.71795, 18.08882], [73.71852, 18.09316], [73.71709, 18.0983], [73.7189, 18.09895], [73.72302, 18.10328]]]}, "properties": {"panchayat_id": "IND.20.26.2_1__gp185574", "name": "Salav", "unit_type": "gram_panchayat", "area_km2": 4.235, "centroid_lat": 18.09019, "centroid_lon": 73.72972, "terrain": {"elevation_m": 664.0916642399309, "slope_deg": 3.174063727833725, "monsoon_exposure": 0.0354661378566584, "ruggedness_m": 50.12259373833045, "roughness_m": 36.308081213917454, "local_relief_m": 131.0420255721458, "distance_to_coast_km": 69.7553825524384, "upwind_barrier_m": 327.7595532873394, "downwind_rise_m": 64.37908191839233, "upwind_max_elev_m": 991.8512175272703}, "block_id": "IND.20.26.2_1", "block_name": "Bhor", "district": "Pune"}}, {"type": "Feature", "geometry": {"type": "Polygon", "coordinates": [[[73.86277, 18.28596], [73.86312, 18.28088], [73.86421, 18.27895], [73.86544, 18.2781], [73.86575, 18.27588], [73.8673, 18.27415], [73.86721, 18.27365], [73.86637, 18.27409], [73.86527, 18.27348], [73.86591, 18.26928], [73.86748, 18.26836], [73.86779, 18.26695], [73.86698, 18.26671], [73.86679, 18.26472], [73.85795, 18.26275], [73.8571, 18.26345], [73.85686, 18.26529], [73.85529, 18.26793], [73.85475, 18.27032], [73.85219, 18.2728], [73.8489, 18.27362], [73.84748, 18.27551], [73.8448, 18.27597], [73.8442, 18.27946], [73.84286, 18.28131], [73.84324, 18.28279], [73.8425, 18.28418], [73.84255, 18.28507], [73.84318, 18.28786], [73.85506, 18.28511], [73.86187, 18.2862], [73.86277, 18.28596]]]}, "properties": {"panchayat_id": "IND.20.26.2_1__gp185575", "name": "Salavade", "unit_type": "gram_panchayat", "area_km2": 4.156, "centroid_lat": 18.27655, "centroid_lon": 73.856, "terrain": {"elevation_m": 714.8143799031734, "slope_deg": 5.5783431281719915, "monsoon_exposure": -0.09719037039124649, "ruggedness_m": 75.69020432535449, "roughness_m": 42.65259599117293, "local_relief_m": 182.20707234918916, "distance_to_coast_km": 81.69298719633666, "upwind_barrier_m": 94.44047129639671, "downwind_rise_m": 180.31185368590263, "upwind_max_elev_m": 809.2548511995701}, "block_id": "IND.20.26.2_1", "block_name": "Bhor", "district": "Pune"}}, {"type": "Feature", "geometry": {"type": "Polygon", "coordinates": [[[73.68008, 18.15728], [73.68307, 18.14624], [73.68553, 18.14247], [73.68295, 18.14112], [73.68125, 18.13859], [73.68105, 18.13544], [73.67864, 18.13344], [73.6759, 18.13663], [73.67253, 18.13848], [73.67033, 18.14094], [73.66867, 18.14135], [73.666, 18.14316], [73.66412, 18.14553], [73.66487, 18.15006], [73.66437, 18.15119], [73.6643, 18.15417], [73.66524, 18.1543], [73.66654, 18.15615], [73.66635, 18.16031], [73.66245, 18.16118], [73.66363, 18.16382], [73.66294, 18.16601], [73.66087, 18.16776], [73.6601, 18.16786], [73.65662, 18.17146], [73.65232, 18.1729], [73.65232, 18.17389], [73.65321, 18.17479], [73.65355, 18.1766], [73.65295, 18.17788], [73.65352, 18.17892], [73.65134, 18.18234], [73.6522, 18.18385], [73.65421, 18.18519], [73.65681, 18.18451], [73.65944, 18.18534], [73.66139, 18.18275], [73.66259, 18.18288], [73.66363, 18.1843], [73.66167, 18.1867], [73.66018, 18.19239], [73.66384, 18.19214], [73.66511, 18.19123], [73.66622, 18.19159], [73.66825, 18.19135], [73.67039, 18.18939], [73.6717, 18.1889], [73.67646, 18.18979], [73.67983, 18.19175], [73.68278, 18.19207], [73.68436, 18.19182], [73.68596, 18.19054], [73.68872, 18.18946], [73.68734, 18.1874], [73.68749, 18.18667], [73.68597, 18.18371], [73.68586, 18.18223], [73.68272, 18.18086], [73.67872, 18.17786], [73.67799, 18.17355], [73.67827, 18.17149], [73.67792, 18.16848], [73.6775, 18.16767], [73.67661, 18.16726], [73.67647, 18.16646], [73.67665, 18.16546], [73.6787, 18.16261], [73.67906, 18.15859], [73.68008, 18.15728]]]}, "properties": {"panchayat_id": "IND.20.26.2_1__gp185576", "name": "Salungan", "unit_type": "gram_panchayat", "area_km2": 12.286, "centroid_lat": 18.16762, "centroid_lon": 73.67105, "terrain": {"elevation_m": 665.3494956187668, "slope_deg": 2.8974655837965364, "monsoon_exposure": -0.0012335500916550721, "ruggedness_m": 129.613003570797, "roughness_m": 124.13711776801578, "local_relief_m": 468.0314787083823, "distance_to_coast_km": 62.55008419169494, "upwind_barrier_m": 0.0, "downwind_rise_m": 166.50310733037384, "upwind_max_elev_m": 442.1803449912274}, "block_id": "IND.20.26.2_1", "block_name": "Bhor", "district": "Pune"}}, {"type": "Feature", "geometry": {"type": "Polygon", "coordinates": [[[73.87357, 18.20267], [73.8787, 18.20205], [73.88113, 18.20126], [73.88215, 18.20157], [73.88302, 18.20078], [73.88389, 18.19461], [73.88442, 18.19349], [73.88888, 18.1902], [73.89427, 18.18748], [73.89899, 18.18319], [73.89847, 18.1822], [73.89636, 18.18077], [73.89386, 18.18264], [73.89182, 18.18185], [73.88974, 18.18008], [73.88723, 18.17565], [73.88573, 18.17398], [73.88308, 18.17269], [73.87993, 18.17313], [73.87584, 18.17508], [73.87416, 18.17493], [73.87254, 18.1738], [73.87162, 18.17383], [73.87151, 18.18012], [73.87097, 18.18146], [73.86911, 18.1833], [73.86855, 18.18488], [73.8686, 18.18714], [73.86971, 18.19046], [73.86958, 18.19817], [73.87049, 18.20191], [73.87357, 18.20267]]]}, "properties": {"panchayat_id": "IND.20.26.2_1__gp185577", "name": "Sangamner", "unit_type": "gram_panchayat", "area_km2": 6.004, "centroid_lat": 18.18702, "centroid_lon": 73.88009, "terrain": {"elevation_m": 629.0350809542294, "slope_deg": 4.488762714936751, "monsoon_exposure": 0.02314845117485119, "ruggedness_m": 69.99590942496823, "roughness_m": 36.077051337237116, "local_relief_m": 176.46642002478166, "distance_to_coast_km": 84.1285042278611, "upwind_barrier_m": 296.5609833302892, "downwind_rise_m": 309.6895855591355, "upwind_max_elev_m": 925.5960642845187}, "block_id": "IND.20.26.2_1", "block_name": "Bhor", "district": "Pune"}}, {"type": "Feature", "geometry": {"type": "Polygon", "coordinates": [[[73.86956, 18.23987], [73.87722, 18.23778], [73.87868, 18.23792], [73.87792, 18.23388], [73.87785, 18.23262], [73.87847, 18.23088], [73.87759, 18.22904], [73.87776, 18.2265], [73.87329, 18.22893], [73.86968, 18.22992], [73.866, 18.23177], [73.86519, 18.23311], [73.86586, 18.23673], [73.86437, 18.23831], [73.86251, 18.23869], [73.8644, 18.24229], [73.86555, 18.24127], [73.86645, 18.24161], [73.86756, 18.24125], [73.86956, 18.23987]]]}, "properties": {"panchayat_id": "IND.20.26.2_1__gp185578", "name": "Sangavi Kh.", "unit_type": "gram_panchayat", "area_km2": 1.561, "centroid_lat": 18.23471, "centroid_lon": 73.87147, "terrain": {"elevation_m": 632.576001263654, "slope_deg": 0.4082073073415733, "monsoon_exposure": 0.0063676654737181235, "ruggedness_m": 14.791527310018953, "roughness_m": 15.375473774883563, "local_relief_m": 50.942243967586364, "distance_to_coast_km": 83.12571988202849, "upwind_barrier_m": 312.6720723372048, "downwind_rise_m": 699.9076123900552, "upwind_max_elev_m": 945.2480736008588}, "block_id": "IND.20.26.2_1", "block_name": "Bhor", "district": "Pune"}}, {"type": "Feature", "geometry": {"type": "Polygon", "coordinates": [[[73.76989, 18.10338], [73.77243, 18.10439], [73.77507, 18.1018], [73.77538, 18.10027], [73.77625, 18.09988], [73.77796, 18.10042], [73.77995, 18.09908], [73.78415, 18.09926], [73.78578, 18.09677], [73.78327, 18.09356], [73.78072, 18.09398], [73.77881, 18.09351], [73.77747, 18.09263], [73.77432, 18.08771], [73.77183, 18.09102], [73.76885, 18.09819], [73.7693, 18.09977], [73.76885, 18.10096], [73.76972, 18.10184], [73.76989, 18.10338]]]}, "properties": {"panchayat_id": "IND.20.26.2_1__gp185579", "name": "Sangvi T. Bhor", "unit_type": "gram_panchayat", "area_km2": 1.557, "centroid_lat": 18.09661, "centroid_lon": 73.77577, "terrain": {"elevation_m": 640.8746718978888, "slope_deg": 2.7227185810487327, "monsoon_exposure": -0.027436380793460984, "ruggedness_m": 28.53878223979826, "roughness_m": 24.939846924824142, "local_relief_m": 93.58551318775267, "distance_to_coast_km": 74.37076168756332, "upwind_barrier_m": 681.9104173080194, "downwind_rise_m": 315.8410287458057, "upwind_max_elev_m": 1322.7850892059082}, "block_id": "IND.20.26.2_1", "block_name": "Bhor", "district": "Pune"}}, {"type": "Feature", "geometry": {"type": "Polygon", "coordinates": [[[73.86961, 18.17392], [73.87254, 18.1738], [73.87342, 18.17464], [73.87512, 18.17318], [73.87426, 18.16711], [73.87385, 18.16723], [73.87303, 18.16635], [73.87438, 18.16449], [73.87819, 18.16372], [73.88083, 18.16015], [73.88248, 18.15879], [73.88125, 18.15833], [73.87286, 18.15777], [73.871, 18.15847], [73.8674, 18.16165], [73.86338, 18.16365], [73.85866, 18.16209], [73.85861, 18.16262], [73.8634, 18.16559], [73.86677, 18.1757], [73.86751, 18.176], [73.86961, 18.17392]]]}, "properties": {"panchayat_id": "IND.20.26.2_1__gp185580", "name": "Sangavi Hima", "unit_type": "gram_panchayat", "area_km2": 2.071, "centroid_lat": 18.16569, "centroid_lon": 73.87085, "terrain": {"elevation_m": 594.495129965851, "slope_deg": 0.9289708036500874, "monsoon_exposure": -0.016191256424034774, "ruggedness_m": 14.792177641047443, "roughness_m": 13.961751888667335, "local_relief_m": 36.21653887650439, "distance_to_coast_km": 83.31869397824657, "upwind_barrier_m": 171.93907096618, "downwind_rise_m": 173.52965407663373, "upwind_max_elev_m": 766.434200932031}, "block_id": "IND.20.26.2_1", "block_name": "Bhor", "district": "Pune"}}, {"type": "Feature", "geometry": {"type": "Polygon", "coordinates": [[[73.96491, 18.20434], [73.96581, 18.20166], [73.96529, 18.19905], [73.96228, 18.19529], [73.962, 18.19417], [73.96135, 18.18243], [73.96301, 18.18031], [73.9661, 18.178], [73.96396, 18.17459], [73.96104, 18.17258], [73.96093, 18.16967], [73.96007, 18.16666], [73.95228, 18.17314], [73.95173, 18.17226], [73.9495, 18.174], [73.94974, 18.17518], [73.94906, 18.17454], [73.94852, 18.17497], [73.94636, 18.17797], [73.94854, 18.18393], [73.9497, 18.19117], [73.95316, 18.19789], [73.95664, 18.20223], [73.95994, 18.20285], [73.96253, 18.20435], [73.96491, 18.20434]]]}, "properties": {"panchayat_id": "IND.20.26.2_1__gp185582", "name": "Sarole", "unit_type": "gram_panchayat", "area_km2": 4.782, "centroid_lat": 18.18565, "centroid_lon": 73.95668, "terrain": {"elevation_m": 605.5075798823091, "slope_deg": 1.0700025474272334, "monsoon_exposure": 0.010594482684566166, "ruggedness_m": 16.10822904364665, "roughness_m": 3.794285339887888, "local_relief_m": 48.92800827740757, "distance_to_coast_km": 92.11110590714975, "upwind_barrier_m": 312.2601068181442, "downwind_rise_m": 350.1409069327076, "upwind_max_elev_m": 917.7676867004533}, "block_id": "IND.20.26.2_1", "block_name": "Bhor", "district": "Pune"}}, {"type": "Feature", "geometry": {"type": "Polygon", "coordinates": [[[73.96749, 18.20892], [73.96869, 18.20902], [73.96869, 18.20572], [73.97201, 18.20126], [73.97314, 18.19639], [73.97476, 18.19492], [73.97794, 18.19373], [73.98046, 18.19137], [73.9812, 18.18536], [73.98114, 18.18475], [73.97701, 18.18259], [73.97442, 18.18148], [73.97103, 18.18097], [73.96821, 18.17996], [73.96607, 18.17821], [73.96301, 18.18031], [73.96161, 18.18197], [73.96137, 18.18311], [73.962, 18.19417], [73.96228, 18.19529], [73.96529, 18.19905], [73.96581, 18.20166], [73.96493, 18.20462], [73.96572, 18.20559], [73.96577, 18.20722], [73.96749, 18.20892]]]}, "properties": {"panchayat_id": "IND.20.26.2_1__gp185584", "name": "Savardare", "unit_type": "gram_panchayat", "area_km2": 3.85, "centroid_lat": 18.19079, "centroid_lon": 73.96988, "terrain": {"elevation_m": 633.9696323061662, "slope_deg": 1.4580454917032573, "monsoon_exposure": 0.01925093736479248, "ruggedness_m": 20.680445231735337, "roughness_m": 8.579406719838087, "local_relief_m": 60.18424132779364, "distance_to_coast_km": 93.46080815272099, "upwind_barrier_m": 481.7574380097535, "downwind_rise_m": 281.7630703337933, "upwind_max_elev_m": 1115.7270703159197}, "block_id": "IND.20.26.2_1", "block_name": "Bhor", "district": "Pune"}}, {"type": "Feature", "geometry": {"type": "MultiPolygon", "coordinates": [[[[73.63153, 18.1416], [73.6339, 18.13912], [73.63652, 18.13963], [73.6393, 18.13929], [73.64134, 18.14016], [73.64302, 18.13982], [73.64592, 18.13821], [73.64751, 18.13805], [73.65126, 18.13589], [73.65273, 18.13573], [73.65476, 18.13401], [73.64855, 18.13053], [73.64621, 18.12547], [73.64458, 18.12327], [73.64278, 18.12206], [73.64182, 18.11918], [73.6404, 18.11705], [73.63694, 18.11865], [73.63401, 18.11837], [73.63179, 18.11967], [73.63042, 18.11954], [73.62671, 18.12237], [73.62698, 18.12345], [73.61935, 18.12666], [73.62351, 18.12897], [73.62375, 18.13069], [73.62645, 18.13179], [73.62814, 18.13362], [73.62944, 18.1362], [73.62852, 18.13757], [73.62863, 18.14124], [73.62917, 18.14195], [73.63153, 18.1416]]], [[[73.66456, 18.15347], [73.66437, 18.15119], [73.66487, 18.15006], [73.66412, 18.14553], [73.666, 18.14316], [73.66867, 18.14135], [73.67033, 18.14094], [73.67253, 18.13848], [73.6759, 18.13663], [73.67895, 18.13321], [73.67819, 18.13214], [73.6763, 18.13339], [73.67493, 18.13337], [73.66932, 18.1349], [73.66271, 18.13429], [73.65575, 18.13445], [73.65601, 18.13859], [73.65446, 18.14235], [73.65548, 18.14433], [73.65491, 18.14667], [73.64951, 18.15205], [73.6495, 18.1524], [73.65106, 18.15217], [73.64981, 18.15694], [73.65444, 18.15849], [73.65517, 18.15635], [73.65637, 18.15574], [73.66189, 18.15467], [73.66129, 18.15169], [73.66365, 18.15442], [73.66456, 18.15347]]]]}, "properties": {"panchayat_id": "IND.20.26.2_1__gp185585", "name": "Shilimb", "unit_type": "gram_panchayat", "area_km2": 8.583, "centroid_lat": 18.13563, "centroid_lon": 73.64675, "terrain": {"elevation_m": 765.2768140198718, "slope_deg": 13.981938865955165, "monsoon_exposure": 0.11300638828506208, "ruggedness_m": 143.64101999043302, "roughness_m": 128.4308439014917, "local_relief_m": 397.11146295075366, "distance_to_coast_km": 60.43992287126165, "upwind_barrier_m": 0.0, "downwind_rise_m": 133.5255016555875, "upwind_max_elev_m": 698.680847137741}, "block_id": "IND.20.26.2_1", "block_name": "Bhor", "district": "Pune"}}, {"type": "Feature", "geometry": {"type": "Polygon", "coordinates": [[[73.79052, 18.18099], [73.79436, 18.18211], [73.79689, 18.17388], [73.79667, 18.17169], [73.79795, 18.17038], [73.79852, 18.17042], [73.79854, 18.16939], [73.79954, 18.16888], [73.79981, 18.16819], [73.80009, 18.16649], [73.79874, 18.16424], [73.79979, 18.1632], [73.79963, 18.16154], [73.8005, 18.16094], [73.80023, 18.16041], [73.80387, 18.15854], [73.80404, 18.15808], [73.80566, 18.15804], [73.80575, 18.15748], [73.80637, 18.15755], [73.80633, 18.15702], [73.80749, 18.15613], [73.80827, 18.15633], [73.80816, 18.15593], [73.80989, 18.1542], [73.81114, 18.15366], [73.81072, 18.1534], [73.81141, 18.15329], [73.81178, 18.15242], [73.80972, 18.15017], [73.80801, 18.14572], [73.80601, 18.14623], [73.80455, 18.1472], [73.80189, 18.14677], [73.80128, 18.14789], [73.79897, 18.14975], [73.79833, 18.15014], [73.7973, 18.14982], [73.7958, 18.15103], [73.79418, 18.15505], [73.79163, 18.15704], [73.78977, 18.15973], [73.78494, 18.17136], [73.78451, 18.17155], [73.78317, 18.17616], [73.78248, 18.17703], [73.78285, 18.17748], [73.78619, 18.17833], [73.78656, 18.17807], [73.78742, 18.17927], [73.78908, 18.1798], [73.79052, 18.18099]]]}, "properties": {"panchayat_id": "IND.20.26.2_1__gp185586", "name": "Shind", "unit_type": "gram_panchayat", "area_km2": 4.792, "centroid_lat": 18.16337, "centroid_lon": 73.79599, "terrain": {"elevation_m": 646.655886882607, "slope_deg": 1.8489856304787495, "monsoon_exposure": -0.004641867720564087, "ruggedness_m": 44.62535457306573, "roughness_m": 24.82238922267084, "local_relief_m": 121.78968372697364, "distance_to_coast_km": 75.56224785600588, "upwind_barrier_m": 201.82802528997593, "downwind_rise_m": 291.7266558798797, "upwind_max_elev_m": 848.4839121725829}, "block_id": "IND.20.26.2_1", "block_name": "Bhor", "district": "Pune"}}, {"type": "Feature", "geometry": {"type": "Polygon", "coordinates": [[[73.66341, 18.06268], [73.66128, 18.05425], [73.66123, 18.05066], [73.65521, 18.04503], [73.65236, 18.03817], [73.64899, 18.03908], [73.64818, 18.04112], [73.64463, 18.04406], [73.63825, 18.04582], [73.63093, 18.04467], [73.62993, 18.04489], [73.6298, 18.04895], [73.62527, 18.05045], [73.61969, 18.05499], [73.61779, 18.05629], [73.61605, 18.05665], [73.61555, 18.05726], [73.62167, 18.06012], [73.62547, 18.06075], [73.62779, 18.06183], [73.62836, 18.06274], [73.63215, 18.06529], [73.63378, 18.06567], [73.63538, 18.06699], [73.63691, 18.06688], [73.63757, 18.06759], [73.63689, 18.06895], [73.63797, 18.06926], [73.6387, 18.07077], [73.64072, 18.07107], [73.64131, 18.07198], [73.64257, 18.0725], [73.64262, 18.07417], [73.64441, 18.07371], [73.64584, 18.07454], [73.64524, 18.07622], [73.64584, 18.07668], [73.64685, 18.07634], [73.64765, 18.07723], [73.64512, 18.08423], [73.64394, 18.08584], [73.64662, 18.0863], [73.64989, 18.08599], [73.65076, 18.08702], [73.65317, 18.08681], [73.65579, 18.08745], [73.65756, 18.08906], [73.65832, 18.09244], [73.6597, 18.09427], [73.66169, 18.09551], [73.66376, 18.09561], [73.66518, 18.09767], [73.66846, 18.09845], [73.67213, 18.09832], [73.6727, 18.09519], [73.67238, 18.09321], [73.67368, 18.09009], [73.6744, 18.08938], [73.6762, 18.0895], [73.67818, 18.08862], [73.67899, 18.08645], [73.67711, 18.0843], [73.67651, 18.08217], [73.67413, 18.0798], [73.67393, 18.07881], [73.67027, 18.07435], [73.66992, 18.0732], [73.66656, 18.06992], [73.6659, 18.06874], [73.66601, 18.06639], [73.66341, 18.06268]]]}, "properties": {"panchayat_id": "IND.20.26.2_1__gp185589", "name": "Shirvali Hima", "unit_type": "gram_panchayat", "area_km2": 17.833, "centroid_lat": 18.0671, "centroid_lon": 73.65122, "terrain": {"elevation_m": 685.688069496768, "slope_deg": 1.4816751124838436, "monsoon_exposure": -0.0020774998429210763, "ruggedness_m": 148.58838985025972, "roughness_m": 129.46366292594587, "local_relief_m": 341.3424995305379, "distance_to_coast_km": 62.27808761850056, "upwind_barrier_m": 196.91688944078498, "downwind_rise_m": 96.68959150438866, "upwind_max_elev_m": 882.604958937553}, "block_id": "IND.20.26.2_1", "block_name": "Bhor", "district": "Pune"}}, {"type": "Feature", "geometry": {"type": "Polygon", "coordinates": [[[73.81178, 18.15242], [73.81409, 18.14968], [73.81487, 18.13919], [73.8178, 18.13114], [73.81801, 18.12851], [73.8187, 18.12801], [73.81964, 18.12516], [73.81766, 18.12648], [73.81355, 18.1257], [73.8132, 18.12775], [73.8103, 18.13234], [73.81004, 18.13371], [73.80804, 18.1351], [73.80537, 18.13581], [73.80276, 18.13895], [73.80109, 18.13922], [73.80383, 18.14225], [73.80658, 18.14346], [73.80728, 18.14423], [73.80972, 18.15017], [73.81178, 18.15242]]]}, "properties": {"panchayat_id": "IND.20.26.2_1__gp185590", "name": "Shirvali T. Bhor", "unit_type": "gram_panchayat", "area_km2": 2.254, "centroid_lat": 18.13854, "centroid_lon": 73.8113, "terrain": {"elevation_m": 648.378640449082, "slope_deg": 3.4488269899838015, "monsoon_exposure": -0.010330381056750883, "ruggedness_m": 69.90055621610544, "roughness_m": 39.667795084699755, "local_relief_m": 207.09349905162037, "distance_to_coast_km": 77.4386351141937, "upwind_barrier_m": 228.37498085901825, "downwind_rise_m": 0.0, "upwind_max_elev_m": 876.7536213081003}, "block_id": "IND.20.26.2_1", "block_name": "Bhor", "district": "Pune"}}, {"type": "Feature", "geometry": {"type": "Polygon", "coordinates": [[[73.81921, 18.28451], [73.82113, 18.28287], [73.81922, 18.28055], [73.81621, 18.27259], [73.81629, 18.26925], [73.80647, 18.26941], [73.80621, 18.27082], [73.80696, 18.27258], [73.81165, 18.27247], [73.81456, 18.27293], [73.81449, 18.27681], [73.81403, 18.27837], [73.81634, 18.28066], [73.81683, 18.28249], [73.81921, 18.28451]]]}, "properties": {"panchayat_id": "IND.20.26.2_1__gp185592", "name": "Sonavadi", "unit_type": "gram_panchayat", "area_km2": 0.775, "centroid_lat": 18.27511, "centroid_lon": 73.81449, "terrain": {"elevation_m": 667.7000676289899, "slope_deg": 1.3563322318113311, "monsoon_exposure": 0.013394122162639126, "ruggedness_m": 26.6205353767171, "roughness_m": 13.648798839389118, "local_relief_m": 66.46384319317986, "distance_to_coast_km": 77.36740980563138, "upwind_barrier_m": 229.54883450624743, "downwind_rise_m": 217.63432954446364, "upwind_max_elev_m": 897.2489021352374}, "block_id": "IND.20.26.2_1", "block_name": "Bhor", "district": "Pune"}}, {"type": "Feature", "geometry": {"type": "Polygon", "coordinates": [[[74.04829, 18.17263], [74.05008, 18.16955], [74.05106, 18.16882], [74.05059, 18.16876], [74.0496, 18.16654], [74.04632, 18.16378], [74.04511, 18.16215], [74.04015, 18.16248], [74.03925, 18.16182], [74.03503, 18.15111], [74.03169, 18.15161], [74.02249, 18.15162], [74.01997, 18.15215], [74.02151, 18.15469], [74.02242, 18.15947], [74.02292, 18.15971], [74.02323, 18.1647], [74.02429, 18.1648], [74.02416, 18.16877], [74.02864, 18.17112], [74.03683, 18.17438], [74.03996, 18.17441], [74.04299, 18.17531], [74.04583, 18.17322], [74.04642, 18.17083], [74.04829, 18.17263]]]}, "properties": {"panchayat_id": "IND.20.26.2_1__gp185594", "name": "Taprewadi", "unit_type": "gram_panchayat", "area_km2": 4.854, "centroid_lat": 18.16354, "centroid_lon": 74.0342, "terrain": {"elevation_m": 603.3739526540605, "slope_deg": 1.1529464776666765, "monsoon_exposure": 0.01898082678193907, "ruggedness_m": 18.00190928823321, "roughness_m": 10.744440584552546, "local_relief_m": 44.0416670112744, "distance_to_coast_km": 100.32296472159368, "upwind_barrier_m": 705.0444235258949, "downwind_rise_m": 168.78332404528044, "upwind_max_elev_m": 1308.4183761799554}, "block_id": "IND.20.26.2_1", "block_name": "Bhor", "district": "Pune"}}, {"type": "Feature", "geometry": {"type": "Polygon", "coordinates": [[[73.90396, 18.21672], [73.90733, 18.21281], [73.90786, 18.20991], [73.90715, 18.20898], [73.90464, 18.20876], [73.90271, 18.20751], [73.90012, 18.20709], [73.8993, 18.20626], [73.89535, 18.20521], [73.89273, 18.20597], [73.88857, 18.20593], [73.89323, 18.20922], [73.89387, 18.21057], [73.89487, 18.21118], [73.89516, 18.21448], [73.89457, 18.21521], [73.89474, 18.21611], [73.89892, 18.21747], [73.90182, 18.21735], [73.90396, 18.21672]]]}, "properties": {"panchayat_id": "IND.20.26.2_1__gp185595", "name": "Telavadi", "unit_type": "gram_panchayat", "area_km2": 1.511, "centroid_lat": 18.21128, "centroid_lon": 73.89951, "terrain": {"elevation_m": 625.639469926127, "slope_deg": 1.734393703493788, "monsoon_exposure": -0.030110864887692494, "ruggedness_m": 27.678178176611567, "roughness_m": 15.136043575591419, "local_relief_m": 85.72643960079722, "distance_to_coast_km": 86.05887153333356, "upwind_barrier_m": 236.46879187189074, "downwind_rise_m": 311.3993378158069, "upwind_max_elev_m": 862.1082617980178}, "block_id": "IND.20.26.2_1", "block_name": "Bhor", "district": "Pune"}}, {"type": "Feature", "geometry": {"type": "Polygon", "coordinates": [[[73.90099, 18.23751], [73.90077, 18.23023], [73.90349, 18.22192], [73.90104, 18.21741], [73.89892, 18.21747], [73.89474, 18.21611], [73.88913, 18.21949], [73.88303, 18.22522], [73.8854, 18.22883], [73.88892, 18.24166], [73.89499, 18.23997], [73.90099, 18.23751]]]}, "properties": {"panchayat_id": "IND.20.26.2_1__gp185597", "name": "Umbare", "unit_type": "gram_panchayat", "area_km2": 3.867, "centroid_lat": 18.22827, "centroid_lon": 73.89392, "terrain": {"elevation_m": 627.5784647520954, "slope_deg": 1.0004273672248154, "monsoon_exposure": 0.011226662824315748, "ruggedness_m": 17.328041563482977, "roughness_m": 7.690286880796018, "local_relief_m": 56.075700859815356, "distance_to_coast_km": 85.46044022750361, "upwind_barrier_m": 585.8896819169283, "downwind_rise_m": 539.8126223981037, "upwind_max_elev_m": 1213.4681466690238}, "block_id": "IND.20.26.2_1", "block_name": "Bhor", "district": "Pune"}}, {"type": "Feature", "geometry": {"type": "Polygon", "coordinates": [[[73.85824, 18.15607], [73.85974, 18.15508], [73.86777, 18.15439], [73.87034, 18.15338], [73.87105, 18.15242], [73.87179, 18.14891], [73.87294, 18.1478], [73.86934, 18.14588], [73.86836, 18.14487], [73.86782, 18.14318], [73.868, 18.14165], [73.87072, 18.14093], [73.87134, 18.13983], [73.87042, 18.13429], [73.87061, 18.13205], [73.87199, 18.12904], [73.87184, 18.12694], [73.88244, 18.12531], [73.88869, 18.1282], [73.89348, 18.12572], [73.89186, 18.12544], [73.89064, 18.12306], [73.89069, 18.12161], [73.88786, 18.11622], [73.8827, 18.11598], [73.88063, 18.11664], [73.87958, 18.11637], [73.87938, 18.11581], [73.87748, 18.11541], [73.87739, 18.11581], [73.87295, 18.11748], [73.87257, 18.11718], [73.87137, 18.11766], [73.87039, 18.11691], [73.86868, 18.11853], [73.86738, 18.1181], [73.86365, 18.11962], [73.86259, 18.11931], [73.86227, 18.11966], [73.85398, 18.1199], [73.85361, 18.1241], [73.85488, 18.12587], [73.85486, 18.12828], [73.85113, 18.12784], [73.84937, 18.13012], [73.84885, 18.13158], [73.84939, 18.1316], [73.8496, 18.1327], [73.85054, 18.13246], [73.85064, 18.13339], [73.85147, 18.13372], [73.85191, 18.13719], [73.85243, 18.13667], [73.85275, 18.1369], [73.85311, 18.14119], [73.85464, 18.14148], [73.85385, 18.14282], [73.85296, 18.1425], [73.85282, 18.14304], [73.85326, 18.14406], [73.85498, 18.14551], [73.85761, 18.15518], [73.85824, 18.15607]]]}, "properties": {"panchayat_id": "IND.20.26.2_1__gp185598", "name": "Utroli", "unit_type": "gram_panchayat", "area_km2": 9.189, "centroid_lat": 18.13256, "centroid_lon": 73.86674, "terrain": {"elevation_m": 637.8560249215225, "slope_deg": 1.718336311842379, "monsoon_exposure": -0.005782210706268524, "ruggedness_m": 38.04141004762187, "roughness_m": 21.138263827639268, "local_relief_m": 121.91981731343549, "distance_to_coast_km": 83.25773455284559, "upwind_barrier_m": 625.8479006655966, "downwind_rise_m": 15.60392950591779, "upwind_max_elev_m": 1263.703925587119}, "block_id": "IND.20.26.2_1", "block_name": "Bhor", "district": "Pune"}}, {"type": "Feature", "geometry": {"type": "Polygon", "coordinates": [[[73.88878, 18.15418], [73.89065, 18.14786], [73.89334, 18.14446], [73.89611, 18.13948], [73.90178, 18.13692], [73.90126, 18.13462], [73.90165, 18.12877], [73.90015, 18.12693], [73.89739, 18.12533], [73.89697, 18.12632], [73.89348, 18.12572], [73.88869, 18.1282], [73.88244, 18.12531], [73.87184, 18.12694], [73.87199, 18.12904], [73.87061, 18.13205], [73.87042, 18.13429], [73.87134, 18.13983], [73.87072, 18.14093], [73.868, 18.14165], [73.86782, 18.14318], [73.86836, 18.14487], [73.87066, 18.14681], [73.87294, 18.1478], [73.87464, 18.14742], [73.87671, 18.14811], [73.87737, 18.14864], [73.87876, 18.15174], [73.88442, 18.15449], [73.88509, 18.15506], [73.88544, 18.15634], [73.88829, 18.15398], [73.88878, 18.15418]]]}, "properties": {"panchayat_id": "IND.20.26.2_1__gp185599", "name": "Vadgaon Dal", "unit_type": "gram_panchayat", "area_km2": 7.504, "centroid_lat": 18.13806, "centroid_lon": 73.88452, "terrain": {"elevation_m": 631.3679543227211, "slope_deg": 3.8226262808018787, "monsoon_exposure": -0.013052151960000685, "ruggedness_m": 73.04677355319855, "roughness_m": 39.85981832490693, "local_relief_m": 196.9120165298226, "distance_to_coast_km": 85.02836224990371, "upwind_barrier_m": 698.5902686118866, "downwind_rise_m": 34.04123943747493, "upwind_max_elev_m": 1329.9582229346076}, "block_id": "IND.20.26.2_1", "block_name": "Bhor", "district": "Pune"}}, {"type": "Feature", "geometry": {"type": "Polygon", "coordinates": [[[73.87218, 18.31114], [73.87192, 18.30874], [73.86922, 18.30654], [73.86925, 18.30313], [73.87272, 18.29965], [73.87262, 18.29494], [73.87487, 18.29411], [73.87134, 18.29331], [73.86937, 18.29226], [73.86722, 18.28939], [73.86363, 18.28804], [73.8626, 18.28884], [73.86001, 18.28964], [73.85969, 18.29142], [73.86136, 18.29117], [73.86175, 18.29155], [73.86073, 18.29323], [73.8612, 18.29527], [73.86095, 18.2959], [73.85978, 18.29601], [73.8594, 18.29648], [73.85945, 18.2976], [73.86043, 18.29867], [73.85726, 18.30252], [73.85832, 18.30439], [73.86199, 18.30666], [73.86431, 18.31024], [73.87218, 18.31114]]]}, "properties": {"panchayat_id": "IND.20.26.2_1__gp185600", "name": "Varve Bk.", "unit_type": "gram_panchayat", "area_km2": 2.615, "centroid_lat": 18.29966, "centroid_lon": 73.86569, "terrain": {"elevation_m": 704.8895948565545, "slope_deg": 1.1808200480034552, "monsoon_exposure": 0.01960386661023071, "ruggedness_m": 16.067941497557776, "roughness_m": 7.64326237884596, "local_relief_m": 47.89165673479806, "distance_to_coast_km": 82.78606595797604, "upwind_barrier_m": 179.09365456569412, "downwind_rise_m": 193.2686138887026, "upwind_max_elev_m": 883.9832494222486}, "block_id": "IND.20.26.2_1", "block_name": "Bhor", "district": "Pune"}}, {"type": "Feature", "geometry": {"type": "Polygon", "coordinates": [[[73.74892, 18.22242], [73.74927, 18.22143], [73.74881, 18.21851], [73.75032, 18.21645], [73.7507, 18.21394], [73.75199, 18.2121], [73.75342, 18.20858], [73.75462, 18.20832], [73.75641, 18.20679], [73.75912, 18.20228], [73.75553, 18.19164], [73.751, 18.19277], [73.74959, 18.19405], [73.74748, 18.19237], [73.74605, 18.19312], [73.74209, 18.19333], [73.73986, 18.19425], [73.73942, 18.1954], [73.73912, 18.19514], [73.73704, 18.1962], [73.73671, 18.20044], [73.73455, 18.20194], [73.7334, 18.20206], [73.73335, 18.20269], [73.73199, 18.20345], [73.72912, 18.20446], [73.72701, 18.2035], [73.72228, 18.19777], [73.72075, 18.19718], [73.71522, 18.20336], [73.71634, 18.20791], [73.71841, 18.20981], [73.72584, 18.21028], [73.72605, 18.21093], [73.72821, 18.21132], [73.72835, 18.21206], [73.7307, 18.21235], [73.73078, 18.21365], [73.73156, 18.21421], [73.73231, 18.2142], [73.73355, 18.21296], [73.73381, 18.21432], [73.73769, 18.214], [73.74002, 18.21519], [73.74126, 18.21674], [73.74229, 18.21646], [73.74359, 18.2151], [73.74393, 18.21561], [73.74361, 18.21716], [73.74273, 18.21857], [73.74474, 18.21977], [73.74541, 18.22084], [73.74712, 18.22028], [73.74892, 18.22242]]]}, "properties": {"panchayat_id": "IND.20.26.2_1__gp185603", "name": "Velvand", "unit_type": "gram_panchayat", "area_km2": 7.495, "centroid_lat": 18.20521, "centroid_lon": 73.74027, "terrain": {"elevation_m": 610.9944387500018, "slope_deg": 3.0772992220810673, "monsoon_exposure": -0.053229277698600794, "ruggedness_m": 87.48693973841654, "roughness_m": 97.61363143231706, "local_relief_m": 176.26497665522777, "distance_to_coast_km": 69.48186850616318, "upwind_barrier_m": 152.2319591860013, "downwind_rise_m": 344.9856176750177, "upwind_max_elev_m": 763.2263979360031}, "block_id": "IND.20.26.2_1", "block_name": "Bhor", "district": "Pune"}}, {"type": "Feature", "geometry": {"type": "Polygon", "coordinates": [[[73.83107, 18.15182], [73.83128, 18.14988], [73.83049, 18.14907], [73.83014, 18.14951], [73.82987, 18.14928], [73.83074, 18.14786], [73.83068, 18.14635], [73.83122, 18.14627], [73.83066, 18.14536], [73.83148, 18.14446], [73.83248, 18.14128], [73.83225, 18.13851], [73.83128, 18.13743], [73.83005, 18.13721], [73.82462, 18.12963], [73.82199, 18.12789], [73.82231, 18.12538], [73.82066, 18.12511], [73.82011, 18.12693], [73.82053, 18.12909], [73.81964, 18.13336], [73.81875, 18.13421], [73.81857, 18.13574], [73.81656, 18.14017], [73.8159, 18.14252], [73.81678, 18.14271], [73.81615, 18.14357], [73.81663, 18.14372], [73.81856, 18.14792], [73.82168, 18.14835], [73.82268, 18.14886], [73.823, 18.14995], [73.82654, 18.15105], [73.82714, 18.15207], [73.82809, 18.15237], [73.83107, 18.15182]]]}, "properties": {"panchayat_id": "IND.20.26.2_1__gp185604", "name": "Venavadi", "unit_type": "gram_panchayat", "area_km2": 2.937, "centroid_lat": 18.14064, "centroid_lon": 73.82435, "terrain": {"elevation_m": 632.4066092045396, "slope_deg": 4.059877408798921, "monsoon_exposure": -0.03400835334437879, "ruggedness_m": 45.18479013123554, "roughness_m": 38.97008944915683, "local_relief_m": 141.65689328265228, "distance_to_coast_km": 78.76266127008665, "upwind_barrier_m": 239.7491438774573, "downwind_rise_m": 20.513021674904962, "upwind_max_elev_m": 872.1557530819969}, "block_id": "IND.20.26.2_1", "block_name": "Bhor", "district": "Pune"}}, {"type": "Feature", "geometry": {"type": "MultiPolygon", "coordinates": [[[[73.86385, 18.2534], [73.86716, 18.25136], [73.86733, 18.24974], [73.86339, 18.24008], [73.86251, 18.23869], [73.85958, 18.23892], [73.85809, 18.23956], [73.85748, 18.24], [73.85694, 18.24175], [73.85939, 18.24233], [73.86059, 18.24337], [73.86086, 18.2458], [73.86234, 18.24728], [73.8626, 18.25027], [73.86323, 18.25088], [73.86385, 18.2534]]], [[[73.85762, 18.26222], [73.8583, 18.25994], [73.86074, 18.25635], [73.85801, 18.25367], [73.85794, 18.25225], [73.85725, 18.25192], [73.85621, 18.25019], [73.85337, 18.2498], [73.85317, 18.24903], [73.85062, 18.24745], [73.84914, 18.24853], [73.849, 18.24963], [73.84823, 18.25043], [73.84832, 18.25233], [73.84786, 18.25307], [73.84938, 18.25536], [73.8498, 18.25717], [73.85153, 18.26051], [73.85675, 18.26299], [73.85762, 18.26222]]]]}, "properties": {"panchayat_id": "IND.20.26.2_1__gp185605", "name": "Virwadi", "unit_type": "gram_panchayat", "area_km2": 2.025, "centroid_lat": 18.25161, "centroid_lon": 73.85716, "terrain": {"elevation_m": 649.4590704414877, "slope_deg": 6.106202616124354, "monsoon_exposure": 0.09801239507455625, "ruggedness_m": 60.181167337189024, "roughness_m": 69.99305807801451, "local_relief_m": 158.66678560774517, "distance_to_coast_km": 81.675999839446, "upwind_barrier_m": 103.29167027332983, "downwind_rise_m": 312.04516278083315, "upwind_max_elev_m": 752.7507407148175}, "block_id": "IND.20.26.2_1", "block_name": "Bhor", "district": "Pune"}}, {"type": "Feature", "geometry": {"type": "Polygon", "coordinates": [[[73.78969, 18.24018], [73.79407, 18.23793], [73.7927, 18.23535], [73.79058, 18.23445], [73.78899, 18.23234], [73.78739, 18.22966], [73.78759, 18.22793], [73.78706, 18.2271], [73.78409, 18.2256], [73.78352, 18.22465], [73.78086, 18.2235], [73.78007, 18.22209], [73.78009, 18.22023], [73.77955, 18.21986], [73.77977, 18.21908], [73.77937, 18.21871], [73.7798, 18.21856], [73.77804, 18.21782], [73.77782, 18.21574], [73.7747, 18.21474], [73.77413, 18.21562], [73.77511, 18.21623], [73.77497, 18.21697], [73.77349, 18.21867], [73.77335, 18.2195], [73.77421, 18.22077], [73.77264, 18.22107], [73.7723, 18.22195], [73.7726, 18.22276], [73.77122, 18.22366], [73.77174, 18.22543], [73.77127, 18.22586], [73.76845, 18.22503], [73.76796, 18.22578], [73.76941, 18.22685], [73.76981, 18.2277], [73.77327, 18.23006], [73.77547, 18.22995], [73.77733, 18.23045], [73.77978, 18.23303], [73.78219, 18.23682], [73.78517, 18.23929], [73.78555, 18.24123], [73.78717, 18.24086], [73.78761, 18.24023], [73.78969, 18.24018]]]}, "properties": {"panchayat_id": "IND.20.26.2_1__gp185606", "name": "Vadhane", "unit_type": "gram_panchayat", "area_km2": 2.802, "centroid_lat": 18.22893, "centroid_lon": 73.78105, "terrain": {"elevation_m": 685.6502134195471, "slope_deg": 7.014611927633703, "monsoon_exposure": 0.10255567562451293, "ruggedness_m": 111.02796793301556, "roughness_m": 47.870602318237864, "local_relief_m": 306.29980278744677, "distance_to_coast_km": 73.69699441098479, "upwind_barrier_m": 77.87614271544328, "downwind_rise_m": 183.90355099087003, "upwind_max_elev_m": 763.5263561349904}, "block_id": "IND.20.26.2_1", "block_name": "Bhor", "district": "Pune"}}, {"type": "Feature", "geometry": {"type": "Polygon", "coordinates": [[[73.77112, 18.06466], [73.77799, 18.05684], [73.77928, 18.05588], [73.78107, 18.05562], [73.78492, 18.05297], [73.78659, 18.05107], [73.78585, 18.05081], [73.7847, 18.04744], [73.78394, 18.04646], [73.77568, 18.04712], [73.7749, 18.04675], [73.77407, 18.04382], [73.7705, 18.04314], [73.76811, 18.0464], [73.76582, 18.04708], [73.76232, 18.04646], [73.7597, 18.04667], [73.7574, 18.04808], [73.75229, 18.04865], [73.74698, 18.05195], [73.74861, 18.05604], [73.75322, 18.05994], [73.75469, 18.0598], [73.75522, 18.06033], [73.75865, 18.06095], [73.76623, 18.06364], [73.76692, 18.0632], [73.76893, 18.0633], [73.77112, 18.06466]]]}, "properties": {"panchayat_id": "IND.20.26.2_1__gp185607", "name": "Vadtumbi", "unit_type": "gram_panchayat", "area_km2": 5.523, "centroid_lat": 18.05362, "centroid_lon": 73.76665, "terrain": {"elevation_m": 792.7569267262711, "slope_deg": 8.155989211391349, "monsoon_exposure": -0.014462111375248488, "ruggedness_m": 117.89312573182369, "roughness_m": 65.3146991741907, "local_relief_m": 284.0083102855797, "distance_to_coast_km": 74.33650452613222, "upwind_barrier_m": 509.1232222277986, "downwind_rise_m": 123.88927616154388, "upwind_max_elev_m": 1301.8801489540697}, "block_id": "IND.20.26.2_1", "block_name": "Bhor", "district": "Pune"}}, {"type": "Feature", "geometry": {"type": "Polygon", "coordinates": [[[73.9809, 18.23277], [73.97935, 18.23018], [73.97996, 18.22932], [73.9785, 18.22408], [73.97846, 18.2219], [73.97345, 18.21735], [73.97195, 18.2142], [73.96577, 18.20722], [73.96572, 18.20559], [73.96491, 18.20434], [73.96253, 18.20435], [73.95994, 18.20285], [73.95664, 18.20223], [73.95316, 18.19789], [73.95269, 18.19657], [73.95061, 18.19856], [73.94646, 18.20097], [73.94719, 18.20205], [73.94658, 18.20347], [73.94717, 18.2053], [73.94856, 18.20614], [73.94868, 18.20743], [73.94932, 18.20802], [73.95014, 18.20798], [73.95071, 18.20895], [73.95155, 18.2093], [73.95163, 18.2103], [73.95262, 18.2109], [73.95161, 18.21194], [73.952, 18.21325], [73.95118, 18.21397], [73.95216, 18.21649], [73.95198, 18.21828], [73.95267, 18.21885], [73.95252, 18.22288], [73.95164, 18.22344], [73.95272, 18.22655], [73.9571, 18.23236], [73.96027, 18.23177], [73.96251, 18.23243], [73.96445, 18.22916], [73.97546, 18.23771], [73.97719, 18.23544], [73.97981, 18.23397], [73.9809, 18.23277]]]}, "properties": {"panchayat_id": "IND.20.26.2_1__gp185608", "name": "Wagajwadi", "unit_type": "gram_panchayat", "area_km2": 7.914, "centroid_lat": 18.21856, "centroid_lon": 73.96317, "terrain": {"elevation_m": 674.0694738373164, "slope_deg": 3.1407922956592556, "monsoon_exposure": 0.054787771044853724, "ruggedness_m": 86.21463454101612, "roughness_m": 56.378007709448056, "local_relief_m": 249.45695232326375, "distance_to_coast_km": 92.6826397791581, "upwind_barrier_m": 141.50682807033843, "downwind_rise_m": 214.7755954732031, "upwind_max_elev_m": 815.5763019076549}, "block_id": "IND.20.26.2_1", "block_name": "Bhor", "district": "Pune"}}, {"type": "Feature", "geometry": {"type": "Polygon", "coordinates": [[[73.83439, 18.05354], [73.83375, 18.05325], [73.83403, 18.05141], [73.83332, 18.05066], [73.83182, 18.05041], [73.83065, 18.04882], [73.82904, 18.04804], [73.82856, 18.04644], [73.82527, 18.04513], [73.82452, 18.04279], [73.82609, 18.0386], [73.82294, 18.03668], [73.82227, 18.03444], [73.82018, 18.03356], [73.81779, 18.03471], [73.81483, 18.03445], [73.81372, 18.03483], [73.81454, 18.03954], [73.81659, 18.04459], [73.81588, 18.04562], [73.81912, 18.04901], [73.82017, 18.05163], [73.82585, 18.05247], [73.83064, 18.05391], [73.83119, 18.05205], [73.83167, 18.05203], [73.83295, 18.05251], [73.83375, 18.0535], [73.83373, 18.05474], [73.83439, 18.05354]]]}, "properties": {"panchayat_id": "IND.20.26.2_1__gp185609", "name": "Varodi Bk.", "unit_type": "gram_panchayat", "area_km2": 2.199, "centroid_lat": 18.04401, "centroid_lon": 73.82217, "terrain": {"elevation_m": 869.3244040855457, "slope_deg": 5.833882284790382, "monsoon_exposure": -0.06821768276463762, "ruggedness_m": 159.1489901693757, "roughness_m": 103.75060040143957, "local_relief_m": 438.5065110703306, "distance_to_coast_km": 79.89611864491225, "upwind_barrier_m": 440.9956614007474, "downwind_rise_m": 173.79794797470186, "upwind_max_elev_m": 1310.320065486293}, "block_id": "IND.20.26.2_1", "block_name": "Bhor", "district": "Pune"}}, {"type": "Feature", "geometry": {"type": "Polygon", "coordinates": [[[73.83332, 18.05066], [73.83305, 18.04959], [73.83395, 18.04824], [73.83424, 18.04593], [73.83381, 18.04492], [73.83436, 18.04412], [73.83334, 18.03999], [73.82992, 18.03665], [73.83059, 18.03494], [73.83098, 18.03049], [73.82855, 18.02932], [73.82641, 18.02931], [73.82385, 18.03009], [73.82282, 18.03192], [73.82307, 18.03422], [73.82227, 18.03444], [73.82294, 18.03668], [73.82609, 18.0386], [73.82452, 18.04279], [73.82527, 18.04513], [73.82856, 18.04644], [73.82904, 18.04804], [73.83065, 18.04882], [73.83182, 18.05041], [73.83332, 18.05066]]]}, "properties": {"panchayat_id": "IND.20.26.2_1__gp185610", "name": "Varodi Daymukh", "unit_type": "gram_panchayat", "area_km2": 1.643, "centroid_lat": 18.0393, "centroid_lon": 73.82857, "terrain": {"elevation_m": 959.0470030646894, "slope_deg": 8.307155364954083, "monsoon_exposure": -0.06957232725987862, "ruggedness_m": 186.16138483425524, "roughness_m": 111.08565778860407, "local_relief_m": 534.7365194540416, "distance_to_coast_km": 80.34535670998348, "upwind_barrier_m": 398.1321914854153, "downwind_rise_m": 0.0, "upwind_max_elev_m": 1357.1791945501047}, "block_id": "IND.20.26.2_1", "block_name": "Bhor", "district": "Pune"}}, {"type": "Feature", "geometry": {"type": "Polygon", "coordinates": [[[73.84095, 18.04932], [73.841, 18.0468], [73.84271, 18.04423], [73.84307, 18.04209], [73.84441, 18.03942], [73.84473, 18.03637], [73.844, 18.0346], [73.84299, 18.03428], [73.84031, 18.03089], [73.83907, 18.03032], [73.83701, 18.03203], [73.83634, 18.03163], [73.83544, 18.03189], [73.83419, 18.03038], [73.83216, 18.03082], [73.83098, 18.03049], [73.83059, 18.03494], [73.82992, 18.03665], [73.83334, 18.03999], [73.83436, 18.04412], [73.83381, 18.04492], [73.83424, 18.04593], [73.83395, 18.04824], [73.83305, 18.04959], [73.83403, 18.05141], [73.83375, 18.05325], [73.83468, 18.05326], [73.83586, 18.05113], [73.84095, 18.04932]]]}, "properties": {"panchayat_id": "IND.20.26.2_1__gp185611", "name": "Varodi Kh.", "unit_type": "gram_panchayat", "area_km2": 2.302, "centroid_lat": 18.03984, "centroid_lon": 73.83743, "terrain": {"elevation_m": 873.8326334924648, "slope_deg": 12.003428411042574, "monsoon_exposure": 0.0007776838060128692, "ruggedness_m": 237.80124325741656, "roughness_m": 142.67004822767956, "local_relief_m": 547.4291656477224, "distance_to_coast_km": 81.23480900933872, "upwind_barrier_m": 411.88111240424473, "downwind_rise_m": 304.4136899398793, "upwind_max_elev_m": 1285.7137458967095}, "block_id": "IND.20.26.2_1", "block_name": "Bhor", "district": "Pune"}}, {"type": "Feature", "geometry": {"type": "Polygon", "coordinates": [[[73.65671, 18.11185], [73.66033, 18.1112], [73.66205, 18.10673], [73.66379, 18.10682], [73.6653, 18.10526], [73.66786, 18.10546], [73.66768, 18.1042], [73.66841, 18.10208], [73.66908, 18.10079], [73.6699, 18.10071], [73.67084, 18.09847], [73.66846, 18.09845], [73.66518, 18.09767], [73.66376, 18.09561], [73.66169, 18.09551], [73.66019, 18.09429], [73.65721, 18.09572], [73.65689, 18.09379], [73.65557, 18.09224], [73.65371, 18.09265], [73.6527, 18.09545], [73.65193, 18.09569], [73.65017, 18.09564], [73.64888, 18.09411], [73.64727, 18.09461], [73.64469, 18.0936], [73.64333, 18.09193], [73.64239, 18.09195], [73.64121, 18.09284], [73.64108, 18.09341], [73.64223, 18.09435], [73.64165, 18.09867], [73.63954, 18.10417], [73.63941, 18.10565], [73.63723, 18.10961], [73.63889, 18.11134], [73.63998, 18.1114], [73.64092, 18.11331], [73.6404, 18.11705], [73.64182, 18.11918], [73.64278, 18.12206], [73.64458, 18.12327], [73.64621, 18.12547], [73.64855, 18.13053], [73.65476, 18.13401], [73.65539, 18.13237], [73.65531, 18.13069], [73.6563, 18.12791], [73.65691, 18.12752], [73.65754, 18.12202], [73.65804, 18.12134], [73.65767, 18.11945], [73.65813, 18.11493], [73.65526, 18.1134], [73.65538, 18.11277], [73.65671, 18.11185]]]}, "properties": {"panchayat_id": "IND.20.26.2_1__gp185612", "name": "Varavand", "unit_type": "gram_panchayat", "area_km2": 8.085, "centroid_lat": 18.10954, "centroid_lon": 73.6517, "terrain": {"elevation_m": 771.6444981599161, "slope_deg": 7.337775656967304, "monsoon_exposure": -0.10804006973819431, "ruggedness_m": 79.22806376683849, "roughness_m": 66.64825097334838, "local_relief_m": 255.4990661078068, "distance_to_coast_km": 61.37252765505827, "upwind_barrier_m": 53.01911700673088, "downwind_rise_m": 144.39531731668467, "upwind_max_elev_m": 824.663615166647}, "block_id": "IND.20.26.2_1", "block_name": "Bhor", "district": "Pune"}}, {"type": "Feature", "geometry": {"type": "Polygon", "coordinates": [[[73.79735, 18.13246], [73.79659, 18.13164], [73.79493, 18.12743], [73.79156, 18.12538], [73.78945, 18.12332], [73.78928, 18.12139], [73.79057, 18.11899], [73.78968, 18.11809], [73.78848, 18.11798], [73.78778, 18.11895], [73.78584, 18.11918], [73.78386, 18.12068], [73.77977, 18.12513], [73.77791, 18.12547], [73.77699, 18.12518], [73.775, 18.12607], [73.77277, 18.12813], [73.77133, 18.13111], [73.7748, 18.13056], [73.77695, 18.13122], [73.77747, 18.13223], [73.77877, 18.13271], [73.78118, 18.13277], [73.78222, 18.13377], [73.78433, 18.13373], [73.78603, 18.13233], [73.78842, 18.13325], [73.79139, 18.13149], [73.79499, 18.13212], [73.79551, 18.13296], [73.79641, 18.13318], [73.79735, 18.13246]]]}, "properties": {"panchayat_id": "IND.20.26.2_1__gp185613", "name": "Vatharhima", "unit_type": "gram_panchayat", "area_km2": 2.296, "centroid_lat": 18.12755, "centroid_lon": 73.78492, "terrain": {"elevation_m": 634.5228672888954, "slope_deg": 5.78291614041818, "monsoon_exposure": -0.09007125359423794, "ruggedness_m": 72.93008716164833, "roughness_m": 54.9878533061617, "local_relief_m": 202.46818577201338, "distance_to_coast_km": 74.85253293272692, "upwind_barrier_m": 132.17527583850256, "downwind_rise_m": 0.09552591121075693, "upwind_max_elev_m": 766.698143127398}, "block_id": "IND.20.26.2_1", "block_name": "Bhor", "district": "Pune"}}, {"type": "Feature", "geometry": {"type": "Polygon", "coordinates": [[[74.01918, 18.15209], [74.02249, 18.15162], [74.03459, 18.15124], [74.03346, 18.14666], [74.03238, 18.14488], [74.03117, 18.14076], [74.03065, 18.13746], [74.03065, 18.13236], [74.02841, 18.13188], [74.02761, 18.13305], [74.02213, 18.13703], [74.01866, 18.14095], [74.01553, 18.14307], [74.01637, 18.14374], [74.01918, 18.15209]]]}, "properties": {"panchayat_id": "IND.20.26.2_1__gp185614", "name": "Vathar Kh.", "unit_type": "gram_panchayat", "area_km2": 2.658, "centroid_lat": 18.14383, "centroid_lon": 74.02558, "terrain": {"elevation_m": 588.2570199265722, "slope_deg": 0.7277501565374296, "monsoon_exposure": 0.010250648794233801, "ruggedness_m": 10.11826800419456, "roughness_m": 7.135749601881229, "local_relief_m": 22.26028350308229, "distance_to_coast_km": 99.59914635520263, "upwind_barrier_m": 511.9085395885397, "downwind_rise_m": 66.54804229976935, "upwind_max_elev_m": 1100.165559515112}, "block_id": "IND.20.26.2_1", "block_name": "Bhor", "district": "Pune"}}, {"type": "Feature", "geometry": {"type": "Polygon", "coordinates": [[[73.85555, 18.16475], [73.85861, 18.16262], [73.85866, 18.16209], [73.86338, 18.16365], [73.86456, 18.16325], [73.8674, 18.16165], [73.871, 18.15847], [73.87286, 18.15777], [73.88125, 18.15833], [73.88248, 18.15879], [73.88544, 18.15634], [73.88509, 18.15506], [73.87876, 18.15174], [73.87737, 18.14864], [73.87671, 18.14811], [73.87464, 18.14742], [73.87345, 18.14762], [73.87179, 18.14891], [73.87105, 18.15242], [73.87034, 18.15338], [73.86777, 18.15439], [73.85974, 18.15508], [73.85445, 18.15916], [73.85341, 18.16122], [73.85555, 18.16475]]]}, "properties": {"panchayat_id": "IND.20.26.2_1__gp185615", "name": "Yevali", "unit_type": "gram_panchayat", "area_km2": 2.553, "centroid_lat": 18.15657, "centroid_lon": 73.8693, "terrain": {"elevation_m": 605.2695650907699, "slope_deg": 0.4702049760635015, "monsoon_exposure": 0.007956210974183593, "ruggedness_m": 10.020733006909488, "roughness_m": 13.771356284613976, "local_relief_m": 30.00924504154773, "distance_to_coast_km": 83.24339521433839, "upwind_barrier_m": 275.18825202025187, "downwind_rise_m": 148.81294518644154, "upwind_max_elev_m": 880.4578171110218}, "block_id": "IND.20.26.2_1", "block_name": "Bhor", "district": "Pune"}}, {"type": "Feature", "geometry": {"type": "Polygon", "coordinates": [[[73.86677, 18.1757], [73.8634, 18.16559], [73.85861, 18.16262], [73.85555, 18.16475], [73.85303, 18.16547], [73.8509, 18.16768], [73.84931, 18.1677], [73.84731, 18.16878], [73.84799, 18.16992], [73.84761, 18.1756], [73.85153, 18.17774], [73.85298, 18.17813], [73.85655, 18.17725], [73.86125, 18.17474], [73.86436, 18.17577], [73.86677, 18.1757]]]}, "properties": {"panchayat_id": "IND.20.26.2_1__gp189371", "name": "Bhatghar", "unit_type": "gram_panchayat", "area_km2": 2.212, "centroid_lat": 18.17104, "centroid_lon": 73.85657, "terrain": {"elevation_m": 584.4270076454509, "slope_deg": 0.6898953424328302, "monsoon_exposure": -0.011968622229324202, "ruggedness_m": 31.837997741052057, "roughness_m": 31.220617884005215, "local_relief_m": 49.208643182940136, "distance_to_coast_km": 81.78989625861246, "upwind_barrier_m": 252.40125513908185, "downwind_rise_m": 279.2088481051069, "upwind_max_elev_m": 836.8282627845327}, "block_id": "IND.20.26.2_1", "block_name": "Bhor", "district": "Pune"}}, {"type": "Feature", "geometry": {"type": "Polygon", "coordinates": [[[73.90061, 18.16219], [73.9021, 18.15957], [73.905, 18.15914], [73.90497, 18.15653], [73.9054, 18.15636], [73.905, 18.15502], [73.90567, 18.15482], [73.90512, 18.15453], [73.9052, 18.15376], [73.90402, 18.15345], [73.904, 18.15058], [73.90503, 18.14803], [73.90524, 18.1455], [73.906, 18.14496], [73.9086, 18.14629], [73.90872, 18.14403], [73.90836, 18.14339], [73.90714, 18.14311], [73.90658, 18.14099], [73.90515, 18.14045], [73.9054, 18.13851], [73.90588, 18.13798], [73.90519, 18.13733], [73.90511, 18.13622], [73.90153, 18.13701], [73.89611, 18.13948], [73.89334, 18.14446], [73.89065, 18.14786], [73.88878, 18.15418], [73.88829, 18.15398], [73.88083, 18.16015], [73.87819, 18.16372], [73.87438, 18.16449], [73.87303, 18.16635], [73.87385, 18.16723], [73.87426, 18.16711], [73.87512, 18.17318], [73.87342, 18.17464], [73.87584, 18.17508], [73.87993, 18.17313], [73.88308, 18.17269], [73.88573, 18.17398], [73.88723, 18.17565], [73.88974, 18.18008], [73.89182, 18.18185], [73.89386, 18.18264], [73.89483, 18.18228], [73.89683, 18.18002], [73.89757, 18.17538], [73.89898, 18.17254], [73.90062, 18.16542], [73.90061, 18.16219]]]}, "properties": {"panchayat_id": "IND.20.26.2_1__gp189406", "name": "Rajewadi", "unit_type": "gram_panchayat", "area_km2": 8.439, "centroid_lat": 18.1604, "centroid_lon": 73.89266, "terrain": {"elevation_m": 610.0182506287771, "slope_deg": 0.3437960049502447, "monsoon_exposure": -0.0059476042978847685, "ruggedness_m": 16.254808940083798, "roughness_m": 15.495901799181814, "local_relief_m": 35.04496113339724, "distance_to_coast_km": 85.63312113425211, "upwind_barrier_m": 330.6792311325021, "downwind_rise_m": 118.57459529870084, "upwind_max_elev_m": 940.6974817612792}, "block_id": "IND.20.26.2_1", "block_name": "Bhor", "district": "Pune"}}, {"type": "Feature", "geometry": {"type": "Polygon", "coordinates": [[[73.81478, 18.17037], [73.81575, 18.16915], [73.81683, 18.17075], [73.82097, 18.16838], [73.82401, 18.16739], [73.82758, 18.16822], [73.82938, 18.16755], [73.83151, 18.16751], [73.83368, 18.16307], [73.83555, 18.1565], [73.83613, 18.15613], [73.83458, 18.15485], [73.8332, 18.15221], [73.83107, 18.15182], [73.82809, 18.15237], [73.82685, 18.15614], [73.82574, 18.15753], [73.82445, 18.15824], [73.82246, 18.15829], [73.81617, 18.15702], [73.81499, 18.1612], [73.81478, 18.17037]]]}, "properties": {"panchayat_id": "IND.20.26.2_1__gp299221", "name": "Kivat", "unit_type": "gram_panchayat", "area_km2": 2.705, "centroid_lat": 18.16165, "centroid_lon": 73.8252, "terrain": {"elevation_m": 609.736545571734, "slope_deg": 1.055402126712289, "monsoon_exposure": 0.006956759283921519, "ruggedness_m": 51.84566012424841, "roughness_m": 41.55373134387336, "local_relief_m": 142.25126742056102, "distance_to_coast_km": 78.61278962070573, "upwind_barrier_m": 295.36613951627646, "downwind_rise_m": 91.8737620975329, "upwind_max_elev_m": 905.1026850880105}, "block_id": "IND.20.26.2_1", "block_name": "Bhor", "district": "Pune"}}, {"type": "Feature", "geometry": {"type": "MultiPolygon", "coordinates": [[[[73.92191, 18.17934], [73.9227, 18.1785], [73.92291, 18.17621], [73.92182, 18.17607], [73.92155, 18.17843], [73.92191, 18.17934]]], [[[73.76845, 18.22503], [73.77127, 18.22586], [73.77174, 18.22543], [73.77122, 18.22366], [73.7726, 18.22276], [73.7723, 18.22195], [73.77264, 18.22107], [73.77421, 18.22077], [73.77335, 18.2195], [73.77349, 18.21867], [73.77497, 18.21697], [73.77511, 18.21623], [73.77413, 18.21562], [73.77443, 18.21497], [73.77721, 18.21561], [73.77774, 18.2148], [73.7759, 18.21233], [73.77629, 18.21131], [73.77927, 18.21098], [73.78019, 18.21289], [73.78206, 18.2119], [73.78238, 18.21106], [73.78493, 18.21084], [73.78408, 18.21384], [73.7844, 18.21414], [73.78662, 18.21312], [73.78716, 18.21617], [73.78773, 18.2168], [73.78996, 18.2161], [73.79086, 18.21474], [73.79216, 18.21647], [73.79249, 18.21589], [73.79339, 18.21621], [73.79421, 18.21521], [73.79378, 18.21489], [73.79401, 18.2144], [73.79455, 18.21445], [73.79403, 18.21384], [73.79423, 18.21283], [73.79492, 18.21269], [73.7969, 18.21012], [73.79767, 18.21317], [73.79918, 18.21382], [73.80223, 18.21827], [73.80365, 18.21936], [73.80642, 18.22572], [73.81167, 18.23163], [73.81178, 18.23226], [73.81282, 18.23023], [73.81425, 18.2293], [73.80982, 18.2241], [73.80918, 18.22386], [73.80836, 18.22154], [73.80796, 18.2215], [73.80759, 18.21947], [73.8059, 18.2183], [73.80573, 18.21647], [73.80088, 18.21094], [73.80126, 18.20875], [73.80407, 18.20831], [73.80439, 18.2077], [73.80619, 18.2069], [73.80747, 18.20684], [73.80767, 18.20768], [73.80894, 18.20674], [73.80968, 18.20716], [73.80947, 18.20524], [73.81004, 18.20479], [73.81074, 18.20491], [73.81204, 18.20633], [73.81169, 18.20718], [73.8125, 18.20818], [73.81231, 18.20874], [73.81279, 18.20955], [73.81331, 18.20962], [73.81282, 18.20902], [73.81418, 18.20345], [73.81474, 18.20274], [73.81626, 18.20205], [73.81862, 18.20194], [73.81931, 18.19992], [73.82073, 18.19964], [73.82228, 18.20005], [73.8228, 18.19937], [73.82263, 18.19795], [73.82389, 18.19729], [73.82542, 18.19745], [73.82628, 18.1963], [73.8279, 18.19593], [73.82829, 18.19458], [73.82932, 18.19362], [73.83131, 18.19484], [73.83202, 18.19588], [73.83269, 18.19595], [73.83281, 18.19378], [73.834, 18.19169], [73.83502, 18.19082], [73.83653, 18.19145], [73.83782, 18.19019], [73.83842, 18.19036], [73.83873, 18.19123], [73.8396, 18.19092], [73.84083, 18.18877], [73.84159, 18.18908], [73.84234, 18.18815], [73.84153, 18.18753], [73.84145, 18.18677], [73.84182, 18.18623], [73.84361, 18.18615], [73.84415, 18.1833], [73.84482, 18.18272], [73.84583, 18.18325], [73.8468, 18.18481], [73.84785, 18.18426], [73.84862, 18.18466], [73.8489, 18.18599], [73.85011, 18.1861], [73.85128, 18.18708], [73.85131, 18.18763], [73.85072, 18.1878], [73.85177, 18.1885], [73.8523, 18.18977], [73.85201, 18.19158], [73.85228, 18.19216], [73.85219, 18.19167], [73.85306, 18.19136], [73.85308, 18.18985], [73.85186, 18.18767], [73.85215, 18.18735], [73.85305, 18.18808], [73.85287, 18.18708], [73.85361, 18.18558], [73.85442, 18.18565], [73.85541, 18.18665], [73.85687, 18.18578], [73.85718, 18.18601], [73.85763, 18.18684], [73.85753, 18.18804], [73.85814, 18.18817], [73.85848, 18.18927], [73.85979, 18.18694], [73.86167, 18.1879], [73.86136, 18.1863], [73.8618, 18.18587], [73.86272, 18.18627], [73.86337, 18.18733], [73.86341, 18.18858], [73.86418, 18.18765], [73.86491, 18.18755], [73.86555, 18.18823], [73.8661, 18.18802], [73.86632, 18.18502], [73.86702, 18.18499], [73.86843, 18.18285], [73.869, 18.18351], [73.87097, 18.18146], [73.87151, 18.18012], [73.87162, 18.17383], [73.86961, 18.17392], [73.86751, 18.176], [73.86436, 18.17577], [73.86125, 18.17474], [73.85655, 18.17725], [73.85298, 18.17813], [73.84761, 18.1756], [73.84777, 18.17317], [73.84713, 18.17238], [73.84474, 18.17199], [73.84403, 18.17105], [73.84176, 18.17294], [73.8402, 18.17274], [73.83966, 18.17495], [73.83822, 18.17465], [73.83827, 18.1751], [73.83653, 18.17569], [73.83708, 18.17798], [73.83627, 18.17856], [73.83527, 18.17869], [73.8336, 18.17796], [73.83188, 18.17614], [73.83182, 18.178], [73.831, 18.17894], [73.83288, 18.18126], [73.83313, 18.1822], [73.83251, 18.18307], [73.8311, 18.18271], [73.83009, 18.18298], [73.82922, 18.18444], [73.82567, 18.18547], [73.8252, 18.18504], [73.82437, 18.18656], [73.82361, 18.18685], [73.8226, 18.1854], [73.82188, 18.18531], [73.82102, 18.18427], [73.82011, 18.18589], [73.82072, 18.1865], [73.82085, 18.18804], [73.82178, 18.19007], [73.82136, 18.19111], [73.81888, 18.1905], [73.81756, 18.19102], [73.81707, 18.19237], [73.81594, 18.19266], [73.8142, 18.19162], [73.81376, 18.19284], [73.81277, 18.19321], [73.81291, 18.19436], [73.81157, 18.19559], [73.80816, 18.19443], [73.80862, 18.19745], [73.80647, 18.19893], [73.80516, 18.20125], [73.80271, 18.20057], [73.80177, 18.20182], [73.80064, 18.20195], [73.79874, 18.2008], [73.79847, 18.19827], [73.79804, 18.19757], [73.7982, 18.19816], [73.796, 18.20279], [73.7941, 18.20361], [73.79285, 18.20284], [73.79099, 18.20311], [73.79168, 18.20082], [73.78952, 18.2011], [73.7886, 18.1987], [73.78782, 18.19903], [73.78634, 18.19872], [73.78554, 18.1976], [73.78585, 18.19609], [73.7842, 18.19629], [73.78261, 18.19559], [73.78176, 18.19427], [73.78285, 18.19261], [73.78262, 18.1918], [73.78326, 18.19211], [73.78373, 18.1909], [73.78501, 18.19113], [73.78492, 18.19038], [73.7831, 18.19093], [73.7831, 18.19133], [73.78229, 18.19108], [73.78194, 18.19238], [73.7809, 18.19313], [73.78067, 18.19246], [73.77971, 18.1921], [73.78063, 18.19434], [73.78015, 18.19587], [73.78091, 18.19597], [73.78162, 18.19706], [73.78069, 18.19796], [73.78173, 18.19821], [73.78344, 18.20025], [73.78305, 18.20106], [73.78488, 18.20172], [73.7858, 18.20357], [73.7851, 18.20435], [73.78335, 18.20488], [73.77935, 18.20443], [73.77764, 18.20594], [73.7762, 18.20626], [73.77636, 18.20739], [73.77554, 18.2071], [73.77474, 18.20831], [73.77405, 18.2081], [73.77255, 18.20873], [73.77311, 18.20996], [73.77239, 18.21081], [73.77118, 18.21074], [73.77004, 18.21427], [73.76947, 18.21441], [73.76779, 18.21337], [73.76887, 18.2155], [73.7687, 18.21594], [73.76684, 18.21574], [73.76866, 18.21752], [73.76912, 18.21889], [73.76845, 18.21952], [73.7674, 18.21959], [73.76578, 18.21881], [73.76575, 18.21971], [73.76687, 18.22093], [73.76577, 18.22215], [73.76427, 18.22252], [73.76337, 18.22191], [73.76244, 18.22334], [73.76159, 18.22267], [73.76049, 18.22428], [73.75893, 18.2248], [73.75814, 18.22356], [73.75552, 18.22427], [73.75382, 18.2239], [73.75516, 18.22102], [73.75391, 18.22045], [73.75306, 18.22024], [73.75186, 18.22206], [73.75089, 18.2214], [73.75027, 18.22248], [73.74901, 18.2225], [73.74712, 18.22028], [73.74541, 18.22084], [73.74474, 18.21977], [73.74273, 18.21857], [73.74361, 18.21716], [73.74393, 18.21561], [73.74359, 18.2151], [73.74229, 18.21646], [73.74126, 18.21674], [73.74002, 18.21519], [73.73769, 18.214], [73.73381, 18.21432], [73.73355, 18.21296], [73.73231, 18.2142], [73.73156, 18.21421], [73.73078, 18.21365], [73.7307, 18.21235], [73.72835, 18.21206], [73.72821, 18.21132], [73.72605, 18.21093], [73.72584, 18.21028], [73.71841, 18.20981], [73.71587, 18.20696], [73.71596, 18.2055], [73.7155, 18.20518], [73.71445, 18.20145], [73.71198, 18.20084], [73.7086, 18.20099], [73.70736, 18.19906], [73.70786, 18.19798], [73.70575, 18.1987], [73.70546, 18.19748], [73.70654, 18.19711], [73.70593, 18.19648], [73.70681, 18.1965], [73.70454, 18.19498], [73.70197, 18.19567], [73.70191, 18.19941], [73.70255, 18.20003], [73.70168, 18.20117], [73.70352, 18.20142], [73.70399, 18.20236], [73.70323, 18.20345], [73.70363, 18.20409], [73.70504, 18.20389], [73.70602, 18.20535], [73.70668, 18.20551], [73.70676, 18.20653], [73.70586, 18.20665], [73.70526, 18.20607], [73.70497, 18.20772], [73.70414, 18.20815], [73.70402, 18.20889], [73.702, 18.2094], [73.70159, 18.21118], [73.69891, 18.21147], [73.69763, 18.21234], [73.69612, 18.21249], [73.69681, 18.21358], [73.69817, 18.21374], [73.69971, 18.21304], [73.70075, 18.21382], [73.70204, 18.21278], [73.70292, 18.21281], [73.70392, 18.21472], [73.704, 18.21101], [73.70542, 18.21097], [73.70566, 18.21171], [73.70698, 18.21151], [73.70651, 18.20995], [73.70706, 18.20931], [73.70876, 18.20948], [73.70971, 18.20835], [73.71083, 18.20863], [73.71128, 18.20778], [73.71077, 18.20629], [73.71167, 18.20542], [73.71122, 18.20422], [73.71201, 18.20403], [73.71247, 18.20477], [73.71168, 18.20591], [73.71185, 18.20683], [73.71252, 18.20716], [73.71424, 18.20638], [73.71509, 18.20836], [73.71494, 18.20981], [73.71565, 18.20995], [73.71527, 18.21095], [73.71683, 18.21151], [73.71784, 18.21291], [73.71874, 18.2126], [73.71966, 18.21296], [73.71985, 18.21396], [73.72037, 18.21393], [73.72082, 18.21246], [73.72276, 18.21311], [73.72314, 18.21256], [73.7242, 18.21257], [73.72436, 18.2136], [73.72608, 18.21381], [73.72645, 18.21555], [73.72756, 18.21442], [73.7293, 18.21563], [73.72973, 18.21718], [73.72906, 18.2178], [73.73015, 18.2193], [73.7306, 18.21929], [73.73085, 18.21813], [73.73201, 18.21842], [73.73195, 18.21763], [73.7333, 18.2179], [73.73402, 18.21894], [73.73463, 18.21849], [73.7352, 18.21893], [73.73538, 18.21818], [73.73612, 18.21803], [73.73612, 18.21938], [73.73418, 18.22107], [73.7345, 18.22133], [73.73551, 18.22079], [73.73655, 18.22146], [73.73593, 18.22379], [73.73522, 18.22422], [73.7361, 18.22425], [73.73692, 18.2231], [73.73845, 18.22238], [73.7393, 18.22359], [73.73887, 18.22595], [73.73935, 18.22604], [73.74184, 18.22243], [73.7423, 18.22448], [73.74235, 18.22908], [73.74248, 18.22767], [73.74398, 18.22606], [73.74496, 18.22694], [73.74507, 18.22782], [73.74603, 18.22734], [73.7472, 18.22806], [73.74758, 18.22936], [73.7487, 18.2284], [73.75124, 18.22795], [73.75187, 18.2282], [73.7525, 18.23002], [73.75339, 18.2297], [73.75447, 18.23009], [73.75583, 18.23173], [73.7572, 18.23097], [73.7583, 18.22939], [73.75985, 18.22988], [73.76222, 18.23226], [73.76412, 18.22959], [73.76423, 18.23066], [73.76478, 18.23136], [73.76535, 18.23122], [73.76671, 18.2287], [73.76759, 18.22853], [73.76789, 18.22772], [73.76757, 18.22781], [73.76722, 18.22685], [73.76845, 18.22503]]], [[[73.83838, 18.21782], [73.83951, 18.21631], [73.84104, 18.21531], [73.84433, 18.2148], [73.84623, 18.21421], [73.84094, 18.2149], [73.8373, 18.21765], [73.83808, 18.21727], [73.83838, 18.21782]]], [[[73.70033, 18.23947], [73.70092, 18.23382], [73.69878, 18.22908], [73.69787, 18.22872], [73.69589, 18.22983], [73.69577, 18.23231], [73.69468, 18.23327], [73.6935, 18.2325], [73.69252, 18.2333], [73.69227, 18.23143], [73.68995, 18.22812], [73.68833, 18.22847], [73.68677, 18.22951], [73.68638, 18.23036], [73.68562, 18.22965], [73.68562, 18.22856], [73.68499, 18.22818], [73.68418, 18.22579], [73.6831, 18.22557], [73.6814, 18.22747], [73.68138, 18.22966], [73.68031, 18.23227], [73.67888, 18.23355], [73.67827, 18.23113], [73.67686, 18.23006], [73.6735, 18.23027], [73.67421, 18.22675], [73.66726, 18.22477], [73.66632, 18.22548], [73.66578, 18.22733], [73.66311, 18.22781], [73.66164, 18.23053], [73.66241, 18.23359], [73.66167, 18.24244], [73.66111, 18.24427], [73.67424, 18.23982], [73.68668, 18.23849], [73.70033, 18.23947]]], [[[73.8333, 18.34677], [73.83597, 18.343], [73.83632, 18.34164], [73.84069, 18.34031], [73.84143, 18.33954], [73.84264, 18.33922], [73.84312, 18.33853], [73.84278, 18.33735], [73.84395, 18.33742], [73.84474, 18.33591], [73.84545, 18.33575], [73.84578, 18.33441], [73.84639, 18.33411], [73.84551, 18.33301], [73.84712, 18.33159], [73.84792, 18.32944], [73.84782, 18.32689], [73.84875, 18.32383], [73.84851, 18.3232], [73.84928, 18.32181], [73.84927, 18.32081], [73.84835, 18.31961], [73.8458, 18.31922], [73.84402, 18.32222], [73.84365, 18.32404], [73.84182, 18.32496], [73.84149, 18.32712], [73.84084, 18.32822], [73.8415, 18.32902], [73.8411, 18.33009], [73.83996, 18.3306], [73.83955, 18.33139], [73.84006, 18.33209], [73.83921, 18.33372], [73.83317, 18.33822], [73.83189, 18.33787], [73.83227, 18.33955], [73.83156, 18.34045], [73.83178, 18.34285], [73.83233, 18.34322], [73.83148, 18.34385], [73.83104, 18.34695], [73.8333, 18.34677]]]]}, "properties": {"panchayat_id": "IND.20.26.2_1__pch000", "name": "", "unit_type": "village_cluster", "area_km2": 26.002, "centroid_lat": 18.2176, "centroid_lon": 73.77807, "terrain": {"elevation_m": 609.0016218121887, "slope_deg": 1.8536690948811243, "monsoon_exposure": 0.01358398993106186, "ruggedness_m": 48.25670011980778, "roughness_m": 45.17370265737161, "local_relief_m": 98.50842556528823, "distance_to_coast_km": 73.39167698167256, "upwind_barrier_m": 170.76648379842277, "downwind_rise_m": 335.15377010691043, "upwind_max_elev_m": 779.7681056106114}, "block_id": "IND.20.26.2_1", "block_name": "Bhor", "district": "Pune"}}, {"type": "Feature", "geometry": {"type": "MultiPolygon", "coordinates": [[[[73.80149, 18.02741], [73.79885, 18.02408], [73.79667, 18.02399], [73.79592, 18.02355], [73.79455, 18.02402], [73.79191, 18.02047], [73.78997, 18.02255], [73.78671, 18.02265], [73.78163, 18.02621], [73.77776, 18.02456], [73.77658, 18.02485], [73.77477, 18.0275], [73.77527, 18.0278], [73.77523, 18.0284], [73.77568, 18.02821], [73.77756, 18.02558], [73.78224, 18.02681], [73.78147, 18.02932], [73.77974, 18.03027], [73.77879, 18.03392], [73.78006, 18.03147], [73.78106, 18.03131], [73.78088, 18.03296], [73.78189, 18.03456], [73.78296, 18.03574], [73.78489, 18.03583], [73.78515, 18.03513], [73.78448, 18.03386], [73.78758, 18.0328], [73.78689, 18.03243], [73.78652, 18.03088], [73.78775, 18.02887], [73.79064, 18.02819], [73.79406, 18.02936], [73.79556, 18.02786], [73.79777, 18.02954], [73.7981, 18.03085], [73.80273, 18.02815], [73.80149, 18.02741]]], [[[73.79954, 18.03827], [73.7965, 18.03825], [73.79673, 18.03983], [73.79553, 18.04052], [73.7963, 18.04051], [73.79691, 18.04119], [73.79915, 18.04067], [73.79954, 18.03827]]], [[[73.78853, 18.0853], [73.79134, 18.08469], [73.79134, 18.08439], [73.788, 18.08353], [73.78739, 18.08496], [73.78853, 18.0853]]], [[[73.6287, 18.09071], [73.62898, 18.08802], [73.62828, 18.08626], [73.62963, 18.08419], [73.63022, 18.08198], [73.63005, 18.07939], [73.625, 18.07809], [73.62094, 18.07782], [73.61748, 18.08047], [73.61541, 18.08146], [73.61408, 18.08271], [73.61213, 18.08635], [73.61067, 18.0875], [73.61114, 18.08877], [73.61477, 18.08888], [73.61493, 18.08943], [73.61576, 18.08964], [73.61586, 18.09079], [73.61949, 18.09143], [73.62088, 18.09081], [73.62112, 18.09193], [73.6222, 18.09213], [73.62272, 18.09342], [73.62343, 18.09266], [73.62515, 18.09273], [73.62666, 18.09491], [73.62902, 18.09321], [73.6287, 18.09071]]], [[[73.75926, 18.10149], [73.759, 18.10057], [73.75692, 18.09978], [73.75632, 18.0982], [73.7564, 18.09696], [73.75472, 18.09595], [73.75335, 18.09575], [73.75541, 18.09855], [73.75499, 18.09981], [73.75572, 18.10181], [73.75811, 18.10312], [73.75927, 18.10266], [73.75894, 18.10182], [73.75926, 18.10149]]], [[[73.76134, 18.11637], [73.76084, 18.117], [73.76187, 18.11686], [73.76242, 18.11738], [73.7626, 18.11672], [73.76145, 18.11673], [73.76134, 18.11637]]], [[[73.76127, 18.12096], [73.75993, 18.12103], [73.75968, 18.12193], [73.76018, 18.12233], [73.76014, 18.12335], [73.76246, 18.12371], [73.76127, 18.12096]]], [[[73.85072, 18.13398], [73.85154, 18.13607], [73.85162, 18.13785], [73.85275, 18.1369], [73.85243, 18.13667], [73.85191, 18.13719], [73.85147, 18.13372], [73.85064, 18.13339], [73.85054, 18.13246], [73.8496, 18.1327], [73.84931, 18.13201], [73.84885, 18.13225], [73.85072, 18.13398]]], [[[73.77988, 18.17001], [73.78051, 18.16761], [73.78114, 18.16724], [73.7808, 18.16659], [73.78121, 18.16617], [73.78104, 18.16539], [73.78048, 18.16508], [73.78164, 18.16243], [73.78212, 18.15901], [73.78158, 18.15886], [73.78266, 18.15818], [73.78323, 18.15638], [73.78509, 18.15602], [73.78464, 18.15552], [73.78618, 18.15437], [73.78703, 18.1511], [73.7879, 18.15077], [73.78555, 18.15013], [73.78483, 18.15042], [73.78275, 18.14955], [73.78185, 18.1506], [73.78056, 18.151], [73.77894, 18.15031], [73.77855, 18.15159], [73.77783, 18.15189], [73.77802, 18.15268], [73.77736, 18.15324], [73.77706, 18.15563], [73.77713, 18.16173], [73.77537, 18.16374], [73.7747, 18.16637], [73.77186, 18.1695], [73.7717, 18.17259], [73.77376, 18.17271], [73.77474, 18.17391], [73.77672, 18.17399], [73.77789, 18.1753], [73.77773, 18.17243], [73.77988, 18.17001]]]]}, "properties": {"panchayat_id": "IND.20.26.2_1__pch001", "name": "", "unit_type": "village_cluster", "area_km2": 6.215, "centroid_lat": 18.09156, "centroid_lon": 73.72265, "terrain": {"elevation_m": 653.7594254666147, "slope_deg": 2.579586246705141, "monsoon_exposure": -0.012424776609735554, "ruggedness_m": 36.356307164100095, "roughness_m": 22.72801808153449, "local_relief_m": 106.94502283631982, "distance_to_coast_km": 69.00320853526765, "upwind_barrier_m": 268.5834495499431, "downwind_rise_m": 8.089310050878225, "upwind_max_elev_m": 922.3428750165579}, "block_id": "IND.20.26.2_1", "block_name": "Bhor", "district": "Pune"}}]}